Ship_Type,Ship_Size,Fuel_Level_tonnes,Ship_Load_%,Wind_Speed_knots,Precipitation_mm_hr,Wave_Height_m,Storm_Severity,Distance_to_Disaster_km,Adjusted_Speed_knots
Cargo,Medium,53.26,75.0,14.95,36.5,7.14,Medium,149.46,6.9
Tanker,Small,48.46,98.0,13.32,9.23,4.24,Low,47.41,5.0
Passenger,Small,45.06,89.0,7.05,17.33,4.29,Low,63.18,5.3
Cargo,Large,137.36,84.0,24.29,33.16,6.21,Medium,90.34,8.8
Container,Large,197.99,66.0,19.06,24.1,7.59,Medium,101.83,9.22
Cargo,Small,38.22,66.0,34.63,36.93,15.01,High,121.13,0.0
Container,Medium,87.4,62.0,1.28,48.06,2.95,Low,127.73,11.16
Passenger,Small,43.97,95.0,25.75,5.83,7.06,Medium,227.86,3.57
Tanker,Large,131.71,84.0,30.52,35.48,13.21,High,254.79,4.99
Tanker,Medium,58.59,88.0,30.38,11.52,7.3,Medium,154.44,6.66
Passenger,Small,25.56,61.0,35.44,20.72,10.75,Medium,453.65,4.68
Passenger,Small,48.06,99.0,29.16,1.64,13.44,Medium,276.57,3.33
Passenger,Small,48.59,93.0,37.11,6.8,18.15,High,393.74,1.13
Passenger,Medium,75.07,68.0,13.31,15.99,5.96,Medium,462.12,10.64
Cargo,Large,197.84,67.0,20.13,17.1,5.88,Medium,81.57,9.28
Cargo,Small,40.27,67.0,0.56,44.98,2.49,Low,213.94,6.76
Container,Large,162.88,72.0,0.28,37.09,1.89,Low,216.61,16.02
Passenger,Large,144.82,81.0,9.61,48.61,3.79,Medium,177.24,10.34
Tanker,Medium,85.03,77.0,4.03,29.95,2.97,Low,4.45,10.15
Container,Small,43.08,72.0,10.41,12.09,2.86,Low,407.99,8.83
Passenger,Small,36.08,84.0,7.08,16.38,4.22,Low,55.78,5.25
Container,Small,41.31,66.0,1.14,15.99,1.11,Low,497.74,10.29
Cargo,Large,138.71,72.0,36.37,16.32,10.7,Medium,386.48,11.05
Passenger,Medium,62.9,75.0,0.33,33.65,1.81,Low,290.01,13.23
Passenger,Medium,80.49,78.0,29.44,26.54,13.31,High,77.3,1.44
Passenger,Large,147.72,91.0,6.09,19.27,2.73,Low,257.7,16.41
Passenger,Medium,71.46,68.0,36.49,7.45,7.15,Medium,130.55,6.22
Container,Small,29.98,81.0,35.71,1.11,14.67,High,126.16,0.0
Tanker,Medium,87.96,84.0,26.16,10.94,6.52,Medium,414.76,9.57
Passenger,Large,188.76,62.0,26.89,5.37,4.84,Medium,190.32,10.37
Passenger,Small,49.4,84.0,0.21,39.27,2.04,Low,225.36,7.05
Cargo,Medium,69.92,67.0,39.39,5.62,5.65,Medium,421.48,9.17
Container,Small,46.07,63.0,35.11,36.21,18.96,High,43.9,0.0
Container,Small,48.42,98.0,35.8,19.28,13.6,High,297.31,0.44
Tanker,Medium,59.1,99.0,26.37,3.67,13.22,Medium,289.11,7.78
Tanker,Small,22.42,92.0,13.79,40.64,5.28,Medium,212.61,3.5
Passenger,Small,48.6,72.0,35.75,28.98,18.91,High,414.89,0.89
Container,Large,179.81,64.0,11.66,11.79,2.43,Low,471.45,18.45
Passenger,Medium,95.02,87.0,22.51,44.73,4.85,Medium,232.67,7.42
Cargo,Medium,97.14,78.0,3.99,2.26,0.56,Low,228.07,13.18
Passenger,Large,186.15,65.0,36.88,10.09,11.05,Medium,251.03,9.76
Cargo,Small,48.81,80.0,5.63,37.6,2.63,Low,361.56,8.12
Passenger,Large,188.79,61.0,9.0,35.47,4.52,Low,334.03,16.53
Passenger,Large,183.32,96.0,22.33,14.46,5.88,Medium,111.42,9.52
Tanker,Small,24.85,70.0,30.56,3.1,7.31,Medium,31.95,1.4
Passenger,Large,114.82,87.0,24.77,42.9,10.92,High,474.63,7.56
Container,Medium,61.47,72.0,9.29,15.68,2.32,Low,130.53,11.5
Passenger,Large,190.52,81.0,0.04,9.79,0.51,Low,319.3,17.74
Passenger,Large,145.34,82.0,30.29,25.8,11.37,High,414.22,6.97
Cargo,Medium,59.19,67.0,39.41,45.51,20.64,High,150.14,0.56
Tanker,Small,24.66,99.0,32.4,2.18,8.08,Medium,317.72,4.11
Container,Small,41.34,91.0,18.41,38.29,10.99,Medium,53.95,1.15
Container,Large,190.26,98.0,36.15,28.62,13.37,High,484.97,7.13
Tanker,Medium,69.91,96.0,16.39,21.27,9.08,Medium,29.08,5.74
Tanker,Medium,61.38,84.0,21.0,37.2,4.19,Medium,219.09,7.58
Passenger,Medium,58.05,97.0,19.09,48.29,9.88,Medium,268.41,7.38
Container,Large,167.08,64.0,17.9,11.46,8.21,Medium,395.24,12.41
Tanker,Large,167.38,68.0,31.01,7.18,4.12,Medium,60.56,8.9
Container,Medium,67.89,62.0,21.07,45.64,9.27,Medium,220.4,6.91
Cargo,Large,134.96,73.0,12.67,33.45,7.0,Medium,149.86,9.9
Cargo,Small,48.38,76.0,10.33,21.9,4.45,Low,156.01,5.96
Cargo,Small,37.46,71.0,1.51,28.66,1.62,Low,389.39,8.88
Cargo,Medium,85.66,93.0,23.33,37.28,10.67,Medium,2.73,4.65
Passenger,Large,148.91,74.0,9.2,38.65,3.08,Low,374.54,17.0
Cargo,Small,22.09,71.0,5.93,45.99,4.83,Medium,405.2,5.75
Passenger,Medium,79.29,82.0,26.15,21.34,4.13,Medium,450.68,9.96
Passenger,Large,168.97,66.0,27.25,14.67,4.96,Medium,313.44,11.38
Container,Medium,60.55,92.0,30.09,31.98,7.92,Medium,166.73,6.33
Passenger,Large,162.88,63.0,20.14,20.79,8.16,Medium,213.62,10.3
Container,Small,26.71,99.0,35.76,29.73,19.03,High,484.87,1.56
Passenger,Small,20.42,91.0,37.45,21.0,6.56,Medium,440.59,4.86
Cargo,Large,127.41,68.0,32.29,7.65,5.45,Medium,231.76,10.41
Passenger,Small,30.63,60.0,25.42,23.47,7.47,Medium,471.53,5.63
Tanker,Small,26.69,93.0,12.15,34.55,7.01,Medium,411.48,5.52
Tanker,Small,48.46,88.0,39.32,39.96,13.28,High,450.54,1.41
Tanker,Large,101.48,89.0,10.97,24.67,3.74,Low,341.49,16.8
Passenger,Large,123.24,91.0,8.11,8.26,3.04,Low,428.83,18.21
Container,Large,115.07,63.0,17.69,20.73,4.65,Medium,445.88,13.09
Passenger,Medium,82.8,74.0,2.27,39.31,2.56,Low,46.01,10.5
Tanker,Small,32.78,65.0,39.14,20.64,10.15,High,482.61,2.44
Container,Small,23.29,95.0,23.54,34.83,11.67,Medium,166.81,2.03
Container,Small,26.24,85.0,22.28,25.36,11.73,Medium,219.95,2.81
Tanker,Small,27.35,73.0,26.23,12.06,11.2,Medium,395.95,4.69
Container,Medium,69.11,63.0,19.88,39.81,7.47,Medium,332.45,8.39
Cargo,Small,33.53,72.0,1.28,4.21,0.6,Low,446.53,10.06
Passenger,Medium,53.17,73.0,24.49,26.24,4.99,Medium,200.29,7.35
Passenger,Small,41.05,89.0,28.65,10.44,11.95,Medium,186.64,2.43
Container,Medium,71.68,86.0,16.67,3.35,5.81,Low,15.84,9.88
Container,Small,28.34,95.0,30.29,25.15,15.22,High,231.36,0.0
Container,Small,47.36,79.0,9.08,24.98,2.89,Low,362.04,8.18
Container,Small,39.44,65.0,8.85,35.35,5.34,Medium,150.59,3.22
Passenger,Large,102.2,89.0,6.46,37.24,4.28,Low,231.36,15.62
Cargo,Large,133.31,90.0,14.88,36.39,4.89,Medium,109.7,9.54
Container,Small,27.82,82.0,33.88,20.48,13.46,High,386.39,1.41
Passenger,Medium,72.92,91.0,33.12,31.58,17.14,High,30.26,0.3
Container,Small,31.89,80.0,15.31,28.85,8.6,Medium,352.69,4.72
Cargo,Large,125.1,81.0,23.56,21.08,10.19,Medium,189.47,9.68
Tanker,Large,108.91,77.0,28.83,29.86,4.93,Medium,20.8,8.08
Tanker,Large,150.3,61.0,9.65,47.36,6.7,Medium,426.73,12.57
Tanker,Medium,55.88,64.0,6.73,9.64,2.93,Low,243.86,12.82
Passenger,Small,25.8,61.0,38.88,45.29,10.98,High,299.66,0.05
Tanker,Small,45.69,85.0,24.7,2.67,4.45,Low,366.02,7.73
Container,Small,37.63,73.0,39.26,15.42,6.52,Medium,327.54,3.75
Passenger,Medium,67.85,80.0,13.51,14.41,2.34,Low,365.43,13.66
Passenger,Medium,89.44,96.0,28.12,31.32,12.86,High,381.14,4.49
Container,Small,22.11,70.0,8.9,6.56,2.06,Low,294.58,7.96
Container,Large,115.07,76.0,10.45,44.12,3.35,Low,182.82,14.89
Container,Small,32.53,90.0,20.48,41.43,7.37,Medium,121.57,2.03
Container,Large,122.85,69.0,12.78,32.6,5.38,Medium,451.45,13.09
Cargo,Large,132.11,63.0,6.7,22.92,2.27,Low,484.96,18.63
Tanker,Small,25.17,72.0,10.52,46.65,3.57,Medium,178.83,3.37
Container,Medium,79.1,66.0,1.43,41.54,2.33,Low,56.16,10.63
Container,Small,24.55,97.0,28.18,24.97,11.72,Medium,111.27,1.43
Tanker,Large,134.64,92.0,19.68,35.09,4.37,Medium,335.33,11.63
Tanker,Medium,92.27,85.0,3.77,28.35,2.63,Low,86.47,11.05
Cargo,Large,168.57,95.0,6.87,29.4,2.56,Low,390.06,17.51
Tanker,Small,48.17,92.0,4.1,16.55,1.56,Low,461.52,9.72
Cargo,Medium,53.48,67.0,24.5,23.1,7.46,Medium,481.83,9.99
Passenger,Small,32.6,96.0,3.77,3.91,0.72,Low,4.66,5.51
Tanker,Small,35.05,82.0,30.17,17.87,6.0,Medium,479.08,5.72
Passenger,Small,36.61,92.0,0.82,34.79,1.94,Low,370.1,8.57
Container,Medium,78.26,96.0,9.98,47.66,4.7,Medium,42.03,6.1
Container,Medium,87.72,73.0,35.63,48.15,16.65,High,207.62,1.67
Cargo,Large,195.5,64.0,28.74,27.79,5.12,Medium,350.02,11.4
Cargo,Medium,88.58,69.0,2.92,30.33,2.81,Low,478.34,14.95
Tanker,Medium,63.47,77.0,32.85,9.29,14.47,High,82.07,1.55
Passenger,Small,28.96,93.0,19.72,34.77,9.75,Medium,63.87,1.38
Cargo,Medium,98.14,94.0,33.87,3.53,7.75,Medium,236.17,7.42
Passenger,Small,42.0,60.0,24.03,14.23,11.02,Medium,484.05,5.65
Cargo,Large,143.05,80.0,27.27,33.42,6.39,Medium,485.69,12.59
Container,Small,30.28,77.0,39.74,15.52,6.73,Medium,113.96,1.57
Tanker,Large,107.2,69.0,9.29,2.49,1.22,Low,159.67,15.76
Tanker,Medium,99.72,65.0,24.96,41.59,13.95,High,454.02,5.07
Tanker,Large,147.97,74.0,18.41,15.52,4.89,Medium,367.42,12.35
Cargo,Medium,59.29,98.0,1.58,3.16,0.9,Low,486.16,15.83
Passenger,Medium,90.06,73.0,0.58,3.74,0.31,Low,446.57,15.53
Cargo,Small,38.29,81.0,4.77,12.59,2.84,Low,107.55,6.1
Cargo,Small,35.35,88.0,25.96,8.9,12.43,Medium,379.86,4.48
Container,Small,33.19,75.0,22.69,38.72,12.59,High,24.28,0.0
Tanker,Small,48.43,99.0,22.14,16.08,7.41,Medium,408.92,5.32
Container,Large,120.14,98.0,1.27,40.23,2.58,Low,300.78,16.68
Tanker,Large,145.34,70.0,18.77,8.69,9.45,Medium,478.05,13.12
Passenger,Medium,91.84,80.0,36.98,24.64,9.73,Medium,480.02,9.09
Container,Large,193.86,72.0,15.9,34.4,5.97,Medium,25.41,8.57
Container,Large,118.68,71.0,25.0,32.6,11.32,Medium,80.26,8.17
Cargo,Large,105.52,61.0,31.19,30.06,8.37,Medium,242.1,9.82
Cargo,Large,120.29,84.0,31.36,46.24,14.9,High,439.75,6.41
Tanker,Medium,64.95,80.0,20.77,11.43,3.26,Low,407.22,13.68
Tanker,Small,25.15,62.0,34.32,24.69,11.85,High,482.19,2.43
Cargo,Medium,94.0,71.0,15.66,44.2,4.54,Medium,309.04,8.57
Passenger,Large,115.72,96.0,35.55,3.89,7.92,Medium,128.28,9.04
Container,Medium,71.37,70.0,9.61,2.79,2.09,Low,12.55,10.58
Tanker,Medium,97.86,66.0,11.21,11.67,5.47,Low,111.46,10.97
Tanker,Small,49.43,80.0,2.12,31.65,1.96,Low,337.64,8.24
Passenger,Large,122.31,99.0,31.82,12.99,14.12,High,463.14,7.37
Cargo,Large,133.4,70.0,16.68,9.51,7.44,Medium,160.45,10.24
Tanker,Large,117.65,87.0,9.16,22.94,3.89,Low,437.85,17.87
Cargo,Small,43.57,90.0,9.27,30.68,3.33,Low,197.45,6.36
Tanker,Large,106.18,70.0,36.06,12.43,7.5,Medium,154.14,9.14
Cargo,Medium,55.26,89.0,33.36,15.03,10.29,Medium,254.42,7.15
Passenger,Medium,80.32,75.0,22.14,30.68,3.83,Medium,221.14,7.71
Cargo,Large,197.21,85.0,24.64,47.29,10.07,Medium,456.9,11.78
Tanker,Medium,87.9,85.0,18.97,33.74,10.81,Medium,234.13,7.24
Passenger,Medium,76.64,81.0,15.67,39.15,4.49,Medium,138.67,6.97
Tanker,Large,139.27,64.0,36.62,18.34,12.98,High,421.28,6.72
Tanker,Large,140.5,93.0,5.02,13.61,3.11,Low,499.37,18.96
Passenger,Medium,75.08,73.0,16.74,22.71,8.57,Medium,324.09,8.69
Tanker,Large,118.46,67.0,13.78,40.36,8.08,Medium,125.23,9.35
Cargo,Medium,68.14,62.0,19.93,22.81,9.69,Medium,119.41,6.37
Cargo,Medium,67.61,84.0,18.31,42.34,6.21,Medium,28.85,5.51
Cargo,Small,47.02,87.0,20.76,49.44,11.94,High,38.65,0.0
Tanker,Large,175.27,61.0,5.6,3.6,2.85,Low,457.49,18.74
Passenger,Small,20.9,80.0,20.53,2.27,6.24,Medium,48.24,2.19
Cargo,Small,23.94,69.0,9.7,7.48,2.72,Low,242.17,7.32
Tanker,Large,160.66,86.0,7.37,19.22,2.92,Low,349.06,17.25
Container,Large,118.96,67.0,2.59,6.55,0.93,Low,425.18,18.7
Passenger,Medium,53.87,88.0,30.51,43.53,7.82,Medium,85.64,5.28
Tanker,Small,45.6,75.0,17.1,1.16,6.0,Low,218.89,6.51
Cargo,Small,37.93,97.0,25.07,15.79,8.94,Medium,125.74,2.19
Tanker,Medium,94.38,66.0,29.1,9.23,8.76,Medium,127.91,6.36
Cargo,Small,24.57,74.0,27.17,46.58,6.09,Medium,151.92,2.02
Container,Medium,91.72,65.0,18.82,33.47,9.55,Medium,293.56,7.97
Tanker,Medium,75.28,97.0,15.52,45.6,4.92,Medium,8.29,5.5
Container,Medium,86.19,95.0,15.04,48.62,4.62,Medium,204.38,7.46
Tanker,Small,32.02,70.0,25.6,24.85,10.18,Medium,93.42,1.54
Container,Small,22.95,86.0,19.79,11.72,5.72,Medium,483.56,6.44
Container,Small,38.09,93.0,33.97,9.69,4.69,Medium,291.36,3.95
Passenger,Small,21.94,82.0,34.99,11.15,9.03,Medium,434.05,4.86
Passenger,Medium,74.71,81.0,6.82,35.43,4.56,Low,97.84,10.67
Cargo,Large,132.19,70.0,5.45,2.02,1.99,Low,405.01,18.34
Tanker,Small,32.68,64.0,25.22,2.57,6.31,Medium,207.39,3.53
Container,Small,32.68,96.0,12.05,30.41,3.65,Low,88.85,5.11
Passenger,Medium,65.0,96.0,0.74,32.1,1.87,Low,380.62,14.14
Cargo,Small,34.93,85.0,35.55,33.26,17.84,High,381.01,0.58
Passenger,Small,37.02,74.0,9.08,18.59,4.18,Low,497.94,9.54
Cargo,Medium,88.46,74.0,37.17,40.3,17.82,High,390.47,3.46
Passenger,Small,32.53,89.0,28.7,26.68,10.19,Medium,72.63,1.14
Cargo,Medium,97.89,96.0,30.51,5.27,12.08,Medium,161.27,6.37
Cargo,Large,171.94,95.0,8.06,39.85,5.69,Medium,225.86,10.89
Container,Medium,57.55,91.0,9.37,47.65,6.22,Medium,63.33,6.19
Container,Small,39.54,86.0,20.85,3.0,9.82,Medium,394.02,5.26
Container,Large,183.32,63.0,6.88,19.57,2.85,Low,263.35,16.41
Cargo,Medium,53.57,66.0,12.22,24.38,6.86,Medium,472.22,10.54
Tanker,Large,130.04,96.0,12.86,7.32,4.85,Low,294.65,16.47
Passenger,Small,38.88,84.0,6.39,43.39,5.03,Medium,261.45,4.32
Cargo,Small,30.36,60.0,8.21,14.21,1.66,Low,35.71,5.3
Cargo,Medium,53.98,64.0,31.54,39.15,13.41,High,74.67,1.05
Cargo,Small,38.3,87.0,6.69,33.55,4.62,Low,424.76,8.58
Tanker,Large,133.99,60.0,1.14,29.9,1.69,Low,495.34,18.93
Container,Medium,56.2,66.0,25.17,9.61,9.66,Medium,207.59,7.26
Container,Medium,54.79,82.0,39.04,11.04,17.34,High,405.04,4.14
Cargo,Large,187.55,88.0,13.25,2.37,2.97,Low,313.79,16.93
Cargo,Small,26.15,86.0,4.75,12.04,1.85,Low,479.53,9.93
Passenger,Small,33.34,69.0,22.82,17.27,8.34,Medium,119.07,2.27
Container,Large,163.84,88.0,36.25,41.66,13.24,High,272.42,4.75
Container,Large,190.57,69.0,31.36,18.32,4.54,Medium,204.4,10.06
Passenger,Small,33.86,73.0,24.9,37.73,5.36,Medium,270.86,3.57
Cargo,Large,166.98,90.0,12.6,21.97,2.86,Low,134.43,14.79
Container,Large,158.54,86.0,21.68,39.24,6.4,Medium,248.87,10.38
Tanker,Large,157.16,94.0,3.65,48.81,3.16,Low,312.4,16.45
Container,Small,39.86,86.0,27.16,11.99,11.38,Medium,40.61,1.07
Tanker,Medium,55.46,83.0,29.0,43.12,11.7,High,371.49,4.23
Tanker,Large,142.58,64.0,38.6,31.09,17.21,High,353.26,5.26
Passenger,Small,39.3,75.0,10.42,40.86,3.38,Low,440.23,8.53
Cargo,Medium,52.0,71.0,0.74,32.58,1.85,Low,212.93,12.46
Passenger,Small,29.43,70.0,21.82,21.2,6.07,Medium,30.83,1.59
Tanker,Medium,91.3,99.0,28.27,11.4,13.01,Medium,230.73,6.96
Tanker,Medium,60.7,76.0,31.62,3.5,12.29,Medium,68.8,5.41
Tanker,Small,43.65,96.0,7.75,26.78,4.81,Low,323.72,7.63
Cargo,Large,126.49,85.0,10.47,49.52,3.72,Medium,23.57,8.75
Tanker,Small,23.29,92.0,20.5,36.9,9.81,Medium,187.0,2.53
Tanker,Medium,93.41,80.0,13.22,16.37,5.0,Low,41.42,10.13
Passenger,Large,196.8,83.0,34.42,41.36,16.87,High,1.68,1.78
Container,Medium,94.37,80.0,18.95,38.45,7.66,Medium,480.28,9.92
Passenger,Small,48.74,68.0,31.98,14.08,10.81,Medium,498.06,5.42
Cargo,Large,146.2,89.0,23.22,0.72,2.84,Low,277.75,16.12
Container,Large,158.42,71.0,30.92,5.91,11.66,Medium,119.48,8.76
Tanker,Large,157.49,61.0,13.31,43.87,4.98,Medium,455.55,12.91
Passenger,Small,30.36,86.0,33.26,41.83,5.68,Medium,461.52,4.95
Passenger,Small,43.0,67.0,10.98,14.76,2.13,Low,427.25,9.02
Container,Large,132.85,98.0,21.84,14.26,11.26,Medium,272.18,10.62
Passenger,Small,27.47,98.0,8.56,39.64,4.02,Low,37.35,4.55
Passenger,Medium,90.15,97.0,19.02,46.89,10.85,Medium,44.22,5.07
Tanker,Medium,96.62,75.0,12.73,38.96,8.11,Medium,448.31,9.86
Tanker,Small,41.35,61.0,10.67,30.28,6.61,Medium,437.91,5.98
Cargo,Small,41.58,97.0,38.68,12.13,18.12,High,217.2,0.0
Tanker,Small,32.62,77.0,6.4,26.29,4.25,Low,164.08,6.17
Container,Small,21.81,99.0,31.49,11.68,7.37,Medium,322.06,4.08
Passenger,Large,112.22,99.0,39.37,40.4,8.34,High,403.49,6.42
Passenger,Medium,61.73,94.0,0.8,19.35,1.25,Low,365.84,14.31
Cargo,Medium,65.75,72.0,27.96,41.68,10.34,High,307.8,3.81
Cargo,Medium,53.4,75.0,10.12,19.08,2.37,Low,115.76,11.23
Container,Small,34.2,94.0,1.62,41.21,2.66,Low,131.25,5.94
Tanker,Medium,87.39,73.0,16.12,16.67,6.07,Medium,362.03,9.47
Passenger,Medium,95.14,67.0,37.41,22.01,17.76,High,401.31,3.93
Cargo,Small,48.19,82.0,0.47,30.77,1.7,Low,58.07,5.57
Container,Medium,72.52,97.0,23.52,3.51,7.93,Medium,93.65,6.5
Passenger,Large,176.52,88.0,20.06,47.41,7.91,Medium,340.24,11.06
Container,Medium,98.47,83.0,34.94,28.68,11.4,High,194.49,2.48
Passenger,Large,192.79,64.0,3.36,25.39,2.89,Low,281.65,16.65
Container,Large,182.02,85.0,27.26,41.97,6.33,Medium,307.41,10.64
Container,Medium,83.44,100.0,27.2,43.29,9.74,Medium,388.1,8.28
Container,Medium,95.48,66.0,26.76,26.11,11.0,Medium,402.86,8.67
Passenger,Small,40.48,81.0,37.69,46.36,12.62,High,140.05,0.0
Container,Small,30.91,95.0,32.92,3.24,7.18,Medium,270.65,3.68
Tanker,Medium,84.48,90.0,1.68,5.66,0.64,Low,61.76,11.56
Container,Medium,63.21,88.0,18.84,29.84,5.14,Medium,421.01,9.76
Container,Large,189.75,88.0,15.92,17.7,4.67,Low,422.72,17.41
Container,Medium,57.69,74.0,12.41,23.21,6.73,Medium,149.75,7.34
Tanker,Large,165.33,72.0,18.05,16.4,6.27,Medium,80.31,9.35
Passenger,Medium,74.63,92.0,15.37,20.24,4.03,Low,35.05,9.97
Tanker,Large,190.43,92.0,17.29,41.13,6.44,Medium,287.49,10.94
Cargo,Medium,84.56,95.0,39.17,29.67,7.06,Medium,45.71,4.8
Passenger,Medium,85.67,97.0,3.55,49.87,4.13,Low,340.3,13.02
Container,Small,26.49,80.0,36.89,39.34,11.68,High,339.06,0.59
Cargo,Small,31.04,80.0,19.21,13.68,10.14,Medium,306.99,4.22
Cargo,Medium,89.84,92.0,24.95,13.22,6.62,Medium,438.28,9.81
Passenger,Large,130.13,86.0,33.21,16.79,15.27,High,189.14,4.37
Container,Large,101.93,88.0,14.42,42.16,5.03,Medium,451.13,12.84
Container,Small,21.19,92.0,17.22,1.36,2.31,Low,18.46,4.87
Passenger,Medium,69.09,96.0,16.38,11.51,2.42,Low,56.38,10.47
Container,Large,151.18,74.0,14.99,45.25,7.4,Medium,206.1,10.07
Passenger,Large,136.28,75.0,37.02,31.99,9.92,High,297.0,5.49
Passenger,Small,44.47,64.0,33.16,11.34,9.77,Medium,16.19,0.7
Cargo,Small,26.4,83.0,4.36,10.96,2.41,Low,283.72,7.96
Passenger,Large,102.83,61.0,4.32,43.13,3.02,Low,153.7,14.96
Passenger,Small,49.56,79.0,17.11,44.69,6.06,Medium,443.57,5.48
Passenger,Large,139.83,82.0,3.95,12.81,2.37,Low,266.64,16.78
Passenger,Medium,70.4,71.0,24.76,21.03,8.41,Medium,293.95,8.04
Passenger,Small,23.22,84.0,5.75,41.73,4.57,Low,472.81,8.95
Container,Medium,80.61,61.0,20.89,38.55,7.15,Medium,382.09,8.89
Passenger,Large,183.61,61.0,0.29,40.7,2.11,Low,219.14,15.95
Tanker,Medium,59.98,93.0,12.66,25.92,3.41,Low,238.44,12.09
Cargo,Large,132.69,74.0,27.09,45.58,14.92,High,323.96,5.48
Container,Small,22.51,65.0,19.36,16.3,9.7,Medium,100.1,2.14
Passenger,Medium,99.14,81.0,39.13,7.83,19.71,High,44.33,0.36
Tanker,Large,196.4,91.0,34.96,35.44,10.9,High,155.62,4.01
Cargo,Medium,50.57,69.0,14.36,26.97,7.49,Medium,389.19,9.49
Passenger,Large,179.87,85.0,1.82,42.73,2.62,Low,128.66,14.88
Container,Large,174.65,63.0,33.83,4.06,9.73,Medium,65.38,8.31
Container,Medium,86.55,62.0,36.45,42.18,17.86,High,109.51,0.64
Tanker,Large,144.04,81.0,32.83,14.66,6.35,Medium,339.49,11.23
Container,Small,46.97,82.0,5.12,32.74,2.6,Low,306.97,7.7
Cargo,Medium,90.27,85.0,39.92,2.01,9.12,Medium,344.16,8.09
Container,Large,176.37,89.0,10.34,30.48,5.82,Medium,160.98,10.3
Passenger,Medium,88.19,99.0,28.97,35.86,9.01,Medium,450.43,9.04
Passenger,Large,111.69,81.0,36.32,18.44,9.76,Medium,225.89,9.5
Tanker,Medium,91.04,73.0,9.43,10.77,5.25,Low,256.86,12.56
Container,Medium,52.54,92.0,36.33,26.88,10.55,High,474.4,5.33
Container,Large,185.22,71.0,12.38,41.66,4.55,Medium,489.64,13.39
Tanker,Medium,52.96,78.0,39.06,16.18,14.45,High,330.77,3.59
Tanker,Large,155.66,63.0,11.25,12.62,5.36,Low,472.41,18.17
Passenger,Medium,84.1,61.0,38.14,13.95,5.57,Medium,270.75,7.56
Cargo,Medium,60.12,99.0,2.14,47.46,3.12,Low,153.64,11.37
Container,Medium,90.59,93.0,28.37,17.96,4.14,Medium,157.55,6.98
Cargo,Large,194.31,88.0,21.28,0.18,6.62,Medium,279.47,11.47
Passenger,Large,183.27,76.0,19.12,39.08,5.83,Medium,302.52,11.1
Tanker,Medium,98.24,67.0,8.94,34.96,3.74,Low,219.81,11.88
Tanker,Small,38.7,66.0,28.22,6.43,8.42,Medium,441.89,5.44
Passenger,Small,26.7,70.0,7.63,49.25,6.06,Medium,213.35,3.56
Passenger,Medium,69.23,82.0,22.11,30.4,10.02,Medium,136.71,6.25
Container,Medium,75.25,89.0,10.13,25.04,6.06,Medium,3.99,6.03
Container,Small,40.74,86.0,38.22,19.11,14.87,High,485.28,2.07
Cargo,Medium,52.72,71.0,1.15,44.93,2.36,Low,412.16,14.13
Container,Large,164.8,98.0,7.99,12.2,2.26,Low,307.78,17.01
Cargo,Small,41.85,90.0,9.69,14.29,5.19,Low,415.27,8.66
Container,Medium,95.0,82.0,16.56,6.12,6.22,Medium,405.14,10.08
Container,Medium,75.91,84.0,9.31,37.96,6.48,Medium,465.93,10.39
Tanker,Medium,91.66,77.0,19.65,29.78,4.68,Medium,193.03,7.48
Passenger,Large,148.37,70.0,34.9,30.45,9.16,Medium,277.43,9.9
Container,Medium,72.22,74.0,28.48,10.92,7.52,Medium,49.31,5.7
Passenger,Large,117.81,90.0,23.2,32.56,6.98,Medium,482.66,12.72
Passenger,Medium,50.83,61.0,3.56,38.27,2.63,Low,492.56,14.92
Passenger,Small,37.34,65.0,27.76,17.89,8.59,Medium,394.54,4.74
Container,Small,24.99,62.0,6.66,40.07,4.38,Low,227.06,6.5
Container,Large,146.73,62.0,31.45,17.44,7.93,Medium,248.28,10.17
Passenger,Large,124.05,94.0,10.0,37.91,3.21,Low,217.68,15.4
Container,Medium,52.75,88.0,16.68,1.69,6.48,Low,146.66,11.15
Tanker,Medium,57.75,79.0,14.02,27.56,5.35,Medium,263.9,8.45
Tanker,Small,48.99,64.0,34.35,48.48,13.51,High,26.72,0.0
Tanker,Small,28.13,80.0,5.06,49.06,3.88,Low,495.94,9.14
Tanker,Small,23.47,79.0,22.63,14.09,11.03,Medium,212.03,3.0
Container,Small,40.77,67.0,5.68,22.07,2.94,Low,463.68,9.42
Tanker,Large,142.11,77.0,28.19,3.15,13.39,Medium,362.14,11.21
Tanker,Medium,77.0,76.0,36.2,43.67,13.2,High,144.97,1.45
Cargo,Small,31.18,85.0,17.38,28.43,5.19,Medium,111.03,2.55
Container,Large,142.03,85.0,19.52,19.26,5.69,Medium,497.84,13.45
Container,Small,44.88,62.0,37.1,5.64,11.74,Medium,386.06,4.12
Tanker,Medium,74.06,75.0,20.84,47.34,8.87,Medium,124.83,5.97
Container,Large,168.47,85.0,19.5,26.51,8.64,Medium,33.72,8.37
Cargo,Medium,55.16,80.0,23.13,14.15,5.1,Medium,348.46,9.14
Tanker,Medium,65.19,94.0,27.57,17.51,10.9,Medium,151.51,6.3
Cargo,Large,177.69,86.0,4.28,13.53,2.44,Low,110.67,15.18
Passenger,Large,183.29,67.0,32.84,30.09,13.68,High,367.47,6.06
Cargo,Large,176.06,63.0,17.42,46.5,7.42,Medium,339.63,11.25
Container,Large,193.58,86.0,2.89,42.83,3.58,Low,240.71,15.85
Passenger,Small,30.88,61.0,31.45,23.02,9.39,Medium,471.33,5.14
Cargo,Small,42.13,83.0,15.08,41.32,4.22,Medium,339.82,4.8
Passenger,Small,28.88,98.0,4.01,21.16,2.78,Low,446.71,9.37
Tanker,Large,131.35,83.0,25.35,12.62,5.32,Medium,95.28,9.3
Passenger,Large,153.52,76.0,35.21,49.17,16.03,High,148.32,3.14
Cargo,Medium,60.73,86.0,35.51,15.19,6.85,Medium,52.26,5.36
Cargo,Small,32.8,78.0,38.31,16.19,4.9,Medium,152.29,2.19
Container,Small,32.83,82.0,34.71,49.48,8.16,High,485.89,2.32
Cargo,Medium,69.61,98.0,0.09,6.7,0.36,Low,481.43,15.84
Tanker,Medium,55.95,75.0,15.21,38.03,4.07,Medium,380.19,9.47
Tanker,Medium,76.2,98.0,32.74,46.79,8.2,Medium,260.52,6.81
Passenger,Small,25.7,96.0,14.65,25.59,7.23,Medium,390.39,5.34
Container,Small,27.6,68.0,24.06,0.13,9.82,Medium,276.74,3.98
Tanker,Large,114.46,63.0,24.25,18.75,11.29,Medium,1.75,7.7
Cargo,Medium,88.13,64.0,14.6,5.58,6.65,Medium,250.77,8.6
Tanker,Small,40.03,61.0,36.18,20.81,10.74,High,299.46,0.7
Passenger,Medium,68.88,64.0,20.13,39.5,10.97,Medium,132.87,6.04
Container,Large,179.87,87.0,18.59,21.94,6.87,Medium,101.65,9.36
Passenger,Small,26.66,63.0,39.9,21.6,12.58,High,136.9,0.0
Cargo,Medium,72.44,73.0,19.74,27.84,9.04,Medium,311.81,8.27
Container,Medium,70.58,94.0,7.14,29.08,2.78,Low,73.03,10.71
Tanker,Medium,96.84,61.0,20.52,42.81,10.67,Medium,360.16,8.25
Cargo,Large,135.13,93.0,32.56,15.42,9.62,Medium,211.34,9.61
Passenger,Medium,60.2,71.0,31.07,41.08,6.74,Medium,176.67,6.32
Cargo,Medium,77.33,65.0,31.54,28.3,6.07,Medium,403.62,8.89
Tanker,Large,158.48,88.0,28.32,15.03,5.45,Medium,253.03,10.67
Cargo,Small,32.2,85.0,10.17,14.76,5.38,Low,189.2,6.35
Passenger,Medium,73.91,95.0,34.48,18.06,18.02,High,439.08,4.5
Container,Medium,67.63,89.0,35.74,31.13,10.23,High,184.13,2.41
Container,Medium,91.97,92.0,7.77,11.54,2.26,Low,429.5,14.65
Container,Small,39.39,71.0,5.22,46.02,3.28,Low,252.1,6.81
Container,Small,42.15,67.0,39.02,28.75,18.2,High,104.0,0.0
Passenger,Medium,70.81,90.0,34.73,46.0,8.68,High,306.41,3.54
Tanker,Small,43.41,92.0,35.73,2.32,16.9,High,142.66,0.0
Container,Large,165.25,100.0,35.46,17.13,13.87,High,73.58,3.23
Tanker,Medium,66.74,77.0,21.67,1.14,10.0,Medium,43.26,5.93
Container,Large,161.26,75.0,25.86,13.61,9.0,Medium,120.85,9.14
Container,Large,142.77,91.0,21.81,43.1,10.36,Medium,368.28,11.09
Cargo,Medium,85.23,74.0,2.05,1.83,0.8,Low,419.0,15.17
Container,Medium,92.07,97.0,29.82,21.81,13.99,High,430.86,4.98
Passenger,Small,38.26,94.0,20.21,5.88,9.07,Medium,135.07,2.72
Cargo,Large,130.37,77.0,25.91,20.84,9.75,Medium,330.49,11.02
Cargo,Large,192.65,90.0,20.11,41.94,9.2,Medium,115.18,8.79
Passenger,Small,28.41,90.0,19.67,31.15,10.78,Medium,311.38,3.83
Container,Small,26.53,64.0,6.87,36.84,5.08,Medium,443.61,6.25
Passenger,Medium,57.92,96.0,11.15,17.46,4.95,Low,20.45,10.0
Cargo,Small,46.69,80.0,6.35,47.22,3.02,Low,492.61,9.16
Container,Medium,95.7,93.0,7.83,35.46,2.88,Low,413.54,13.95
Cargo,Small,39.01,73.0,38.92,21.09,18.3,High,380.83,0.61
Container,Medium,87.34,96.0,6.12,21.32,1.89,Low,345.68,13.74
Cargo,Medium,64.45,76.0,10.77,45.93,4.29,Medium,385.14,9.57
Tanker,Small,44.56,60.0,23.62,28.82,5.98,Medium,497.3,6.02
Tanker,Medium,66.05,96.0,24.41,35.32,10.07,Medium,385.1,8.52
Container,Small,40.61,64.0,6.16,20.85,3.08,Low,175.8,6.53
Cargo,Medium,76.48,73.0,31.75,11.18,7.41,Medium,306.96,8.12
Container,Small,42.5,98.0,31.41,36.18,7.56,Medium,168.46,2.03
Container,Medium,64.75,98.0,9.49,30.39,5.37,Medium,485.03,10.83
Passenger,Small,45.45,83.0,11.55,25.07,6.73,Medium,450.07,6.15
Tanker,Large,194.0,85.0,37.52,31.2,6.1,Medium,283.81,10.13
Cargo,Large,167.62,78.0,33.03,10.41,5.58,Medium,390.64,11.89
Passenger,Small,40.38,72.0,27.91,39.7,11.95,High,454.84,2.16
Container,Medium,65.22,73.0,3.29,47.41,3.76,Low,121.8,10.93
Tanker,Medium,79.15,87.0,16.73,44.56,9.2,Medium,289.74,7.85
Passenger,Medium,68.98,90.0,22.37,16.07,9.48,Medium,240.86,7.62
Container,Large,162.16,92.0,7.5,20.3,4.43,Low,385.8,17.43
Container,Medium,99.66,92.0,17.93,40.42,5.37,Medium,189.54,7.25
Passenger,Small,41.22,64.0,24.04,29.76,4.92,Medium,354.49,4.66
Container,Medium,68.0,80.0,13.1,27.4,5.9,Medium,201.5,7.82
Cargo,Large,142.36,62.0,31.24,46.33,15.72,High,55.54,2.49
Container,Medium,74.42,82.0,33.62,26.8,12.53,High,53.56,1.07
Cargo,Medium,51.77,78.0,12.94,25.75,7.57,Medium,59.53,6.28
Tanker,Large,170.03,96.0,33.55,2.1,14.14,High,16.26,3.03
Container,Medium,89.43,74.0,4.14,3.47,1.75,Low,266.49,13.41
Cargo,Large,133.32,65.0,33.51,0.37,4.18,Medium,335.95,11.66
Container,Medium,96.86,66.0,6.11,45.66,3.16,Low,63.36,10.3
Cargo,Small,28.39,90.0,3.32,20.42,2.4,Low,305.93,8.04
Passenger,Large,176.19,85.0,25.67,23.43,5.77,Medium,298.87,11.06
Passenger,Small,31.54,64.0,18.88,42.27,4.22,Medium,73.55,1.92
Passenger,Medium,53.98,63.0,36.32,30.46,18.39,High,202.04,1.76
Passenger,Small,31.18,88.0,14.53,30.48,8.15,Medium,377.57,5.02
Tanker,Small,27.68,63.0,11.49,14.83,2.89,Low,8.38,4.72
Passenger,Large,198.49,93.0,20.03,41.7,10.34,Medium,73.47,8.27
Tanker,Large,196.79,88.0,18.24,8.29,2.59,Low,497.91,18.44
Container,Medium,70.19,63.0,13.78,2.66,3.08,Low,366.77,13.82
Passenger,Medium,79.8,63.0,27.75,9.58,10.18,Medium,232.07,7.32
Container,Small,31.81,99.0,30.38,13.39,12.98,High,314.9,1.06
Passenger,Large,194.98,75.0,34.12,14.12,4.26,Medium,423.11,12.22
Tanker,Small,23.56,75.0,38.91,33.53,10.64,High,421.15,1.53
Passenger,Large,100.7,93.0,10.67,10.89,2.53,Low,162.35,15.42
Container,Large,146.44,98.0,28.64,33.83,16.0,High,245.65,4.75
Container,Medium,79.4,99.0,15.77,4.56,6.04,Low,319.03,12.91
Container,Medium,86.47,90.0,27.08,7.36,7.47,Medium,35.95,5.71
Cargo,Large,173.65,75.0,19.04,25.44,3.75,Medium,472.9,13.29
Cargo,Small,42.91,63.0,39.75,46.09,15.8,High,216.37,0.0
Cargo,Large,182.28,91.0,29.16,42.98,12.55,High,185.43,4.28
Container,Small,33.89,82.0,38.1,48.44,18.67,High,453.55,0.79
Cargo,Large,169.18,77.0,33.4,32.52,8.82,Medium,59.14,7.79
Passenger,Small,38.2,96.0,36.12,33.79,19.48,High,19.63,0.0
Cargo,Medium,90.57,64.0,32.58,31.25,10.55,High,342.5,4.12
Container,Small,43.25,80.0,18.37,31.14,5.57,Medium,192.5,3.23
Cargo,Medium,94.31,60.0,10.07,7.36,2.78,Low,382.24,14.09
Passenger,Small,43.66,79.0,14.81,27.19,5.92,Medium,34.27,1.87
Tanker,Large,120.62,62.0,0.81,19.3,1.35,Low,191.88,16.16
Tanker,Large,184.43,65.0,20.96,22.13,9.37,Medium,117.66,9.15
Container,Medium,99.52,65.0,20.2,26.18,7.99,Medium,369.8,8.97
Container,Small,28.85,86.0,21.01,6.42,3.79,Low,113.59,5.38
Container,Large,161.05,90.0,38.96,17.97,7.12,Medium,228.97,9.67
Passenger,Small,35.5,83.0,36.46,3.17,11.13,Medium,409.44,4.49
Tanker,Large,184.35,98.0,6.47,48.98,4.98,Medium,457.7,13.18
Cargo,Large,155.03,75.0,14.76,5.93,6.21,Low,361.3,16.94
Tanker,Medium,60.49,71.0,16.96,12.93,3.88,Low,214.61,11.85
Passenger,Medium,76.64,95.0,14.42,44.56,4.25,Medium,285.99,8.42
Cargo,Large,147.48,69.0,31.94,24.14,9.31,Medium,344.84,10.84
Tanker,Large,165.42,99.0,20.96,6.78,10.13,Medium,437.47,12.58
Cargo,Medium,62.79,60.0,22.88,19.21,8.24,Medium,444.29,9.69
Tanker,Small,45.74,99.0,34.12,5.79,8.07,Medium,465.48,5.43
Passenger,Medium,55.88,62.0,32.24,10.01,7.9,Medium,405.36,9.05
Passenger,Small,43.46,96.0,5.29,2.6,0.94,Low,73.4,6.12
Passenger,Small,48.03,81.0,28.56,21.91,9.36,Medium,373.82,4.34
Tanker,Small,21.2,100.0,17.42,40.33,9.27,Medium,407.3,4.87
Passenger,Large,136.26,63.0,11.79,29.3,7.21,Medium,438.94,12.89
Passenger,Large,193.47,82.0,2.0,30.32,2.12,Low,462.41,18.51
Container,Medium,52.13,99.0,19.49,10.03,3.75,Low,254.58,12.2
Container,Small,20.9,81.0,14.22,17.19,6.17,Medium,327.55,5.0
Passenger,Medium,51.94,85.0,10.06,42.26,6.16,Medium,4.78,5.68
Cargo,Large,129.8,88.0,27.79,4.39,3.8,Low,286.39,15.81
Passenger,Large,149.31,78.0,30.78,42.9,15.69,High,236.6,4.4
Tanker,Small,30.62,85.0,9.79,24.18,5.44,Low,481.15,9.09
Cargo,Small,43.22,83.0,1.98,41.86,2.67,Low,450.85,9.11
Passenger,Large,134.86,96.0,33.95,15.9,11.8,High,398.8,6.79
Tanker,Medium,96.28,62.0,0.4,16.94,1.0,Low,28.5,11.03
Tanker,Small,41.11,71.0,37.48,37.58,15.77,High,201.01,0.0
Container,Large,184.36,98.0,25.1,39.25,4.64,Medium,348.02,11.38
Cargo,Large,199.17,96.0,12.87,11.48,2.49,Low,14.83,13.83
Tanker,Large,198.67,78.0,9.86,48.64,4.06,Medium,117.91,9.71
Passenger,Large,144.04,85.0,0.36,4.22,0.36,Low,443.75,19.1
Passenger,Medium,62.22,71.0,9.42,3.43,2.77,Low,64.89,11.03
Container,Small,39.29,68.0,5.51,29.78,3.24,Low,25.69,4.86
Cargo,Large,126.01,79.0,24.49,36.14,11.83,High,290.29,5.77
Passenger,Medium,87.78,74.0,6.66,48.04,3.98,Medium,473.23,10.64
Cargo,Medium,56.81,83.0,21.15,20.25,9.46,Medium,417.31,9.36
Cargo,Large,149.29,63.0,23.6,1.26,6.6,Medium,487.39,13.41
Tanker,Medium,93.49,99.0,11.92,30.14,4.5,Low,376.76,13.32
Tanker,Large,167.87,99.0,1.4,14.48,1.05,Low,218.68,16.52
Cargo,Large,150.43,88.0,1.49,21.65,1.81,Low,473.31,18.84
Tanker,Medium,57.12,81.0,1.05,24.42,1.65,Low,213.32,12.63
Passenger,Large,188.4,72.0,29.56,3.23,3.36,Low,175.05,14.67
Passenger,Medium,76.51,93.0,12.72,24.3,7.36,Medium,224.1,7.98
Container,Medium,72.8,87.0,31.85,21.32,14.13,High,406.99,4.64
Cargo,Large,102.25,67.0,17.27,35.63,4.54,Medium,458.85,12.96
Passenger,Large,188.45,96.0,18.12,32.28,3.98,Medium,178.84,10.24
Container,Medium,75.11,93.0,20.52,9.26,5.04,Medium,231.12,8.2
Passenger,Large,106.1,98.0,28.52,10.31,10.49,Medium,449.16,12.21
Passenger,Large,164.83,89.0,10.94,12.55,4.42,Low,23.52,13.8
Passenger,Medium,98.86,85.0,4.86,8.95,1.47,Low,391.93,14.55
Cargo,Small,38.97,77.0,22.24,32.86,7.83,Medium,227.11,3.12
Passenger,Large,171.69,97.0,13.08,49.72,4.9,Medium,188.26,10.14
Tanker,Small,26.43,95.0,17.7,32.61,3.76,Medium,223.46,3.72
Passenger,Large,111.14,62.0,25.88,30.33,9.46,Medium,209.35,9.65
Cargo,Medium,99.42,61.0,19.77,20.5,5.75,Medium,378.31,9.41
Tanker,Small,43.29,75.0,24.81,15.63,8.65,Medium,463.97,5.62
Passenger,Small,32.67,92.0,21.77,45.55,12.7,High,245.73,0.19
Cargo,Large,127.68,99.0,29.59,48.45,7.08,Medium,416.37,11.41
Container,Small,40.6,66.0,28.24,24.84,4.09,Medium,365.97,4.74
Cargo,Medium,94.54,84.0,21.37,14.51,3.52,Low,165.34,11.14
Container,Small,27.31,75.0,27.16,38.51,9.67,Medium,293.66,3.24
Tanker,Medium,53.13,99.0,34.94,6.62,13.71,High,333.41,4.08
Tanker,Small,46.5,94.0,17.29,38.28,7.66,Medium,11.75,1.12
Cargo,Large,143.67,94.0,16.51,40.95,6.97,Medium,197.98,10.04
Container,Medium,62.52,79.0,30.57,6.25,7.7,Medium,496.32,10.14
Container,Small,44.88,77.0,23.3,48.84,7.66,Medium,318.63,3.68
Passenger,Small,36.04,71.0,2.84,49.28,3.18,Low,167.12,6.03
Container,Large,175.1,62.0,35.68,46.84,14.64,High,125.01,3.07
Tanker,Small,30.96,95.0,1.23,24.8,1.45,Low,104.74,6.14
Cargo,Large,130.96,93.0,29.94,12.3,12.85,High,200.82,4.98
Cargo,Small,36.46,100.0,30.35,29.1,11.47,High,96.63,0.0
Tanker,Medium,90.35,100.0,38.12,21.0,8.97,Medium,67.59,5.05
Passenger,Medium,81.94,82.0,2.17,10.3,1.17,Low,182.03,12.59
Passenger,Medium,81.14,91.0,23.87,21.18,12.64,Medium,303.5,7.75
Cargo,Medium,94.14,98.0,17.11,33.19,3.51,Medium,73.2,6.46
Cargo,Medium,59.74,94.0,13.23,3.55,2.56,Low,22.17,10.43
Container,Medium,90.79,70.0,3.61,16.67,1.84,Low,17.32,10.68
Cargo,Small,20.77,78.0,22.51,0.89,8.04,Medium,133.69,2.79
Container,Medium,99.21,65.0,19.16,37.47,5.42,Medium,95.07,6.3
Cargo,Small,33.51,98.0,4.18,32.03,3.58,Low,269.63,7.29
Container,Medium,59.48,84.0,24.5,3.13,8.9,Medium,227.86,7.7
Container,Small,48.89,69.0,29.52,48.24,15.72,High,162.38,0.0
Passenger,Medium,67.13,87.0,30.69,1.13,7.17,Medium,416.77,9.49
Container,Medium,68.88,85.0,36.21,29.5,17.1,High,252.47,2.41
Tanker,Small,32.11,74.0,16.38,38.82,6.06,Medium,45.76,1.66
Cargo,Small,35.64,65.0,38.12,39.39,9.64,High,147.88,0.0
Passenger,Small,39.18,87.0,34.62,1.71,16.17,High,486.67,2.48
Tanker,Medium,50.23,81.0,11.86,45.32,3.89,Medium,488.49,10.6
Tanker,Large,153.9,91.0,6.37,45.92,5.34,Medium,127.34,9.9
Tanker,Small,23.09,81.0,17.42,28.07,6.34,Medium,83.62,2.17
Cargo,Medium,70.39,94.0,16.08,24.1,9.2,Medium,247.84,7.87
Tanker,Large,125.13,82.0,23.03,2.24,7.39,Medium,240.73,10.87
Passenger,Small,39.78,82.0,23.34,28.1,10.81,Medium,205.07,2.64
Tanker,Medium,50.54,95.0,30.0,20.47,4.11,Medium,264.68,7.93
Container,Medium,67.88,76.0,20.4,38.64,8.02,Medium,116.1,6.17
Container,Large,113.41,65.0,4.19,20.19,2.66,Low,57.46,14.5
Tanker,Medium,79.3,61.0,34.33,34.18,15.89,High,285.23,2.86
Passenger,Medium,95.03,90.0,12.39,5.07,2.28,Low,466.3,14.91
Container,Large,166.06,85.0,38.85,6.65,10.73,Medium,68.87,7.94
Container,Small,38.78,88.0,4.71,6.99,1.61,Low,352.41,8.79
Container,Medium,69.56,69.0,38.33,2.28,5.54,Medium,218.95,7.27
Tanker,Large,116.85,65.0,3.64,27.07,2.36,Low,146.99,15.31
Cargo,Medium,82.65,61.0,9.24,39.7,5.89,Medium,426.55,10.02
Tanker,Medium,53.66,74.0,1.86,30.52,1.94,Low,228.25,12.59
Tanker,Medium,85.59,84.0,28.2,28.75,9.14,Medium,291.66,7.62
Tanker,Medium,89.81,76.0,34.01,34.03,18.18,High,221.53,2.02
Tanker,Large,148.22,77.0,17.36,16.98,2.81,Low,40.62,13.72
Passenger,Small,42.65,96.0,37.14,18.1,13.41,High,297.45,0.41
Tanker,Large,135.66,74.0,23.61,15.71,10.17,Medium,209.42,9.98
Cargo,Medium,83.56,81.0,25.2,35.61,11.97,High,43.38,1.26
Cargo,Large,104.73,91.0,33.82,8.08,13.47,High,297.91,5.78
Tanker,Large,110.5,76.0,11.87,0.65,4.67,Low,4.94,13.78
Container,Small,30.17,85.0,14.17,29.81,3.24,Low,104.26,5.21
Cargo,Large,133.27,94.0,36.24,47.12,13.72,High,390.53,5.78
Container,Medium,88.63,98.0,36.04,30.47,16.41,High,18.96,0.14
Cargo,Large,183.18,66.0,39.06,39.15,7.33,Medium,323.34,10.16
Passenger,Small,33.32,97.0,36.07,33.64,5.46,Medium,474.85,5.13
Tanker,Small,45.22,80.0,5.09,24.87,3.41,Low,85.6,5.56
Passenger,Large,159.51,70.0,32.95,35.92,14.48,High,208.56,4.27
Tanker,Small,45.38,78.0,16.39,41.21,6.4,Medium,287.75,3.99
Passenger,Large,165.17,99.0,39.63,11.24,19.43,High,225.21,4.1
Container,Small,23.45,80.0,18.89,16.81,8.52,Medium,310.19,4.37
Cargo,Medium,60.99,73.0,22.15,11.19,11.35,Medium,202.05,7.15
Container,Medium,73.42,85.0,21.19,22.61,11.13,Medium,74.25,5.72
Container,Medium,82.9,70.0,12.87,44.25,5.98,Medium,44.52,5.92
Container,Small,49.43,63.0,3.0,17.26,2.07,Low,372.22,8.82
Container,Small,27.14,65.0,35.83,18.72,14.11,High,119.31,0.0
Cargo,Medium,96.08,65.0,32.11,43.02,15.78,High,423.73,4.19
Container,Large,174.88,66.0,5.58,25.77,3.6,Low,371.51,17.36
Cargo,Large,175.92,66.0,31.07,26.77,6.35,Medium,24.73,7.92
Container,Large,147.19,86.0,25.03,43.04,7.0,Medium,100.61,8.59
Cargo,Small,45.35,67.0,16.37,24.53,4.6,Medium,146.0,3.09
Cargo,Medium,72.32,74.0,10.16,34.08,6.05,Medium,297.24,8.78
Passenger,Medium,62.38,96.0,34.39,4.28,14.81,High,404.91,4.76
Passenger,Large,188.32,79.0,28.01,8.93,8.8,Medium,30.17,8.24
Container,Small,36.35,87.0,21.91,20.22,8.29,Medium,124.8,2.32
Cargo,Large,125.97,67.0,24.38,24.74,11.74,Medium,188.1,9.39
Passenger,Large,194.84,68.0,3.64,48.29,3.23,Low,91.69,14.25
Cargo,Medium,58.85,62.0,18.96,48.53,4.7,Medium,272.65,7.94
Passenger,Large,178.71,67.0,7.75,42.56,4.4,Medium,239.0,11.11
Passenger,Small,28.29,71.0,8.34,15.78,4.67,Low,158.25,6.18
Tanker,Large,169.37,67.0,26.45,48.2,13.42,High,258.44,4.96
Container,Medium,98.9,64.0,36.45,34.47,10.71,High,177.91,2.2
Passenger,Large,101.23,65.0,16.15,19.65,3.02,Low,171.6,15.01
Container,Small,22.04,78.0,8.31,35.08,4.7,Low,132.7,5.54
Cargo,Large,131.38,68.0,25.95,0.83,11.3,Medium,270.22,10.66
Passenger,Large,145.51,75.0,34.85,7.31,13.12,High,222.06,5.02
Container,Medium,50.66,80.0,29.93,41.48,10.16,High,98.16,1.64
Container,Medium,78.0,88.0,34.75,32.28,6.8,Medium,6.48,4.6
Cargo,Medium,83.89,62.0,21.46,18.21,10.87,Medium,75.46,5.83
Tanker,Medium,65.58,92.0,30.08,25.03,7.58,Medium,21.42,5.05
Passenger,Medium,94.04,85.0,5.6,45.26,3.33,Low,215.8,11.84
Passenger,Large,123.05,63.0,13.93,31.58,7.52,Medium,112.55,9.45
Container,Medium,59.97,95.0,15.58,19.91,8.67,Medium,210.23,7.66
Cargo,Small,23.11,97.0,20.45,6.02,7.75,Medium,164.72,3.13
Cargo,Small,49.87,62.0,37.16,14.69,13.74,High,269.01,0.16
Passenger,Medium,51.03,71.0,34.97,48.92,10.41,High,361.93,3.85
Cargo,Medium,79.0,92.0,5.38,21.87,1.68,Low,239.66,12.72
Container,Large,151.33,90.0,6.91,23.59,2.4,Low,30.98,14.05
Tanker,Large,163.48,67.0,14.31,24.93,6.02,Medium,8.76,8.67
Container,Small,45.14,68.0,11.63,44.21,4.08,Medium,106.62,2.59
Passenger,Small,23.6,75.0,24.59,30.2,12.66,High,212.48,0.03
Tanker,Small,45.99,79.0,36.11,34.68,8.06,Medium,22.45,0.32
Container,Large,156.2,85.0,38.49,19.47,12.86,High,163.87,4.04
Passenger,Small,39.55,75.0,26.14,1.45,8.04,Medium,443.51,5.7
Container,Medium,62.43,79.0,33.53,46.55,13.78,High,45.01,0.46
Cargo,Small,31.81,90.0,21.01,47.46,7.23,Medium,474.26,5.42
Container,Large,112.95,61.0,8.33,47.46,6.12,Medium,428.34,12.71
Container,Large,106.6,70.0,20.99,47.18,8.19,Medium,415.89,11.75
Passenger,Medium,57.42,89.0,22.2,40.76,10.48,Medium,431.83,8.95
Cargo,Medium,96.25,96.0,29.7,34.23,12.24,High,40.03,1.01
Cargo,Medium,55.17,80.0,8.8,42.23,3.4,Low,75.58,10.33
Passenger,Medium,73.27,81.0,14.73,30.03,6.64,Medium,67.19,6.27
Tanker,Small,37.75,64.0,14.56,6.72,5.0,Low,55.62,4.99
Passenger,Medium,85.29,78.0,38.38,19.56,18.61,High,163.86,1.47
Tanker,Small,47.23,81.0,17.76,48.56,10.46,Medium,415.11,4.65
Container,Large,155.36,70.0,30.2,17.56,5.72,Medium,125.98,9.23
Cargo,Small,47.03,71.0,30.03,43.39,6.15,Medium,122.11,1.64
Passenger,Large,190.05,75.0,10.62,4.66,2.55,Low,337.94,17.3
Tanker,Large,190.83,61.0,22.87,16.71,12.15,Medium,48.46,8.19
Tanker,Large,152.89,73.0,35.77,17.55,4.76,Medium,180.14,9.59
Container,Large,166.71,68.0,19.01,2.58,7.15,Medium,147.71,10.16
Tanker,Medium,62.28,73.0,37.8,5.95,13.28,High,423.65,4.9
Tanker,Small,39.71,65.0,8.58,9.66,3.56,Low,257.25,7.39
Container,Small,43.16,96.0,2.97,41.89,2.65,Low,323.24,7.78
Tanker,Large,154.53,84.0,35.66,3.17,6.96,Medium,64.52,8.5
Container,Large,127.18,87.0,33.91,14.94,9.98,Medium,464.46,12.05
Passenger,Small,32.07,92.0,39.7,0.51,5.52,Medium,161.23,2.47
Tanker,Large,106.7,80.0,27.18,34.78,5.27,Medium,353.42,11.35
Tanker,Medium,93.48,63.0,37.47,31.02,6.62,Medium,477.31,9.22
Cargo,Medium,59.07,81.0,33.08,32.25,12.5,High,254.32,2.99
Container,Large,184.07,83.0,33.78,18.72,9.69,Medium,253.77,9.91
Container,Small,45.05,90.0,22.77,10.41,5.47,Medium,58.62,2.09
Tanker,Small,32.78,77.0,15.29,36.02,5.26,Medium,195.14,3.34
Cargo,Small,40.03,65.0,37.38,40.56,8.87,High,426.23,1.7
Container,Small,40.78,71.0,17.28,6.93,4.92,Low,67.55,4.98
Cargo,Small,47.69,75.0,21.55,24.34,5.12,Medium,458.75,5.91
Container,Small,25.01,86.0,17.84,12.44,7.39,Medium,333.65,4.86
Tanker,Large,173.66,83.0,22.59,8.41,3.8,Low,210.48,15.23
Passenger,Medium,86.75,74.0,18.82,36.72,10.86,Medium,273.25,7.57
Passenger,Large,131.08,99.0,1.92,26.9,1.61,Low,75.25,14.76
Cargo,Medium,69.98,84.0,35.28,10.81,17.38,High,108.74,1.37
Tanker,Small,41.26,69.0,17.78,15.5,8.48,Medium,143.2,2.78
Cargo,Medium,96.87,64.0,23.56,48.33,11.19,High,192.42,2.66
Tanker,Small,23.33,66.0,5.57,42.43,4.71,Medium,457.76,6.38
Cargo,Small,34.43,70.0,0.14,44.0,2.22,Low,183.78,6.53
Container,Medium,91.25,66.0,9.81,23.0,2.82,Low,261.92,12.59
Container,Medium,81.15,67.0,28.18,31.19,7.22,Medium,81.01,5.66
Passenger,Medium,93.06,71.0,3.97,18.84,1.73,Low,367.99,14.13
Passenger,Small,27.98,67.0,36.36,3.89,8.35,Medium,280.14,3.47
Tanker,Small,30.8,96.0,8.6,20.05,3.84,Low,219.95,6.78
Passenger,Medium,97.15,63.0,8.18,29.7,2.4,Low,473.59,14.69
Tanker,Medium,91.17,81.0,7.26,14.36,2.55,Low,445.33,14.75
Passenger,Small,44.95,76.0,0.56,42.4,2.23,Low,329.76,8.0
Tanker,Small,34.76,99.0,30.87,7.56,10.96,Medium,460.91,5.22
Cargo,Medium,87.43,64.0,35.0,18.36,18.21,High,282.39,2.89
Container,Medium,77.31,76.0,24.57,6.25,7.86,Medium,413.47,9.6
Tanker,Small,37.31,99.0,7.53,20.24,3.05,Low,204.73,6.76
Tanker,Small,47.2,95.0,11.41,1.98,2.92,Low,43.37,5.33
Container,Medium,65.51,93.0,19.04,13.63,8.56,Medium,497.07,10.49
Container,Medium,91.87,70.0,38.17,20.04,5.92,Medium,82.82,5.53
Tanker,Large,119.31,67.0,9.89,23.91,5.98,Medium,125.76,10.09
Cargo,Large,155.59,87.0,29.27,27.18,9.18,Medium,81.55,8.29
Container,Small,39.55,97.0,17.58,13.75,4.65,Low,168.74,5.87
Tanker,Medium,81.38,82.0,11.91,26.15,7.14,Medium,144.64,7.21
Passenger,Small,23.99,83.0,18.24,25.45,9.92,Medium,300.55,3.99
Cargo,Medium,93.33,71.0,2.85,15.81,1.81,Low,498.23,15.54
Tanker,Large,155.99,91.0,31.95,41.51,5.51,Medium,26.25,7.68
Container,Large,125.54,67.0,9.73,27.28,5.25,Low,389.22,17.14
Tanker,Small,34.11,73.0,29.02,16.61,7.63,Medium,64.0,1.49
Tanker,Small,45.59,77.0,2.73,47.37,3.07,Low,9.92,4.51
Tanker,Large,109.49,80.0,38.2,42.26,8.36,High,319.29,5.6
Container,Small,45.55,70.0,7.72,49.13,4.84,Medium,436.66,5.91
Passenger,Large,150.73,65.0,35.31,34.61,15.78,High,88.15,2.85
Container,Small,48.46,84.0,32.38,18.91,7.72,Medium,170.81,2.34
Tanker,Small,37.64,72.0,38.71,14.04,19.11,High,84.38,0.0
Cargo,Small,45.33,83.0,19.12,33.17,5.06,Medium,453.25,5.81
Container,Small,48.48,66.0,29.1,49.04,6.13,Medium,135.18,1.7
Tanker,Medium,76.21,79.0,14.83,31.34,6.87,Medium,222.36,7.77
Passenger,Small,34.62,81.0,7.37,44.08,5.44,Medium,447.37,6.08
Tanker,Medium,65.26,62.0,17.72,16.46,9.35,Medium,276.43,8.21
Passenger,Medium,96.29,73.0,6.63,20.35,3.72,Low,466.42,14.75
Container,Large,143.58,65.0,39.28,45.31,9.33,High,463.23,6.83
Cargo,Small,45.05,63.0,3.85,37.84,3.78,Low,230.8,6.78
Container,Large,149.08,100.0,23.57,49.07,13.48,High,291.19,5.4
Container,Small,36.29,73.0,25.06,38.74,6.08,Medium,115.16,1.92
Tanker,Large,166.14,92.0,21.52,22.43,8.08,Medium,495.27,13.02
Passenger,Small,31.93,70.0,26.49,26.55,9.86,Medium,139.16,1.95
Cargo,Small,29.98,87.0,4.65,45.03,3.54,Low,391.65,8.23
Container,Large,113.16,90.0,22.2,27.58,12.34,Medium,156.48,9.07
Tanker,Large,170.99,84.0,11.49,12.77,2.06,Low,156.52,15.33
Container,Small,47.59,79.0,37.61,21.78,14.29,High,51.93,0.0
Passenger,Large,194.94,76.0,30.48,25.82,6.84,Medium,279.95,10.48
Tanker,Small,22.37,74.0,38.9,4.84,12.34,High,122.42,0.0
Tanker,Small,22.49,97.0,1.5,37.19,2.48,Low,74.2,5.48
Tanker,Large,119.7,93.0,11.41,5.47,2.54,Low,113.33,15.0
Cargo,Large,193.42,99.0,7.82,20.25,3.02,Low,125.55,14.96
Tanker,Medium,87.63,65.0,0.45,40.23,2.23,Low,252.04,12.67
Container,Large,138.91,89.0,9.69,23.38,5.09,Low,192.96,15.27
Tanker,Small,25.28,98.0,27.15,42.1,11.04,High,37.75,0.0
Passenger,Small,47.88,67.0,9.24,17.09,2.6,Low,268.01,7.42
Container,Medium,77.67,63.0,20.36,47.88,7.89,Medium,393.87,8.77
Container,Large,145.34,90.0,35.51,10.47,15.07,High,287.12,5.38
Cargo,Large,123.42,83.0,27.75,1.91,11.98,Medium,487.27,12.65
Container,Small,27.25,94.0,15.79,43.62,5.3,Medium,49.58,1.7
Passenger,Medium,64.21,66.0,14.9,37.61,7.32,Medium,410.58,9.48
Passenger,Large,184.34,92.0,18.23,11.6,3.1,Low,252.85,15.88
Container,Small,45.42,68.0,7.08,49.24,3.24,Low,260.8,6.75
Tanker,Small,37.35,67.0,25.36,25.11,9.36,Medium,259.55,3.29
Container,Large,186.26,67.0,14.57,47.55,5.14,Medium,162.66,9.83
Passenger,Small,20.33,93.0,34.09,25.25,5.75,Medium,162.28,2.24
Passenger,Small,46.25,87.0,30.26,23.59,13.04,High,315.92,0.87
Passenger,Medium,68.56,81.0,24.42,22.46,8.43,Medium,22.38,5.31
Tanker,Medium,61.55,74.0,14.57,16.74,6.93,Medium,294.39,8.79
Tanker,Large,190.65,95.0,8.4,26.69,4.41,Low,362.3,17.03
Cargo,Small,46.82,76.0,31.05,22.63,13.3,High,178.16,0.0
Container,Small,37.3,93.0,19.46,1.84,4.43,Low,108.68,5.43
Passenger,Small,42.97,78.0,8.99,13.02,2.5,Low,106.69,5.91
Container,Medium,96.44,75.0,7.81,10.66,3.19,Low,40.92,10.69
Tanker,Large,130.86,79.0,6.62,43.37,3.36,Low,44.86,13.71
Cargo,Medium,97.76,72.0,31.09,29.94,14.75,High,83.34,1.21
Passenger,Large,193.1,90.0,9.16,38.18,4.74,Medium,9.59,8.8
Cargo,Medium,63.42,80.0,21.07,47.84,6.41,Medium,133.12,6.28
Passenger,Medium,88.35,69.0,18.06,32.2,7.93,Medium,153.2,6.79
Container,Medium,57.52,96.0,23.18,49.13,13.54,High,497.61,5.48
Cargo,Small,29.46,75.0,35.09,15.59,5.44,Medium,495.84,5.75
Tanker,Large,101.94,82.0,34.71,9.31,5.45,Medium,93.52,8.87
Passenger,Large,161.69,96.0,18.04,20.17,8.9,Medium,106.52,9.27
Passenger,Medium,73.86,85.0,0.61,23.54,1.26,Low,245.95,13.03
Tanker,Medium,53.28,65.0,17.06,44.77,4.21,Medium,74.39,6.17
Container,Large,134.58,98.0,24.25,28.0,7.2,Medium,252.02,10.43
Passenger,Small,24.81,85.0,22.31,14.61,7.13,Medium,199.69,3.28
Container,Medium,53.56,73.0,26.05,37.13,10.4,Medium,162.31,6.14
Cargo,Medium,63.56,66.0,6.16,25.29,3.13,Low,411.3,14.19
Container,Small,46.98,92.0,25.86,8.11,12.44,Medium,414.06,4.84
Passenger,Small,45.29,85.0,7.31,28.84,4.42,Low,493.94,9.36
Passenger,Small,47.37,81.0,30.02,45.57,17.09,High,111.54,0.0
Container,Medium,57.75,96.0,13.56,42.13,6.05,Medium,444.14,9.92
Container,Small,38.84,92.0,28.4,29.34,5.26,Medium,268.92,3.56
Passenger,Medium,63.43,66.0,1.91,18.85,1.86,Low,295.73,13.5
Passenger,Large,112.73,72.0,16.31,4.35,1.88,Low,448.15,18.19
Passenger,Large,184.69,70.0,28.2,23.48,12.75,High,471.32,7.56
Cargo,Medium,64.64,90.0,9.07,37.6,2.9,Low,363.41,13.34
Tanker,Small,26.7,61.0,31.81,18.01,13.77,High,173.92,0.0
Cargo,Medium,67.85,83.0,25.23,11.77,12.58,Medium,244.83,7.29
Tanker,Medium,58.76,90.0,23.5,46.57,8.34,Medium,307.53,7.73
Tanker,Small,34.67,95.0,14.14,41.08,4.83,Medium,414.32,5.53
Tanker,Medium,95.67,74.0,19.3,31.91,5.27,Medium,328.97,8.76
Tanker,Small,46.1,93.0,23.89,6.84,7.43,Medium,182.72,3.15
Container,Small,34.33,64.0,18.9,7.25,3.54,Low,208.94,6.45
Tanker,Medium,86.68,94.0,27.93,5.16,10.57,Medium,25.22,5.3
Passenger,Medium,61.38,65.0,17.35,30.81,5.83,Medium,462.13,10.15
Cargo,Large,128.51,76.0,8.09,5.78,2.14,Low,44.06,14.51
Cargo,Large,185.41,92.0,8.56,42.13,4.54,Medium,289.97,11.58
Container,Medium,78.19,66.0,0.23,49.65,2.56,Low,435.83,14.3
Tanker,Medium,82.58,69.0,12.04,18.32,2.8,Low,210.43,12.06
Container,Medium,92.22,89.0,29.96,22.68,12.61,High,400.06,4.79
Cargo,Medium,77.35,89.0,31.77,35.58,16.18,High,401.91,4.1
Container,Medium,59.0,86.0,8.1,46.86,4.05,Medium,29.92,6.15
Container,Large,112.16,88.0,38.36,44.7,8.84,High,206.07,4.36
Tanker,Large,163.59,82.0,20.1,2.88,8.27,Medium,345.51,11.97
Tanker,Small,44.43,70.0,36.68,8.45,6.78,Medium,211.18,2.83
Passenger,Medium,76.22,74.0,28.27,37.73,5.18,Medium,272.58,7.64
Passenger,Large,146.05,67.0,28.9,34.44,11.77,High,297.23,5.66
Cargo,Large,165.14,96.0,3.4,6.66,1.0,Low,75.61,15.15
Container,Small,23.05,83.0,8.8,25.1,2.74,Low,205.99,6.64
Tanker,Small,22.26,76.0,0.35,39.04,2.12,Low,14.23,4.93
Cargo,Medium,74.4,78.0,28.65,10.94,6.76,Medium,74.81,6.02
Container,Small,49.94,98.0,13.78,43.56,8.54,Medium,256.13,3.55
Cargo,Small,30.8,66.0,31.47,2.65,5.52,Medium,286.79,4.09
Cargo,Large,123.62,83.0,13.56,39.11,7.75,Medium,73.12,8.9
Tanker,Large,167.35,80.0,32.77,30.79,11.4,High,377.81,6.38
Container,Medium,93.48,84.0,5.23,15.76,1.48,Low,186.49,12.34
Passenger,Medium,50.82,61.0,6.93,36.05,4.53,Low,460.32,14.28
Container,Large,155.48,95.0,13.64,39.12,8.19,Medium,193.83,10.05
Cargo,Small,20.4,97.0,16.34,46.69,5.03,Medium,74.91,1.9
Cargo,Small,49.99,83.0,13.95,18.39,6.36,Medium,378.99,5.49
Cargo,Medium,56.34,88.0,30.55,34.3,10.21,Medium,283.9,7.2
Container,Large,190.02,97.0,3.88,30.13,3.06,Low,193.34,15.63
Cargo,Medium,97.9,88.0,14.05,26.26,6.73,Medium,177.98,7.48
Cargo,Small,37.32,66.0,33.49,44.52,5.93,Medium,75.38,1.0
Container,Small,46.28,83.0,2.67,0.16,0.47,Low,170.42,7.32
Cargo,Medium,96.94,84.0,37.69,14.11,11.58,High,14.67,0.82
Tanker,Medium,73.2,77.0,39.45,26.91,20.02,High,251.2,2.0
Passenger,Large,141.54,89.0,3.54,8.91,1.28,Low,448.36,18.8
Passenger,Medium,98.01,97.0,11.65,45.39,6.37,Medium,397.67,9.45
Passenger,Large,187.75,97.0,14.9,32.38,3.18,Low,14.26,13.23
Tanker,Large,100.29,78.0,31.06,23.89,13.14,High,440.63,7.06
Container,Large,173.71,65.0,23.84,40.74,10.17,Medium,226.16,9.64
Container,Small,48.17,99.0,25.77,22.54,11.08,Medium,95.45,1.51
Cargo,Small,35.45,94.0,30.3,27.93,15.39,High,376.21,1.15
Cargo,Medium,86.58,65.0,4.72,0.14,0.76,Low,161.44,12.5
Tanker,Small,29.4,97.0,33.33,18.29,7.74,Medium,126.66,1.86
Passenger,Large,176.99,95.0,28.22,6.94,14.41,High,80.66,3.82
Tanker,Small,22.76,81.0,23.09,34.48,5.48,Medium,243.31,3.44
Tanker,Medium,82.95,84.0,35.59,23.95,15.02,High,46.7,0.71
Cargo,Small,40.59,76.0,28.01,15.09,11.68,Medium,392.81,4.46
Container,Large,171.07,62.0,8.07,23.39,4.18,Low,235.34,15.86
Passenger,Small,43.26,73.0,17.19,10.48,3.81,Low,223.49,6.58
Cargo,Small,48.4,92.0,19.76,46.25,5.99,Medium,0.93,0.9
Cargo,Medium,86.1,60.0,2.21,2.7,0.95,Low,408.93,15.03
Cargo,Large,140.16,73.0,38.19,43.27,8.83,High,246.42,4.81
Passenger,Small,27.45,76.0,5.14,25.57,3.15,Low,219.95,6.92
Tanker,Medium,84.98,81.0,27.9,30.95,9.83,Medium,380.69,8.41
Cargo,Medium,78.01,97.0,20.25,15.13,5.91,Medium,31.45,6.01
Tanker,Small,49.13,74.0,1.03,48.33,2.64,Low,183.34,6.35
Container,Large,104.06,74.0,36.99,14.09,18.42,High,287.87,4.91
Tanker,Large,131.27,90.0,34.07,29.44,11.8,High,230.29,4.83
Container,Small,24.11,78.0,20.97,49.67,9.29,Medium,90.82,1.34
Passenger,Small,29.39,69.0,9.16,44.05,6.6,Medium,149.64,2.9
Tanker,Large,105.73,78.0,4.86,26.82,3.1,Low,150.1,15.21
Passenger,Small,29.09,66.0,14.54,49.52,9.5,Medium,495.99,5.69
Cargo,Small,42.89,67.0,10.22,35.07,3.21,Low,163.1,5.9
Passenger,Medium,70.6,80.0,20.27,10.44,9.41,Medium,102.59,6.46
Cargo,Medium,60.68,77.0,38.66,20.28,10.07,Medium,411.32,8.37
Cargo,Medium,89.3,97.0,23.0,16.72,10.59,Medium,210.59,7.16
Container,Small,26.27,74.0,35.6,17.2,16.6,High,221.93,0.0
Passenger,Large,185.92,83.0,26.04,38.02,7.33,Medium,274.44,10.35
Container,Small,28.25,85.0,19.01,29.21,6.47,Medium,297.84,4.2
Cargo,Medium,55.2,61.0,34.18,1.9,13.44,High,295.28,3.86
Cargo,Large,142.93,87.0,18.85,43.87,4.83,Medium,17.25,8.27
Cargo,Medium,99.98,67.0,34.75,14.84,14.72,High,409.42,4.59
Passenger,Medium,63.46,98.0,11.66,49.85,4.17,Medium,97.43,6.58
Passenger,Medium,83.46,66.0,5.15,47.71,4.78,Medium,146.17,7.37
Cargo,Large,112.89,77.0,34.21,47.03,9.55,High,86.71,3.26
Container,Small,41.8,63.0,23.5,40.56,9.79,Medium,383.54,4.27
Container,Large,175.32,100.0,35.56,11.03,5.77,Medium,291.83,10.74
Cargo,Small,49.83,80.0,37.51,26.63,9.13,Medium,377.65,3.86
Container,Medium,70.73,84.0,2.15,11.22,1.12,Low,326.7,14.02
Container,Large,162.78,63.0,20.04,12.98,6.56,Medium,52.08,9.0
Tanker,Large,102.1,90.0,15.0,30.55,3.03,Low,150.75,14.64
Cargo,Large,111.95,68.0,25.03,2.04,11.5,Medium,253.63,10.49
Container,Large,196.14,96.0,31.74,48.47,5.69,Medium,152.47,8.8
Container,Small,23.38,68.0,11.22,45.93,6.89,Medium,103.65,2.27
Passenger,Large,121.37,68.0,22.27,19.04,7.37,Medium,434.91,12.52
Container,Medium,70.71,61.0,28.35,25.77,10.06,Medium,373.89,8.4
Tanker,Large,199.99,79.0,5.38,23.31,2.15,Low,172.61,15.58
Tanker,Medium,84.25,83.0,32.56,44.11,13.37,High,382.51,3.98
Tanker,Small,26.1,63.0,24.24,34.43,9.35,Medium,313.77,3.7
Passenger,Medium,61.03,91.0,37.98,13.91,6.99,Medium,1.89,4.74
Tanker,Small,27.69,78.0,13.58,22.34,3.77,Low,190.13,6.2
Passenger,Medium,72.95,81.0,4.33,21.45,1.62,Low,145.24,11.84
Passenger,Small,33.65,78.0,20.26,47.97,4.96,Medium,108.95,2.02
Passenger,Large,180.36,76.0,3.43,8.77,0.8,Low,125.79,15.63
Cargo,Small,24.84,82.0,38.78,4.48,7.52,Medium,471.18,5.33
Passenger,Small,32.65,66.0,1.55,44.03,2.78,Low,243.16,7.0
Cargo,Medium,63.11,67.0,30.14,44.83,9.07,Medium,423.85,8.53
Tanker,Medium,90.66,94.0,21.0,43.59,7.16,Medium,107.11,6.03
Cargo,Medium,68.44,98.0,14.74,25.55,3.53,Low,87.2,10.47
Passenger,Small,39.16,75.0,2.63,32.99,2.52,Low,444.39,9.2
Container,Small,34.84,71.0,24.89,28.17,7.3,Medium,247.85,3.34
Passenger,Medium,60.06,86.0,23.41,3.47,8.85,Medium,447.58,9.95
Container,Large,139.17,76.0,11.24,29.79,5.95,Medium,31.51,8.96
Tanker,Large,133.84,61.0,36.41,0.68,12.19,Medium,458.22,11.93
Tanker,Medium,96.53,66.0,12.16,16.25,3.37,Low,207.72,12.01
Container,Large,141.56,89.0,17.99,46.61,7.79,Medium,77.69,8.57
Passenger,Large,107.96,86.0,21.75,15.2,5.13,Medium,341.69,11.91
Cargo,Large,180.27,61.0,4.01,46.99,4.2,Low,398.45,17.22
Container,Large,138.1,69.0,37.29,12.51,15.79,High,23.69,2.54
Cargo,Small,31.79,69.0,14.98,15.73,5.24,Low,493.6,9.15
Container,Small,32.09,87.0,3.23,31.42,3.14,Low,348.51,8.18
Cargo,Medium,88.45,61.0,15.49,38.08,6.84,Medium,160.7,6.99
Cargo,Small,39.52,64.0,24.01,25.07,6.81,Medium,75.65,1.77
Tanker,Large,109.05,92.0,20.55,44.11,5.05,Medium,196.27,9.95
Tanker,Large,186.02,67.0,27.78,2.01,8.92,Medium,110.28,9.18
Passenger,Large,137.96,86.0,2.22,46.11,3.29,Low,247.08,15.91
Tanker,Large,114.02,70.0,11.38,9.82,5.57,Low,390.95,17.39
Tanker,Large,134.8,64.0,32.77,44.21,13.41,High,330.07,5.44
Tanker,Small,30.25,70.0,3.2,20.04,1.83,Low,217.97,7.24
Container,Small,43.36,89.0,34.22,41.64,14.41,High,59.47,0.0
Passenger,Small,45.45,94.0,3.68,33.58,3.17,Low,478.58,9.41
Container,Small,47.31,93.0,33.38,8.8,9.27,Medium,135.19,1.98
Tanker,Large,146.16,76.0,14.43,45.9,6.49,Medium,138.92,9.5
Passenger,Medium,71.35,87.0,24.49,12.28,9.73,Medium,322.75,8.38
Cargo,Small,49.17,68.0,6.12,12.21,3.37,Low,385.25,8.77
Container,Medium,61.03,72.0,2.65,40.71,3.14,Low,492.08,14.86
Passenger,Large,187.07,96.0,8.64,5.29,1.21,Low,484.58,18.99
Passenger,Medium,77.12,61.0,5.11,11.1,1.32,Low,456.88,15.16
Passenger,Small,31.28,63.0,12.5,25.18,6.77,Medium,217.66,3.77
Tanker,Small,23.44,68.0,20.58,41.52,11.0,Medium,83.33,1.27
Tanker,Medium,93.39,61.0,23.55,7.37,6.39,Medium,292.24,8.56
Cargo,Medium,70.82,67.0,31.59,27.38,11.91,High,8.63,0.77
Container,Medium,71.82,83.0,26.25,35.56,13.91,High,98.12,1.57
Cargo,Medium,84.18,77.0,24.35,43.03,13.47,High,1.26,0.59
Cargo,Large,120.86,96.0,16.47,46.78,9.15,Medium,90.27,8.63
Cargo,Small,20.27,93.0,18.95,39.23,5.45,Medium,237.38,3.5
Cargo,Small,31.51,74.0,16.58,32.64,8.13,Medium,196.66,3.07
Passenger,Medium,66.24,70.0,33.69,21.68,5.82,Medium,184.65,6.75
Passenger,Large,154.04,75.0,9.2,5.61,4.49,Low,415.48,17.93
Tanker,Medium,93.92,84.0,0.23,35.49,1.81,Low,337.5,13.67
Tanker,Large,133.43,71.0,26.05,49.64,11.99,High,468.22,7.19
Container,Medium,52.69,85.0,8.1,36.84,4.63,Low,222.67,11.82
Cargo,Medium,94.75,76.0,35.6,0.84,14.67,High,136.11,2.1
Container,Large,192.17,82.0,34.36,24.81,12.26,High,61.34,3.17
Container,Medium,94.41,77.0,3.07,30.73,1.92,Low,336.01,13.6
Passenger,Small,37.2,72.0,4.26,34.48,3.35,Low,420.87,8.77
Container,Small,33.9,98.0,19.81,35.99,6.82,Medium,91.87,1.93
Tanker,Small,32.83,91.0,24.37,27.91,6.95,Medium,439.38,5.32
Cargo,Large,162.45,66.0,11.0,11.17,6.02,Low,263.14,16.06
Cargo,Small,35.55,95.0,28.67,47.11,11.99,High,72.04,0.0
Cargo,Small,48.19,79.0,23.8,34.83,10.89,Medium,321.43,3.64
Passenger,Small,47.44,96.0,12.99,11.84,4.63,Low,260.03,7.05
Passenger,Large,108.81,92.0,1.01,16.12,1.22,Low,14.09,14.45
Container,Small,46.05,77.0,30.01,46.1,14.33,High,199.62,0.0
Cargo,Small,20.93,61.0,8.59,44.37,5.34,Medium,392.39,5.47
Passenger,Large,191.94,71.0,33.38,20.26,17.67,High,277.71,4.94
Passenger,Small,21.43,82.0,16.81,1.92,4.87,Low,141.02,5.84
Container,Medium,88.82,85.0,23.08,2.42,8.95,Medium,464.32,10.15
Cargo,Medium,69.19,70.0,34.92,14.2,15.35,High,118.89,1.62
Passenger,Large,120.71,66.0,34.54,31.46,10.22,High,126.37,3.89
Passenger,Medium,78.19,93.0,14.86,29.21,5.66,Medium,177.32,7.48
Passenger,Large,135.69,99.0,8.36,31.69,5.66,Medium,447.27,13.25
Tanker,Large,110.99,81.0,31.01,35.86,5.29,Medium,253.81,10.14
Container,Small,30.12,67.0,17.32,0.95,4.1,Low,341.09,7.92
Cargo,Medium,92.6,71.0,7.68,5.25,2.52,Low,488.13,15.34
Passenger,Small,22.89,61.0,36.18,17.97,4.54,Medium,391.65,4.69
Container,Medium,77.14,97.0,7.92,7.74,4.03,Low,86.3,11.11
Passenger,Large,121.22,65.0,1.03,3.77,0.41,Low,394.18,18.57
Container,Medium,53.97,83.0,0.81,32.05,1.77,Low,374.17,14.08
Tanker,Small,26.64,71.0,24.89,40.77,12.69,High,116.31,0.0
Cargo,Medium,95.36,82.0,26.47,37.63,7.47,Medium,162.67,6.4
Container,Large,152.52,86.0,12.44,40.85,6.56,Medium,355.06,11.86
Container,Large,165.28,93.0,12.8,33.29,7.15,Medium,119.2,9.57
Cargo,Small,30.47,68.0,13.58,36.77,7.5,Medium,104.09,2.28
Container,Medium,74.9,60.0,27.21,13.59,11.91,Medium,351.74,8.29
Passenger,Small,40.81,65.0,2.33,49.65,2.8,Low,440.3,8.81
Passenger,Large,124.39,96.0,37.16,9.16,5.36,Medium,37.51,8.2
Container,Large,145.47,95.0,8.9,10.72,2.52,Low,222.95,16.12
Cargo,Small,32.59,84.0,39.99,14.45,5.3,Medium,303.59,3.62
Tanker,Large,141.47,84.0,6.86,48.77,4.5,Medium,338.14,12.01
Passenger,Small,34.32,87.0,30.86,49.41,10.43,High,498.1,2.41
Cargo,Medium,93.44,67.0,8.94,39.74,4.87,Medium,341.35,9.28
Passenger,Small,39.33,97.0,3.23,31.45,2.28,Low,310.08,7.88
Passenger,Medium,67.31,77.0,35.0,26.0,11.6,High,494.87,5.52
Container,Large,143.42,75.0,34.35,48.53,10.46,High,30.33,2.57
Tanker,Medium,87.94,81.0,16.14,34.78,4.61,Medium,37.22,6.01
Container,Small,49.09,62.0,28.1,47.24,12.47,High,280.34,0.21
Cargo,Large,198.5,67.0,22.28,15.83,9.02,Medium,179.33,9.86
Cargo,Small,35.24,90.0,34.12,16.69,15.56,High,48.35,0.0
Tanker,Small,42.07,63.0,12.6,42.74,7.81,Medium,153.22,2.67
Cargo,Medium,83.44,84.0,20.95,7.49,8.37,Medium,337.18,8.94
Passenger,Large,187.22,70.0,19.41,47.3,9.64,Medium,440.31,11.92
Container,Small,36.95,76.0,14.16,25.37,3.01,Low,47.16,4.76
Container,Small,28.79,72.0,35.66,46.32,7.45,Medium,270.07,2.65
Tanker,Small,31.7,74.0,6.64,16.84,3.66,Low,148.06,6.25
Cargo,Small,45.65,89.0,5.98,35.8,2.95,Low,333.66,7.83
Tanker,Medium,73.2,72.0,23.08,24.14,6.8,Medium,274.73,8.03
Passenger,Large,106.65,83.0,26.3,31.34,5.73,Medium,463.36,12.52
Cargo,Medium,99.01,79.0,7.78,25.22,2.65,Low,18.84,10.23
Container,Large,111.52,87.0,15.63,48.36,8.83,Medium,235.02,10.12
Tanker,Large,177.03,97.0,37.86,34.61,9.48,High,96.38,3.43
Passenger,Small,35.82,89.0,9.86,12.57,3.39,Low,268.39,7.4
Cargo,Small,35.0,69.0,26.73,45.48,6.57,Medium,426.79,4.76
Passenger,Large,168.61,61.0,29.61,14.7,11.73,Medium,455.66,12.01
Tanker,Small,31.82,70.0,17.93,18.58,7.95,Medium,199.12,3.33
Container,Large,180.92,84.0,37.5,5.11,9.43,Medium,405.89,11.54
Cargo,Large,183.53,62.0,29.47,45.0,14.45,High,140.25,3.58
Cargo,Medium,66.87,80.0,18.32,14.31,4.31,Low,3.15,9.6
Passenger,Small,22.13,84.0,22.77,12.95,9.23,Medium,427.62,5.36
Container,Medium,80.52,73.0,27.7,46.01,13.16,High,59.71,0.98
Container,Large,184.56,91.0,23.69,40.28,13.56,High,8.81,2.74
Tanker,Large,182.68,64.0,35.15,7.05,7.13,Medium,176.9,9.56
Container,Large,105.82,63.0,14.28,38.47,3.89,Medium,189.69,10.42
Tanker,Small,45.71,89.0,12.0,45.65,4.75,Medium,38.61,1.8
Container,Medium,58.28,80.0,8.55,3.93,1.47,Low,407.09,14.62
Passenger,Large,198.84,88.0,1.51,41.26,2.32,Low,202.8,15.7
Cargo,Small,30.41,77.0,1.72,27.37,1.77,Low,244.96,7.44
Passenger,Medium,80.83,70.0,34.8,33.46,10.92,High,132.31,1.82
Tanker,Small,33.23,93.0,27.14,24.64,13.76,High,255.75,0.33
Container,Large,153.56,92.0,26.42,34.89,6.45,Medium,383.37,11.57
Passenger,Small,48.88,88.0,24.59,1.7,12.1,Medium,453.09,5.46
Tanker,Medium,79.07,71.0,33.97,38.14,16.31,High,485.26,4.76
Container,Small,27.49,84.0,19.21,1.67,8.78,Medium,213.36,3.66
Passenger,Large,158.72,74.0,34.82,22.76,17.57,High,495.02,7.0
Cargo,Large,100.06,64.0,14.38,7.55,6.15,Low,147.48,14.79
Passenger,Small,44.14,97.0,37.07,41.18,17.46,High,3.49,0.0
Passenger,Large,129.18,65.0,27.95,15.68,8.47,Medium,383.81,11.68
Cargo,Medium,58.85,98.0,10.29,22.7,4.27,Low,89.22,10.7
Container,Small,29.8,78.0,22.56,21.44,11.74,Medium,26.23,0.93
Passenger,Medium,54.09,67.0,21.32,38.63,7.29,Medium,462.0,9.65
Cargo,Medium,69.99,82.0,5.52,24.06,1.85,Low,395.91,14.22
Container,Small,35.28,95.0,23.65,39.45,11.55,High,51.33,0.0
Tanker,Medium,91.29,89.0,12.59,3.68,4.33,Low,388.46,13.95
Tanker,Small,28.34,92.0,2.09,9.58,1.37,Low,422.0,9.59
Tanker,Medium,68.13,86.0,37.95,27.58,6.32,Medium,452.65,9.05
Passenger,Large,169.25,88.0,25.66,47.35,11.31,High,271.85,5.36
Cargo,Large,184.42,94.0,35.08,3.74,7.17,Medium,351.71,11.37
Container,Medium,58.71,70.0,27.04,2.15,12.58,Medium,381.12,8.76
Container,Large,118.33,80.0,14.28,7.83,2.45,Low,344.32,17.13
Passenger,Large,133.56,69.0,20.51,32.06,10.57,Medium,323.42,10.91
Container,Medium,58.84,100.0,27.03,19.95,4.66,Medium,273.78,8.12
Passenger,Medium,64.31,98.0,38.41,41.28,6.29,Medium,239.6,6.62
Tanker,Large,171.43,62.0,10.15,3.6,2.15,Low,498.06,18.99
Passenger,Small,42.79,88.0,35.0,9.82,8.65,Medium,168.78,2.28
Tanker,Small,44.16,97.0,36.96,15.0,13.71,High,44.13,0.0
Passenger,Small,36.04,67.0,26.82,31.34,5.66,Medium,382.52,4.69
Tanker,Small,41.53,83.0,37.25,34.26,11.95,High,106.91,0.0
Tanker,Small,37.9,97.0,15.92,6.21,3.2,Low,266.35,7.22
Container,Medium,61.5,61.0,38.12,47.19,19.21,High,47.9,0.0
Container,Small,34.7,88.0,28.11,17.05,4.17,Medium,309.64,4.33
Cargo,Large,130.96,72.0,1.68,35.66,2.19,Low,472.0,18.5
Container,Small,28.59,97.0,36.27,26.21,14.1,High,361.35,0.87
Passenger,Large,176.56,99.0,19.38,11.14,9.57,Medium,107.27,9.32
Tanker,Small,44.95,98.0,18.41,42.31,10.35,Medium,485.57,5.45
Cargo,Medium,87.55,79.0,22.66,40.91,12.43,High,153.54,2.34
Container,Medium,86.07,94.0,5.98,19.8,1.74,Low,218.31,12.51
Cargo,Medium,83.06,94.0,18.77,29.43,9.66,Medium,249.06,7.6
Passenger,Small,42.68,73.0,33.25,12.89,14.34,High,495.36,2.6
Passenger,Medium,50.01,93.0,0.62,34.49,2.01,Low,34.45,10.62
Passenger,Medium,90.89,61.0,10.92,15.45,3.23,Low,348.36,13.51
Passenger,Small,45.34,84.0,0.1,42.2,2.16,Low,180.97,6.54
Passenger,Small,29.43,69.0,16.63,10.87,4.88,Low,39.16,4.65
Container,Small,40.99,65.0,29.13,0.74,10.34,Medium,467.52,5.57
Passenger,Medium,51.5,63.0,31.95,13.43,9.29,Medium,294.93,7.75
Tanker,Medium,50.52,88.0,37.81,9.55,10.73,Medium,376.76,8.21
Container,Small,47.09,74.0,24.34,25.41,9.03,Medium,120.19,1.97
Tanker,Medium,66.04,89.0,10.19,10.19,2.98,Low,380.77,14.0
Cargo,Small,40.24,63.0,36.97,38.16,17.33,High,414.24,0.8
Container,Medium,87.63,73.0,31.01,12.07,11.56,Medium,215.41,6.81
Container,Small,24.55,82.0,22.98,35.35,10.41,Medium,285.98,3.36
Cargo,Small,35.08,92.0,27.83,28.92,6.8,Medium,485.94,5.61
Cargo,Small,25.32,73.0,36.97,49.31,20.5,High,423.36,0.35
Container,Large,154.64,85.0,28.5,50.0,12.88,High,222.43,4.51
Container,Small,39.93,95.0,14.73,43.48,4.81,Medium,332.29,4.64
Cargo,Small,38.14,85.0,28.52,38.0,13.31,High,392.12,1.4
Passenger,Small,40.36,69.0,1.61,19.32,1.24,Low,12.16,5.33
Cargo,Small,21.96,61.0,15.46,37.66,3.82,Medium,294.18,4.43
Cargo,Small,31.68,95.0,16.25,47.83,7.45,Medium,492.26,5.81
Passenger,Large,176.01,61.0,6.67,1.17,2.2,Low,473.59,18.96
Container,Medium,57.1,95.0,0.92,26.9,1.51,Low,416.22,14.63
Passenger,Large,198.35,81.0,5.34,10.9,1.82,Low,53.11,14.66
Passenger,Large,179.92,98.0,26.18,27.89,13.92,High,497.02,7.71
Passenger,Medium,77.36,92.0,32.09,23.32,8.03,Medium,304.77,7.77
Tanker,Small,48.15,100.0,39.53,28.79,7.85,Medium,111.45,1.18
Tanker,Large,145.35,74.0,13.85,27.55,8.26,Medium,337.13,11.7
Tanker,Medium,96.64,91.0,23.98,48.01,7.7,Medium,428.26,8.95
Cargo,Large,133.02,76.0,37.49,27.61,15.33,High,56.16,2.6
Passenger,Large,151.17,79.0,6.68,42.31,3.4,Low,458.22,17.86
Container,Medium,61.27,85.0,28.71,15.99,9.99,Medium,460.1,9.45
Cargo,Medium,53.71,95.0,30.2,21.91,8.78,Medium,6.73,4.84
Container,Large,126.51,99.0,3.56,23.52,2.9,Low,450.16,18.36
Cargo,Small,48.11,91.0,34.45,13.94,10.11,Medium,473.41,5.12
Cargo,Medium,96.47,77.0,32.52,18.99,11.8,High,18.85,1.0
Container,Large,190.72,77.0,1.34,29.93,2.14,Low,147.08,15.39
Cargo,Small,49.94,90.0,3.64,29.01,3.25,Low,186.55,6.58
Tanker,Medium,87.75,70.0,1.97,31.82,1.87,Low,174.45,12.02
Container,Large,134.77,64.0,13.39,17.59,6.69,Medium,379.5,12.5
Cargo,Large,110.07,74.0,20.37,15.79,5.94,Medium,179.05,10.26
Container,Medium,58.59,71.0,21.29,30.58,8.72,Medium,478.29,9.83
Cargo,Medium,92.91,72.0,10.71,6.64,3.01,Low,497.5,15.21
Container,Small,23.18,69.0,36.46,12.65,10.13,Medium,158.41,1.9
Passenger,Large,156.68,62.0,14.73,2.11,2.51,Low,254.4,16.31
Tanker,Large,191.35,61.0,1.82,3.63,0.78,Low,278.85,17.35
Container,Large,125.26,100.0,12.01,12.17,4.44,Low,289.7,16.41
Passenger,Small,34.45,77.0,21.24,0.98,3.78,Low,187.1,6.21
Cargo,Large,197.46,75.0,16.33,12.27,5.79,Medium,83.0,9.59
Cargo,Medium,94.23,87.0,10.95,32.75,6.99,Medium,27.28,5.97
Passenger,Large,107.99,69.0,5.25,3.06,2.18,Low,53.17,14.79
Container,Medium,82.74,98.0,32.77,21.84,10.67,Medium,450.65,8.96
Passenger,Large,184.49,91.0,39.85,45.66,20.87,High,140.19,2.41
Container,Medium,68.22,64.0,13.18,39.56,6.33,Medium,38.41,5.9
Tanker,Small,43.12,77.0,15.26,15.27,3.11,Low,311.76,7.54
Cargo,Medium,91.15,95.0,24.72,46.24,10.2,Medium,37.65,4.8
Tanker,Medium,89.88,98.0,28.74,16.48,5.78,Medium,35.03,5.61
Tanker,Large,189.55,79.0,15.68,3.63,6.56,Medium,310.79,12.0
Passenger,Medium,71.27,85.0,36.2,49.7,20.11,High,295.7,2.14
Tanker,Large,198.29,67.0,22.4,43.5,7.65,Medium,20.74,7.85
Passenger,Medium,74.04,100.0,18.02,23.3,6.1,Medium,230.24,7.93
Cargo,Small,45.1,69.0,25.87,33.32,8.61,Medium,217.88,2.76
Container,Small,41.16,98.0,38.11,33.56,9.84,High,273.34,0.17
Container,Medium,60.98,86.0,31.78,9.72,13.76,High,368.92,4.53
Cargo,Large,117.46,84.0,1.6,10.0,1.06,Low,141.4,15.83
Cargo,Small,47.48,81.0,13.29,23.48,2.84,Low,216.39,6.55
Tanker,Large,170.92,69.0,18.82,45.58,10.48,Medium,396.37,11.46
Passenger,Medium,73.14,67.0,12.58,0.5,2.22,Low,461.28,14.95
Tanker,Large,155.25,69.0,28.01,39.13,15.73,High,445.66,6.7
Tanker,Medium,87.43,67.0,33.05,2.88,8.43,Medium,238.82,7.44
Tanker,Medium,51.71,91.0,29.25,23.91,11.33,Medium,260.43,7.13
Passenger,Large,125.43,74.0,39.57,31.89,6.78,Medium,264.55,9.75
Passenger,Medium,94.08,62.0,10.9,34.34,4.31,Low,434.36,13.88
Container,Small,46.54,99.0,35.0,2.92,14.88,High,419.97,1.9
Tanker,Medium,67.87,95.0,30.66,20.93,9.96,Medium,155.77,6.21
Container,Large,171.5,97.0,14.49,29.19,8.15,Medium,81.42,9.09
Cargo,Small,33.44,100.0,29.36,3.3,9.86,Medium,189.49,2.77
Tanker,Small,49.37,67.0,4.16,6.75,2.3,Low,144.2,6.67
Container,Medium,64.02,76.0,31.57,33.18,17.22,High,475.39,4.79
Tanker,Medium,71.87,90.0,21.29,26.08,7.3,Medium,132.96,6.61
Tanker,Medium,68.15,88.0,11.69,8.09,4.22,Low,90.6,10.94
Container,Small,33.05,66.0,26.23,26.76,12.72,High,449.74,2.38
Passenger,Small,38.49,93.0,25.66,45.63,7.12,Medium,43.24,0.92
Container,Small,31.93,69.0,8.38,0.78,3.77,Low,130.13,6.29
Cargo,Large,136.81,69.0,1.22,32.13,2.02,Low,219.56,16.09
Container,Small,36.52,81.0,17.34,3.68,6.95,Medium,297.55,4.74
Passenger,Large,190.81,84.0,22.78,0.32,3.02,Low,163.84,14.99
Container,Large,103.43,83.0,35.06,7.53,14.63,High,248.12,5.11
Passenger,Medium,78.66,64.0,37.13,21.15,9.39,Medium,99.42,5.38
Cargo,Medium,88.18,95.0,21.15,40.12,10.93,Medium,287.14,7.52
Tanker,Medium,82.67,71.0,30.15,14.09,9.86,Medium,203.91,6.86
Tanker,Medium,66.67,65.0,17.57,31.28,5.25,Medium,424.63,9.82
Container,Small,23.63,96.0,29.84,20.56,15.38,High,207.87,0.0
Passenger,Small,22.12,98.0,8.19,11.72,3.91,Low,221.91,6.98
Container,Medium,52.5,94.0,14.84,25.71,8.62,Medium,296.09,8.44
Tanker,Medium,90.0,92.0,25.37,39.87,8.23,Medium,61.59,5.33
Tanker,Medium,95.29,86.0,0.73,41.62,2.34,Low,78.4,10.88
Passenger,Medium,55.32,82.0,28.9,42.33,12.08,High,395.12,4.45
Tanker,Large,185.97,63.0,33.42,16.93,13.38,High,136.71,4.02
Passenger,Large,190.78,76.0,15.97,39.67,3.83,Medium,342.35,11.85
Container,Large,166.72,75.0,17.92,10.61,4.41,Low,48.71,13.74
Cargo,Large,196.77,70.0,34.05,36.92,17.64,High,410.92,5.9
Container,Large,154.96,89.0,31.03,47.42,10.73,High,494.11,7.37
Cargo,Large,135.12,80.0,11.53,0.69,5.62,Low,186.85,15.52
Container,Large,124.53,63.0,12.96,22.02,3.5,Low,252.77,15.89
Cargo,Small,27.6,69.0,27.16,32.39,15.17,High,221.36,0.0
Container,Large,174.54,87.0,22.53,35.09,10.29,Medium,447.09,12.01
Passenger,Small,46.45,63.0,6.49,8.8,3.1,Low,4.97,5.04
Passenger,Small,37.64,94.0,12.4,48.61,5.64,Medium,326.73,4.51
Cargo,Small,38.63,80.0,36.0,30.76,18.2,High,326.18,0.03
Cargo,Medium,62.77,79.0,27.53,8.22,9.17,Medium,191.19,7.05
Cargo,Large,191.41,84.0,39.44,1.03,14.74,High,109.67,3.63
Passenger,Small,45.59,93.0,30.68,39.16,6.19,Medium,119.84,1.66
Cargo,Medium,57.62,74.0,37.68,3.99,13.49,High,400.23,4.69
Tanker,Large,160.83,87.0,8.65,7.05,4.26,Low,33.05,14.13
Passenger,Large,161.06,83.0,30.86,28.74,6.72,Medium,281.91,10.43
Passenger,Medium,59.51,71.0,0.81,30.18,1.83,Low,153.42,11.91
Cargo,Medium,76.96,95.0,26.83,34.34,4.67,Medium,132.62,6.43
Container,Medium,99.1,92.0,18.77,19.68,9.81,Medium,252.87,7.82
Passenger,Medium,85.43,86.0,13.87,38.69,8.77,Medium,448.93,9.74
Container,Large,142.45,94.0,34.5,48.72,10.77,High,309.05,5.31
Container,Large,184.86,95.0,34.17,13.55,5.56,Medium,394.31,11.81
Passenger,Large,144.03,88.0,0.89,35.15,2.08,Low,300.34,16.85
Tanker,Medium,54.88,93.0,24.38,46.42,5.05,Medium,348.86,8.44
Cargo,Medium,82.54,88.0,14.71,34.31,6.03,Medium,216.2,7.74
Cargo,Small,29.1,87.0,16.63,34.06,5.17,Medium,462.99,6.0
Tanker,Large,102.64,85.0,33.28,11.19,10.19,Medium,250.97,10.0
Container,Large,112.85,90.0,12.39,26.76,2.67,Low,275.89,16.14
Passenger,Medium,99.05,66.0,37.72,28.13,5.96,Medium,262.48,7.18
Container,Medium,85.62,95.0,7.19,35.01,2.52,Low,158.09,11.47
Container,Small,44.04,95.0,26.51,49.84,11.71,High,115.62,0.0
Container,Medium,77.5,61.0,26.88,1.68,8.79,Medium,36.92,5.71
Cargo,Large,134.15,93.0,10.09,3.26,2.11,Low,359.09,17.61
Cargo,Small,45.76,65.0,12.99,3.9,4.85,Low,144.64,6.03
Passenger,Medium,67.4,73.0,33.39,37.15,17.01,High,194.6,1.83
Passenger,Medium,80.94,90.0,30.47,6.82,6.77,Medium,459.96,9.86
Tanker,Large,172.77,66.0,13.16,31.12,7.25,Medium,283.22,11.23
Passenger,Medium,59.62,93.0,21.36,16.23,8.61,Medium,48.54,5.83
Cargo,Small,20.33,93.0,2.47,22.87,1.42,Low,399.81,9.08
Passenger,Large,160.4,80.0,8.35,10.78,2.63,Low,128.07,15.18
Passenger,Medium,97.99,60.0,19.43,43.31,8.05,Medium,276.35,7.72
Container,Small,34.08,71.0,3.44,29.31,2.82,Low,254.99,7.31
Container,Small,26.3,85.0,33.73,47.23,9.61,High,119.04,0.0
Cargo,Small,26.97,99.0,28.72,28.73,15.6,High,57.89,0.0
Cargo,Large,199.83,85.0,37.75,6.2,14.42,High,105.63,3.6
Cargo,Small,42.71,70.0,27.74,8.54,7.34,Medium,48.67,1.59
Tanker,Large,196.29,85.0,37.62,49.45,7.69,High,137.81,3.74
Tanker,Large,159.66,82.0,22.18,36.28,5.64,Medium,498.65,12.99
Tanker,Large,180.82,91.0,24.01,2.46,7.21,Medium,201.05,10.44
Container,Medium,68.99,64.0,39.08,35.19,13.4,High,431.94,4.32
Passenger,Medium,97.88,90.0,25.69,20.61,11.49,Medium,274.59,7.5
Cargo,Large,112.48,82.0,1.23,15.36,1.25,Low,333.29,17.64
Container,Small,35.01,99.0,28.95,7.7,5.61,Medium,78.17,2.02
Container,Small,33.59,74.0,36.22,42.0,14.34,High,137.4,0.0
Tanker,Medium,61.63,85.0,31.82,3.19,3.6,Medium,255.22,8.14
Tanker,Medium,93.24,97.0,23.35,14.49,6.78,Medium,440.57,9.87
Cargo,Medium,57.76,64.0,26.85,15.32,11.66,Medium,21.44,5.0
Cargo,Small,42.06,97.0,39.61,8.05,10.69,Medium,253.46,2.72
Tanker,Large,111.62,88.0,3.63,25.41,2.85,Low,25.51,14.08
Container,Small,21.35,63.0,26.69,0.59,13.12,Medium,228.41,3.03
Tanker,Medium,52.98,72.0,11.34,15.05,4.64,Low,314.43,13.01
Cargo,Small,20.46,88.0,25.6,46.68,6.38,Medium,372.36,4.27
Passenger,Large,180.98,63.0,24.3,15.53,6.9,Medium,69.27,8.88
Cargo,Large,140.95,83.0,6.14,18.02,1.54,Low,83.29,14.81
Passenger,Large,167.16,74.0,8.27,23.66,4.0,Low,235.03,15.86
Tanker,Small,40.53,85.0,24.87,28.08,12.06,Medium,499.02,5.38
Cargo,Large,119.69,62.0,5.13,40.44,3.83,Low,178.02,15.13
Container,Large,184.43,95.0,10.61,9.52,4.87,Low,213.76,15.73
Passenger,Small,24.83,99.0,33.41,43.59,16.21,High,216.22,0.0
Container,Medium,95.24,99.0,13.08,37.88,7.65,Medium,40.35,5.83
Cargo,Large,190.08,90.0,19.52,36.13,5.84,Medium,387.09,11.99
Container,Small,38.92,65.0,37.65,4.34,17.1,High,126.55,0.0
Passenger,Medium,55.39,90.0,9.09,1.08,3.34,Low,351.83,13.91
Container,Small,37.2,61.0,15.59,29.7,4.85,Medium,237.54,3.92
Tanker,Large,118.16,61.0,24.26,43.16,14.16,High,305.89,5.57
Tanker,Medium,79.49,73.0,30.21,29.22,15.96,High,26.99,0.58
Cargo,Medium,77.27,80.0,36.07,10.66,12.43,High,444.98,5.19
Container,Large,124.83,91.0,36.62,4.53,16.24,High,121.93,3.67
Passenger,Large,147.84,87.0,31.07,34.98,8.11,Medium,335.05,10.69
Tanker,Medium,58.58,78.0,9.13,36.09,4.24,Low,399.01,13.59
Container,Large,177.95,71.0,0.99,8.63,0.6,Low,270.02,17.22
Cargo,Large,160.77,100.0,15.35,1.41,4.8,Low,168.67,15.21
Tanker,Small,36.09,77.0,5.66,20.41,2.71,Low,488.95,9.73
Cargo,Medium,71.1,78.0,28.42,29.14,6.72,Medium,139.22,6.32
Container,Large,158.5,67.0,26.45,35.3,11.53,High,474.33,7.56
Tanker,Medium,90.11,92.0,1.76,40.5,2.28,Low,78.11,10.86
Passenger,Small,28.4,88.0,33.46,30.53,5.7,Medium,194.61,2.49
Container,Medium,51.73,69.0,9.95,5.54,2.8,Low,69.25,11.0
Container,Medium,68.23,63.0,17.29,34.13,6.27,Medium,1.12,5.44
Cargo,Large,135.34,87.0,26.72,49.21,8.55,Medium,130.13,8.53
Passenger,Small,22.22,86.0,17.18,45.28,5.75,Medium,43.61,1.5
Cargo,Medium,59.91,71.0,17.65,43.58,6.34,Medium,493.17,10.14
Tanker,Small,45.33,98.0,2.63,15.11,1.19,Low,380.83,9.06
Passenger,Large,128.07,66.0,16.06,37.54,6.07,Medium,1.85,8.26
Cargo,Small,36.16,77.0,30.59,42.56,16.26,High,111.82,0.0
Cargo,Large,133.97,98.0,36.61,33.92,8.64,Medium,335.06,10.38
Tanker,Medium,61.14,77.0,16.54,12.53,6.81,Medium,199.28,7.83
Tanker,Small,22.43,86.0,16.94,47.69,5.04,Medium,415.92,5.25
Cargo,Small,48.69,76.0,28.11,22.54,7.92,Medium,252.43,3.28
Passenger,Medium,74.72,71.0,37.71,6.49,8.94,Medium,326.83,7.96
Passenger,Medium,94.61,99.0,10.68,5.49,5.35,Low,298.52,13.01
Container,Medium,64.07,76.0,17.61,32.38,6.39,Medium,319.08,8.62
Tanker,Medium,89.64,96.0,31.84,21.89,13.07,High,115.05,1.81
Cargo,Small,20.49,69.0,24.39,4.72,8.55,Medium,186.64,3.1
Cargo,Medium,92.64,69.0,4.42,37.02,2.54,Low,25.31,10.24
Container,Large,175.12,61.0,25.11,39.97,13.95,High,293.82,5.49
Tanker,Medium,75.33,86.0,7.47,36.27,3.59,Low,229.63,12.04
Container,Medium,89.61,75.0,20.41,10.11,2.91,Low,380.36,13.49
Passenger,Small,36.26,95.0,21.16,34.49,6.38,Medium,103.19,2.05
Tanker,Small,39.83,79.0,35.05,0.54,8.24,Medium,218.41,3.0
Tanker,Small,39.44,99.0,18.5,15.26,3.3,Low,90.37,5.14
Passenger,Small,42.77,67.0,11.18,19.94,4.89,Low,306.99,7.42
Container,Large,159.04,95.0,9.24,41.76,4.29,Medium,424.02,12.91
Tanker,Medium,62.87,91.0,34.97,19.52,13.27,High,382.72,4.36
Tanker,Small,40.16,91.0,6.84,0.56,0.73,Low,472.1,10.09
Container,Large,103.0,94.0,17.03,17.62,9.27,Medium,485.86,13.13
Tanker,Small,43.48,90.0,7.49,24.95,2.51,Low,386.02,8.54
Container,Medium,55.14,85.0,30.93,47.45,13.62,High,143.4,1.58
Cargo,Medium,95.45,65.0,18.97,47.05,9.68,Medium,109.63,5.84
Passenger,Small,43.61,61.0,14.05,9.04,2.82,Low,223.77,6.87
Cargo,Small,37.2,97.0,14.44,9.26,2.55,Low,496.94,9.61
Container,Medium,71.84,85.0,34.09,8.17,5.9,Medium,206.33,7.21
Tanker,Small,33.63,92.0,22.15,39.45,6.37,Medium,99.53,1.86
Cargo,Medium,68.31,79.0,28.71,0.3,4.82,Medium,472.17,10.4
Cargo,Medium,80.4,65.0,35.88,6.36,13.58,High,192.96,2.65
Container,Medium,67.16,65.0,36.07,26.9,11.02,High,345.45,4.01
Passenger,Medium,77.73,87.0,13.14,12.38,4.76,Low,394.08,13.76
Container,Small,48.24,77.0,38.1,4.62,4.76,Medium,421.58,5.14
Passenger,Small,29.13,68.0,1.0,17.99,1.34,Low,410.64,9.36
Cargo,Large,145.0,80.0,15.07,13.71,3.22,Low,418.12,17.63
Tanker,Medium,94.33,63.0,35.83,25.56,10.02,Medium,333.83,7.63
Passenger,Medium,61.93,83.0,10.99,48.96,3.86,Medium,201.92,7.7
Tanker,Medium,71.8,71.0,10.92,6.22,2.0,Low,333.64,13.67
Container,Medium,78.97,92.0,12.1,18.64,5.36,Low,418.37,13.87
Container,Large,154.25,72.0,24.49,46.6,11.56,High,175.32,4.44
Container,Large,167.79,78.0,17.53,43.84,8.69,Medium,148.25,9.26
Passenger,Large,158.17,60.0,29.07,19.71,10.31,Medium,171.85,9.24
Passenger,Small,20.56,63.0,35.8,34.95,18.97,High,275.64,0.0
Cargo,Small,21.88,76.0,26.97,4.39,8.39,Medium,26.22,1.39
Cargo,Small,25.64,79.0,8.18,35.63,4.07,Low,389.49,8.17
Tanker,Medium,69.96,84.0,37.31,48.64,9.86,High,69.43,0.87
Container,Large,165.28,72.0,10.58,26.87,2.82,Low,66.42,14.12
Tanker,Medium,94.67,88.0,6.0,24.92,3.16,Low,98.83,11.07
Cargo,Large,141.06,94.0,3.6,9.37,1.28,Low,288.46,17.19
Passenger,Large,149.45,91.0,22.54,31.69,8.56,Medium,142.78,9.21
Tanker,Large,190.21,62.0,4.55,29.52,2.31,Low,184.05,15.59
Passenger,Medium,89.12,79.0,5.55,32.6,4.05,Low,465.82,14.52
Cargo,Small,45.69,64.0,12.0,1.3,6.06,Low,423.6,8.8
Tanker,Small,30.66,70.0,11.27,27.44,3.95,Low,426.1,8.55
Container,Small,35.38,99.0,24.17,29.75,12.05,Medium,288.82,3.28
Cargo,Medium,52.9,66.0,32.67,10.38,15.19,High,433.23,4.97
Cargo,Large,177.23,80.0,30.45,10.42,15.7,High,389.28,6.59
Passenger,Large,116.88,85.0,10.5,13.81,3.18,Low,476.62,18.45
Cargo,Medium,51.71,88.0,9.81,35.59,5.73,Medium,32.18,6.15
Passenger,Small,33.46,82.0,38.63,30.31,8.91,Medium,14.36,0.11
Tanker,Small,21.32,60.0,0.33,42.29,2.23,Low,87.51,5.59
Passenger,Small,26.08,73.0,35.19,14.78,14.18,High,464.54,2.17
Cargo,Small,38.76,81.0,7.99,45.6,5.45,Medium,302.78,4.57
Tanker,Medium,86.19,64.0,37.89,37.19,8.79,High,213.06,2.61
Tanker,Medium,60.99,74.0,13.69,19.75,7.0,Medium,256.36,8.38
Cargo,Medium,59.97,61.0,17.61,4.76,4.96,Low,414.8,13.88
Container,Medium,70.57,63.0,28.28,12.85,5.92,Medium,464.55,9.98
Container,Large,150.62,76.0,23.51,47.84,9.84,Medium,364.85,10.93
Cargo,Large,144.99,65.0,12.72,15.52,6.44,Medium,379.92,12.61
Cargo,Medium,61.48,83.0,22.15,16.5,11.61,Medium,160.19,6.6
Passenger,Medium,97.1,88.0,29.23,9.48,12.15,Medium,233.52,7.07
Tanker,Medium,95.84,92.0,1.69,40.34,2.19,Low,442.61,14.52
Passenger,Large,129.88,68.0,0.45,13.78,0.76,Low,392.97,18.36
Cargo,Medium,71.55,67.0,18.32,16.51,3.22,Low,342.14,13.05
Container,Small,38.95,64.0,5.27,20.72,1.78,Low,32.62,5.27
Cargo,Medium,53.37,85.0,26.57,21.69,7.81,Medium,19.75,5.25
Tanker,Medium,94.94,88.0,8.56,20.57,3.04,Low,65.21,10.71
Tanker,Large,178.22,61.0,17.31,25.19,3.78,Low,290.7,15.96
Container,Medium,68.74,97.0,7.91,40.73,5.62,Medium,268.19,8.51
Container,Large,165.21,62.0,21.94,40.96,9.64,Medium,471.35,12.23
Cargo,Large,183.81,82.0,4.64,39.92,3.94,Low,347.38,16.85
Tanker,Medium,54.28,88.0,0.92,5.06,0.48,Low,146.99,12.47
Tanker,Medium,97.94,95.0,2.05,39.98,2.54,Low,80.75,10.85
Container,Small,30.01,89.0,38.17,6.01,8.97,Medium,424.77,4.72
Tanker,Small,32.06,92.0,5.69,6.24,1.88,Low,229.81,7.5
Cargo,Medium,70.19,74.0,28.34,47.39,12.12,High,326.73,3.69
Tanker,Small,26.19,93.0,2.72,40.97,2.86,Low,282.57,7.38
Container,Large,128.29,63.0,4.33,27.62,3.27,Low,53.73,14.24
Passenger,Medium,77.71,96.0,20.36,43.75,11.55,Medium,28.53,4.84
Container,Medium,98.42,82.0,18.59,49.47,7.83,Medium,188.51,6.78
Passenger,Large,104.35,93.0,38.06,30.53,8.98,Medium,180.78,8.8
Container,Large,112.42,78.0,37.79,30.64,19.6,High,336.9,4.91
Cargo,Small,31.47,86.0,31.18,37.72,14.17,High,316.1,0.43
Container,Large,195.35,81.0,24.08,11.61,9.15,Medium,484.47,12.89
Tanker,Large,157.09,89.0,18.2,8.36,7.66,Medium,429.05,12.85
Container,Medium,51.26,63.0,14.25,37.98,3.76,Medium,248.29,8.23
Tanker,Medium,82.58,62.0,37.88,17.25,5.68,Medium,250.01,7.29
Passenger,Small,27.32,70.0,24.12,6.75,4.23,Low,337.06,7.41
Cargo,Medium,97.4,66.0,23.16,15.74,4.47,Medium,57.05,6.25
Tanker,Large,115.74,95.0,9.28,17.93,3.39,Low,499.95,18.64
Passenger,Large,123.92,69.0,1.87,48.26,2.72,Low,259.4,16.06
Container,Large,157.85,99.0,37.81,34.9,18.45,High,454.95,6.12
Tanker,Medium,50.23,73.0,12.55,26.54,5.48,Medium,483.68,10.73
Passenger,Medium,61.88,67.0,17.7,48.44,6.8,Medium,290.82,7.97
Container,Small,31.71,92.0,4.59,45.16,2.84,Low,51.67,4.9
Tanker,Large,109.32,86.0,33.48,25.6,12.54,High,286.67,5.43
Container,Small,20.66,80.0,1.11,45.28,2.43,Low,298.82,7.58
Tanker,Large,137.88,82.0,33.36,20.22,14.26,High,394.6,6.45
Passenger,Small,40.58,89.0,5.61,11.52,2.94,Low,24.11,5.24
Cargo,Small,47.98,69.0,35.46,11.63,11.84,High,233.16,0.14
Container,Small,33.44,100.0,29.19,33.12,6.32,Medium,461.39,5.26
Tanker,Small,44.86,99.0,6.59,25.05,3.99,Low,495.65,9.53
Container,Medium,75.46,86.0,22.63,32.95,6.7,Medium,95.69,6.1
Tanker,Large,199.69,68.0,12.51,34.3,4.08,Medium,435.3,13.03
Container,Small,21.29,87.0,7.13,1.12,2.11,Low,73.13,5.94
Tanker,Medium,98.72,63.0,34.37,2.7,16.26,High,420.59,4.81
Container,Large,130.51,61.0,16.14,26.63,4.87,Medium,138.64,9.96
Container,Large,103.99,70.0,15.94,9.55,7.85,Medium,479.81,13.43
Cargo,Medium,61.86,79.0,6.8,31.63,2.41,Low,347.75,13.46
Container,Large,150.2,95.0,15.32,27.61,3.42,Low,199.56,15.14
Tanker,Small,21.65,89.0,34.86,29.29,14.69,High,140.49,0.0
Tanker,Large,130.42,90.0,14.53,15.12,3.32,Low,117.62,14.62
Passenger,Medium,81.01,77.0,38.06,31.99,10.23,High,340.4,3.84
Passenger,Large,115.0,74.0,37.85,41.47,7.92,Medium,447.9,11.37
Passenger,Small,39.37,75.0,5.8,49.9,3.85,Low,377.47,7.9
Tanker,Large,191.57,100.0,7.09,41.92,3.6,Low,417.4,17.42
Passenger,Medium,95.3,62.0,34.51,27.87,15.01,High,390.69,4.12
Tanker,Large,117.49,95.0,15.71,9.67,6.47,Medium,489.57,13.67
Cargo,Medium,58.82,83.0,0.17,34.07,1.79,Low,378.9,14.12
Passenger,Small,23.21,78.0,10.95,46.88,6.61,Medium,105.11,2.3
Cargo,Large,163.58,89.0,23.91,10.59,9.57,Medium,395.8,11.99
Passenger,Large,110.81,79.0,31.97,12.8,12.71,High,161.03,4.48
Cargo,Medium,68.73,95.0,5.34,7.45,2.79,Low,497.9,15.48
Cargo,Small,36.7,96.0,4.42,36.84,2.81,Low,188.34,6.44
Container,Small,32.5,77.0,36.88,20.33,9.13,Medium,146.4,1.7
Cargo,Medium,95.83,71.0,30.05,3.13,12.07,Medium,119.61,6.02
Container,Medium,66.82,84.0,23.59,43.75,6.7,Medium,329.26,8.17
Passenger,Large,125.21,96.0,30.77,27.88,15.7,High,54.61,2.88
Passenger,Small,46.24,68.0,17.15,16.55,6.21,Medium,476.78,6.36
Container,Medium,87.25,85.0,30.34,17.2,7.54,Medium,147.16,6.46
Passenger,Small,27.05,85.0,14.87,14.51,6.83,Medium,147.7,3.16
Tanker,Small,35.35,89.0,9.76,22.77,3.33,Low,23.03,4.75
Passenger,Medium,70.11,65.0,29.16,16.85,14.99,High,123.01,1.94
Container,Medium,58.45,89.0,16.79,27.4,9.65,Medium,209.49,7.34
Passenger,Large,178.66,96.0,39.26,38.68,16.33,High,184.8,3.48
Passenger,Small,25.5,67.0,13.98,33.72,3.72,Low,136.51,5.42
Tanker,Large,163.74,70.0,36.87,14.72,8.3,Medium,20.37,7.64
Tanker,Medium,83.41,99.0,37.32,26.44,12.75,High,150.29,1.83
Tanker,Small,35.17,67.0,9.67,42.01,6.36,Medium,389.17,5.33
Passenger,Large,100.84,94.0,31.93,3.41,5.72,Medium,219.4,10.36
Tanker,Large,149.86,80.0,17.32,3.91,2.65,Low,145.39,15.04
Passenger,Small,26.11,70.0,36.7,27.81,6.15,Medium,152.4,1.92
Tanker,Large,141.24,95.0,18.0,31.96,7.05,Medium,277.22,10.93
Tanker,Small,20.28,78.0,29.77,10.57,14.04,High,151.15,0.0
Tanker,Large,107.46,81.0,18.68,37.26,4.05,Medium,315.4,11.47
Passenger,Large,162.6,74.0,9.11,32.31,3.3,Low,494.73,18.32
Tanker,Large,157.36,84.0,7.97,46.16,5.32,Medium,20.59,8.75
Container,Medium,67.67,67.0,17.02,8.45,7.75,Medium,84.37,6.65
Passenger,Medium,60.02,76.0,30.22,37.57,14.66,High,89.55,1.17
Tanker,Medium,83.18,99.0,24.2,4.18,10.23,Medium,223.54,7.52
Container,Small,33.64,70.0,27.55,28.26,5.6,Medium,20.71,1.1
Tanker,Medium,78.54,86.0,11.29,27.59,4.3,Low,238.76,12.04
Passenger,Small,21.27,73.0,19.26,19.42,10.48,Medium,464.46,5.65
Tanker,Large,173.07,91.0,1.78,42.23,2.99,Low,5.78,13.63
Container,Small,38.7,65.0,32.7,0.22,11.16,Medium,182.47,2.47
Container,Small,20.47,99.0,39.6,26.01,16.5,High,380.45,0.65
Passenger,Small,21.54,78.0,16.28,10.86,8.37,Medium,77.25,2.3
Passenger,Large,135.84,69.0,0.44,37.17,1.98,Low,38.78,14.22
Container,Small,37.87,63.0,6.79,2.15,1.16,Low,315.39,8.46
Passenger,Large,109.18,67.0,26.1,41.58,11.67,High,4.98,2.75
Cargo,Small,37.98,81.0,24.48,41.9,13.94,High,400.89,1.55
Passenger,Small,47.07,73.0,31.51,41.64,14.02,High,33.43,0.0
Cargo,Small,35.1,93.0,10.16,7.63,4.66,Low,262.18,7.3
Cargo,Medium,75.08,77.0,30.55,31.52,9.8,Medium,370.06,8.16
Tanker,Small,30.89,70.0,27.52,0.72,3.85,Low,121.01,5.23
Container,Small,37.65,85.0,12.91,42.4,4.28,Medium,51.77,2.0
Container,Small,35.86,88.0,21.82,36.15,12.57,High,87.81,0.0
Tanker,Medium,70.69,67.0,5.89,26.56,3.08,Low,427.34,14.34
Container,Small,37.11,67.0,18.1,36.53,3.72,Medium,352.89,4.92
Cargo,Large,145.8,61.0,35.25,4.72,17.23,High,99.05,3.41
Cargo,Large,118.58,89.0,16.85,26.43,6.36,Medium,358.06,11.97
Cargo,Large,119.2,87.0,33.58,14.56,15.32,High,354.31,6.04
Cargo,Small,22.28,79.0,23.61,48.63,9.97,Medium,498.86,5.24
Passenger,Medium,87.02,94.0,7.68,42.86,3.22,Low,195.78,11.59
Container,Medium,88.88,92.0,23.24,36.66,9.88,Medium,432.43,9.04
Passenger,Large,196.25,83.0,20.24,46.69,12.43,High,223.22,5.04
Tanker,Medium,73.78,95.0,15.95,17.34,2.68,Low,448.88,14.28
Cargo,Medium,84.64,68.0,4.79,45.04,4.34,Low,45.8,10.08
Cargo,Medium,97.77,64.0,16.67,16.26,4.05,Low,87.66,10.51
Container,Medium,90.52,71.0,2.91,36.64,2.58,Low,424.98,14.31
Tanker,Small,48.22,62.0,3.95,36.82,2.82,Low,409.65,8.68
Cargo,Medium,77.69,81.0,16.64,0.92,7.69,Medium,152.72,7.51
Container,Small,35.1,97.0,12.22,18.05,4.59,Low,298.4,7.35
Tanker,Large,109.57,62.0,37.02,0.97,10.37,Medium,191.35,9.41
Cargo,Small,35.39,65.0,15.03,49.85,8.91,Medium,5.16,0.81
Cargo,Large,114.61,78.0,30.31,6.11,3.93,Medium,13.05,8.5
Cargo,Small,36.66,97.0,21.21,27.14,4.21,Medium,27.13,1.65
Tanker,Medium,59.48,73.0,28.16,39.53,5.04,Medium,297.04,7.87
Tanker,Medium,77.03,80.0,10.4,10.06,4.41,Low,139.61,11.43
Container,Small,24.97,62.0,37.68,24.25,12.9,High,71.97,0.0
Tanker,Medium,79.99,66.0,21.2,30.37,11.07,Medium,470.57,9.53
Tanker,Large,188.69,99.0,33.25,8.01,10.36,Medium,60.66,8.15
Passenger,Medium,99.47,99.0,14.6,38.93,4.7,Medium,336.99,8.99
Container,Large,152.88,60.0,4.01,14.97,2.44,Low,447.08,18.53
Container,Medium,58.83,98.0,26.95,10.55,6.4,Medium,81.91,6.22
Passenger,Small,28.1,86.0,0.31,27.91,1.54,Low,107.36,6.15
Cargo,Small,49.09,95.0,19.01,20.52,4.83,Medium,286.91,4.43
Cargo,Medium,81.46,78.0,7.71,46.01,3.59,Low,254.22,12.08
Tanker,Small,42.64,81.0,25.1,44.0,9.66,Medium,260.51,2.9
Tanker,Small,48.67,80.0,39.18,24.17,5.92,Medium,277.34,3.14
Cargo,Small,44.71,87.0,18.58,17.96,3.03,Low,474.95,8.96
Container,Large,165.77,66.0,32.7,16.28,10.57,Medium,26.92,7.65
Passenger,Large,127.64,61.0,20.31,13.38,4.45,Low,380.22,16.87
Cargo,Medium,68.03,72.0,19.83,27.23,3.42,Medium,116.25,6.88
Passenger,Medium,76.66,88.0,37.22,40.25,10.14,High,186.84,2.19
Passenger,Medium,83.37,68.0,35.6,15.54,11.13,Medium,44.65,4.84
Container,Medium,88.0,87.0,31.43,9.5,8.57,Medium,222.81,7.21
Passenger,Small,27.67,99.0,11.85,23.77,3.02,Low,402.11,8.45
Container,Large,174.38,64.0,21.8,3.45,7.41,Medium,49.37,8.99
Container,Medium,77.11,87.0,8.96,35.06,5.19,Medium,137.8,7.31
Container,Large,187.93,78.0,17.76,25.92,7.87,Medium,186.53,10.07
Passenger,Medium,74.63,95.0,19.37,24.82,6.23,Medium,51.95,6.03
Passenger,Small,29.23,67.0,33.27,15.02,5.91,Medium,381.16,4.66
Container,Medium,59.88,88.0,35.84,45.23,13.01,High,393.47,3.94
Passenger,Large,170.69,94.0,16.58,4.52,7.79,Medium,417.95,12.88
Passenger,Medium,52.45,98.0,0.71,43.49,2.38,Low,291.95,12.98
Container,Large,153.28,87.0,34.47,18.84,7.09,Medium,253.62,10.13
Cargo,Large,163.52,80.0,6.97,44.03,3.16,Low,131.28,14.57
Cargo,Medium,64.72,85.0,24.88,36.44,13.7,High,327.58,3.93
Tanker,Large,123.0,95.0,1.0,5.21,0.66,Low,222.28,16.8
Container,Small,25.14,83.0,15.98,41.58,5.68,Medium,485.39,6.06
Passenger,Small,37.1,61.0,39.44,34.11,10.31,High,484.09,2.16
Passenger,Large,143.34,97.0,4.03,1.62,1.93,Low,452.6,18.9
Cargo,Large,151.4,88.0,16.95,6.69,3.23,Low,180.04,15.3
Container,Medium,50.37,87.0,12.29,31.78,5.45,Medium,183.99,7.64
Cargo,Large,161.77,69.0,36.2,33.13,15.61,High,426.34,6.23
Cargo,Large,190.11,86.0,34.77,37.33,10.86,High,364.57,6.07
Tanker,Small,35.09,76.0,9.51,36.01,2.9,Low,352.18,7.84
Tanker,Medium,68.49,86.0,3.25,32.98,2.27,Low,139.81,11.55
Passenger,Large,173.34,64.0,25.09,38.31,13.48,High,416.67,6.8
Passenger,Large,125.81,86.0,13.45,28.75,5.6,Medium,289.71,11.49
Tanker,Small,40.87,100.0,26.88,13.04,12.11,Medium,223.43,2.82
Cargo,Small,40.18,62.0,1.28,45.62,2.69,Low,432.71,8.88
Passenger,Large,107.38,99.0,5.34,0.91,2.6,Low,197.1,16.23
Container,Small,43.5,76.0,27.45,18.33,13.64,High,326.96,1.17
Cargo,Large,104.2,95.0,8.49,36.44,4.31,Low,232.95,15.55
Passenger,Small,45.91,91.0,34.3,21.36,8.86,Medium,296.37,3.34
Cargo,Large,128.3,83.0,2.34,1.24,0.86,Low,20.27,14.77
Tanker,Medium,65.14,90.0,8.62,3.3,3.35,Low,230.56,12.67
Container,Small,42.38,95.0,39.94,32.43,13.58,High,278.25,0.0
Tanker,Medium,75.9,76.0,17.32,48.24,9.84,Medium,246.36,7.25
Passenger,Medium,85.21,73.0,28.12,27.59,6.25,Medium,423.71,9.25
Container,Small,46.96,87.0,7.31,25.34,2.98,Low,155.56,6.19
Passenger,Large,153.83,92.0,24.39,15.92,9.93,Medium,442.04,12.29
Container,Large,148.54,90.0,29.04,12.83,6.41,Medium,201.73,10.07
Cargo,Small,24.65,92.0,12.58,1.05,3.52,Low,347.26,8.27
Passenger,Large,142.49,77.0,33.16,13.65,16.78,High,43.36,2.82
Passenger,Medium,67.47,93.0,24.14,22.46,9.58,Medium,100.08,5.99
Container,Small,35.57,65.0,15.56,9.9,7.96,Medium,380.58,5.43
Cargo,Small,29.24,82.0,22.31,4.37,8.9,Medium,6.16,1.37
Passenger,Large,140.35,60.0,23.07,35.89,10.79,Medium,484.26,12.29
Cargo,Small,35.89,73.0,6.62,44.73,4.47,Medium,95.31,2.68
Tanker,Large,114.77,75.0,16.11,46.84,4.87,Medium,450.65,12.68
Passenger,Small,31.13,76.0,13.74,30.9,5.78,Medium,257.97,4.1
Tanker,Large,191.49,88.0,16.04,2.64,3.36,Low,282.29,16.43
Container,Small,42.38,76.0,30.44,37.04,17.06,High,42.07,0.0
Tanker,Small,46.73,78.0,19.3,5.5,4.27,Low,182.61,6.12
Passenger,Large,125.94,70.0,37.61,33.49,8.91,Medium,78.11,7.74
Tanker,Small,39.7,75.0,11.75,38.97,6.06,Medium,262.97,4.06
Cargo,Large,134.73,69.0,16.63,36.29,6.88,Medium,275.37,10.91
Passenger,Medium,76.93,63.0,31.48,47.59,5.8,Medium,354.83,8.04
Passenger,Large,177.67,84.0,21.84,36.91,5.16,Medium,439.14,12.45
Cargo,Medium,78.18,87.0,21.88,34.66,11.02,Medium,234.09,7.05
Container,Small,25.31,85.0,2.13,13.09,1.28,Low,116.68,6.47
Cargo,Medium,95.08,79.0,15.94,46.24,4.84,Medium,166.79,7.06
Cargo,Large,151.64,75.0,10.83,8.98,3.55,Low,423.54,17.96
Tanker,Medium,69.18,95.0,39.97,45.24,10.31,High,72.93,0.8
Cargo,Small,33.5,81.0,12.33,15.63,3.12,Low,313.63,7.7
Tanker,Medium,95.59,79.0,35.38,6.51,17.42,High,6.54,0.42
Cargo,Medium,88.61,61.0,27.05,41.33,8.69,Medium,122.83,5.78
Container,Large,143.34,74.0,13.64,0.12,1.62,Low,295.7,16.91
Passenger,Medium,57.21,75.0,21.74,41.6,12.69,High,228.21,3.09
Passenger,Medium,65.17,76.0,33.62,13.12,14.71,High,246.77,3.05
Cargo,Large,118.48,83.0,35.33,44.24,9.34,High,330.28,5.72
Cargo,Small,38.5,81.0,6.42,34.57,3.42,Low,117.29,5.62
Passenger,Large,149.88,84.0,13.58,33.31,7.71,Medium,140.4,9.69
Container,Large,100.39,91.0,13.41,18.27,4.17,Low,342.23,16.77
Passenger,Large,189.12,93.0,1.68,2.97,0.7,Low,269.15,17.28
Passenger,Large,133.37,89.0,23.93,41.5,9.59,Medium,7.29,7.49
Cargo,Medium,70.34,98.0,34.19,8.55,9.33,Medium,335.16,8.14
Tanker,Medium,86.38,61.0,15.26,18.61,6.36,Medium,310.05,8.93
Tanker,Medium,62.84,68.0,29.6,30.02,10.06,Medium,39.3,4.91
Container,Medium,67.11,60.0,25.11,24.11,3.93,Medium,373.76,9.21
Container,Large,114.21,86.0,15.03,9.93,6.9,Medium,261.05,11.37
Tanker,Medium,59.18,96.0,5.64,7.03,1.17,Low,102.37,11.68
Passenger,Medium,57.98,70.0,28.37,6.16,8.41,Medium,279.68,8.01
Cargo,Medium,75.7,97.0,34.18,43.15,13.5,High,297.73,3.06
Passenger,Small,37.43,62.0,27.43,1.58,10.56,Medium,460.06,5.54
Passenger,Medium,82.74,97.0,0.72,48.85,2.63,Low,371.07,13.63
Passenger,Medium,87.44,74.0,8.65,9.93,3.91,Low,150.96,11.69
Cargo,Small,33.39,64.0,2.78,5.52,0.7,Low,59.07,6.07
Passenger,Small,21.69,79.0,22.82,28.85,9.69,Medium,426.59,4.98
Passenger,Medium,74.74,70.0,30.26,4.0,13.23,Medium,423.03,8.91
Container,Medium,76.62,71.0,4.42,30.12,3.52,Low,87.66,10.9
Container,Large,115.86,72.0,33.53,42.53,13.25,High,31.07,2.46
Tanker,Medium,50.9,92.0,22.22,2.39,5.12,Low,355.93,13.09
Cargo,Medium,90.78,82.0,27.6,39.99,6.56,Medium,361.29,8.38
Passenger,Small,25.2,72.0,38.86,19.72,10.24,Medium,88.57,0.92
Cargo,Large,190.92,84.0,3.35,7.97,1.46,Low,334.11,17.67
Tanker,Small,37.39,89.0,36.05,8.8,6.88,Medium,139.46,2.13
Passenger,Small,39.31,71.0,5.04,45.94,4.72,Medium,130.31,3.06
Tanker,Large,122.98,77.0,15.72,5.53,7.49,Medium,162.26,10.38
Tanker,Medium,68.81,65.0,34.06,43.34,6.02,Medium,260.2,7.03
Passenger,Small,43.59,67.0,36.25,27.21,13.13,High,402.23,1.35
Cargo,Medium,51.67,87.0,20.25,1.95,8.52,Medium,249.32,8.19
Container,Medium,78.69,67.0,23.76,23.22,5.87,Medium,149.02,6.85
Container,Large,170.62,81.0,28.33,40.87,10.81,High,441.99,7.11
Passenger,Medium,76.55,88.0,33.31,36.31,10.56,High,27.54,0.83
Passenger,Small,23.7,64.0,4.86,24.44,2.09,Low,398.55,8.84
Passenger,Medium,71.45,83.0,32.4,43.0,13.36,High,392.19,4.11
Passenger,Small,36.94,70.0,19.25,6.02,9.88,Medium,126.77,2.6
Passenger,Small,32.39,99.0,18.02,45.5,6.71,Medium,99.15,1.91
Passenger,Large,154.94,79.0,16.96,42.32,7.56,Medium,437.35,12.32
Passenger,Medium,96.92,92.0,20.37,35.41,6.48,Medium,279.44,8.02
Cargo,Medium,87.16,82.0,37.8,40.89,19.08,High,23.01,0.0
Passenger,Large,127.42,62.0,21.93,27.19,11.14,Medium,445.42,12.1
Container,Small,32.76,85.0,38.13,33.76,8.23,Medium,174.5,1.74
Tanker,Large,124.79,98.0,7.21,28.03,4.72,Low,171.08,15.12
Container,Medium,77.11,84.0,28.97,17.77,5.54,Medium,321.64,8.46
Passenger,Small,25.81,93.0,32.49,28.44,5.91,Medium,330.66,3.92
Tanker,Large,178.56,95.0,27.17,12.87,10.46,Medium,176.66,9.5
Container,Small,49.7,69.0,24.28,22.01,7.28,Medium,71.64,1.73
Cargo,Large,159.37,68.0,22.59,14.04,7.76,Medium,276.13,10.98
Passenger,Small,36.34,84.0,34.44,6.14,12.74,High,312.59,1.01
Container,Large,176.08,76.0,32.87,16.09,4.79,Medium,430.11,12.26
Passenger,Large,144.67,94.0,4.89,42.6,3.19,Low,242.22,15.81
Passenger,Small,20.75,96.0,33.94,19.05,10.6,Medium,322.85,3.49
Tanker,Medium,73.89,74.0,16.56,37.4,5.29,Medium,27.2,5.77
Passenger,Medium,67.83,69.0,10.15,8.76,1.65,Low,447.26,14.82
Tanker,Small,33.03,91.0,34.79,21.22,5.75,Medium,163.61,2.3
Tanker,Medium,81.69,71.0,17.28,5.74,7.56,Medium,316.11,9.03
Cargo,Large,196.87,93.0,32.33,6.93,15.37,High,458.03,7.29
Cargo,Small,30.94,77.0,10.54,30.87,3.24,Low,405.26,8.38
Container,Medium,62.08,87.0,0.16,30.37,1.55,Low,318.85,13.62
Tanker,Small,39.12,64.0,19.82,10.67,7.69,Medium,351.8,4.94
Tanker,Medium,67.11,85.0,4.01,23.72,3.12,Low,460.45,14.82
Tanker,Large,187.38,78.0,30.18,43.17,8.79,Medium,406.05,11.21
Passenger,Medium,64.46,83.0,11.04,8.71,5.32,Low,304.93,12.99
Cargo,Small,22.88,67.0,17.75,0.96,5.42,Low,329.35,7.64
Passenger,Small,42.06,89.0,3.48,32.6,3.31,Low,73.63,5.38
Tanker,Medium,85.94,95.0,11.47,2.67,1.91,Low,235.08,12.73
Tanker,Large,194.12,69.0,31.26,49.0,17.75,High,150.5,3.19
Passenger,Large,178.12,64.0,6.06,30.48,3.2,Low,215.99,15.73
Cargo,Large,190.07,61.0,25.89,23.52,13.63,High,331.12,6.18
Tanker,Large,166.02,86.0,36.7,21.5,11.48,High,74.58,3.33
Tanker,Small,29.45,84.0,27.19,28.65,9.92,Medium,8.69,0.56
Cargo,Small,36.58,82.0,32.44,4.53,13.91,High,198.46,0.0
Tanker,Medium,97.54,69.0,4.36,46.5,4.02,Low,161.09,11.26
Passenger,Large,135.35,76.0,10.03,31.28,5.05,Medium,210.22,10.87
Passenger,Medium,70.62,84.0,35.78,9.2,10.01,Medium,465.61,9.28
Cargo,Medium,50.92,80.0,28.6,28.13,13.33,High,353.54,4.21
Cargo,Small,48.77,100.0,25.58,6.66,12.59,Medium,163.73,2.37
Cargo,Small,41.02,65.0,26.55,0.88,2.8,Low,89.64,5.07
Tanker,Medium,78.96,88.0,16.57,31.53,7.13,Medium,309.24,8.52
Cargo,Medium,94.33,76.0,1.78,32.42,2.42,Low,328.79,13.51
Container,Small,36.04,77.0,31.38,29.18,12.79,High,241.81,0.0
Passenger,Small,44.42,89.0,27.15,9.17,11.87,Medium,106.38,1.74
Cargo,Large,157.09,88.0,18.91,30.17,10.17,Medium,14.28,7.98
Passenger,Medium,95.27,100.0,35.99,2.83,14.55,High,132.83,2.02
Container,Small,36.93,65.0,13.45,30.46,6.73,Medium,228.59,3.73
Tanker,Large,172.55,64.0,11.77,27.7,7.1,Medium,393.97,12.49
Container,Large,105.89,89.0,34.91,32.76,17.19,High,426.88,6.15
Cargo,Large,121.94,83.0,31.88,44.77,15.82,High,206.47,3.99
Container,Large,188.57,71.0,20.6,42.52,4.9,Medium,398.06,12.01
Passenger,Large,100.36,63.0,5.23,49.03,3.47,Low,496.68,18.18
Passenger,Medium,99.19,63.0,8.6,48.81,5.22,Medium,358.31,9.25
Container,Medium,87.63,96.0,26.25,38.62,12.01,High,364.3,4.36
Passenger,Medium,59.63,68.0,15.4,47.82,5.8,Medium,454.77,9.84
Passenger,Small,38.31,73.0,33.46,43.36,6.76,Medium,169.07,1.87
Container,Large,139.89,69.0,38.0,36.38,10.35,High,5.6,2.39
Cargo,Small,40.41,74.0,32.23,3.77,13.35,High,493.49,2.91
Cargo,Large,197.9,63.0,15.1,2.45,6.93,Medium,245.23,11.36
Passenger,Medium,67.78,81.0,31.55,41.88,16.77,High,392.84,3.84
Tanker,Large,104.07,63.0,14.06,24.48,4.76,Medium,406.25,12.79
Cargo,Large,115.13,92.0,6.68,40.73,3.7,Low,198.76,15.27
Tanker,Small,46.54,69.0,1.34,15.65,1.13,Low,270.64,8.01
Passenger,Small,47.51,82.0,15.43,19.88,4.86,Low,269.96,6.84
Cargo,Small,43.14,95.0,36.14,35.01,15.0,High,110.11,0.0
Tanker,Medium,57.5,86.0,9.56,45.77,4.61,Medium,58.82,6.33
Cargo,Large,177.69,81.0,8.26,4.39,1.11,Low,271.79,16.91
Container,Large,146.85,73.0,38.79,43.07,12.84,High,60.07,2.52
Container,Medium,82.95,73.0,1.0,39.65,2.17,Low,173.04,11.87
Passenger,Medium,88.97,87.0,31.43,15.78,4.29,Medium,93.04,6.21
Tanker,Small,48.46,100.0,12.85,17.76,4.59,Low,353.46,7.88
Container,Medium,79.98,86.0,1.5,2.32,0.39,Low,436.0,15.4
Container,Small,32.37,82.0,36.71,0.79,10.36,Medium,288.96,3.4
Cargo,Medium,97.82,89.0,5.59,23.85,2.37,Low,205.08,12.26
Passenger,Small,49.59,79.0,22.07,4.78,7.78,Medium,498.32,6.41
Cargo,Large,195.52,62.0,10.96,9.7,5.93,Low,10.6,13.57
Tanker,Small,20.36,82.0,2.61,42.34,2.95,Low,152.17,6.05
Cargo,Large,103.85,98.0,2.0,28.55,2.15,Low,139.34,15.31
Passenger,Medium,96.2,67.0,4.62,31.68,3.74,Low,178.1,11.74
Tanker,Medium,82.85,88.0,2.85,9.37,1.18,Low,115.3,11.91
Tanker,Small,35.92,68.0,30.42,41.43,7.14,Medium,132.13,1.66
Container,Medium,65.29,81.0,19.42,43.4,6.31,Medium,128.84,6.42
Tanker,Large,132.17,64.0,13.72,26.17,4.89,Medium,252.87,11.23
Container,Medium,60.07,78.0,16.73,45.63,8.27,Medium,195.53,6.98
Tanker,Small,47.24,90.0,37.16,42.24,5.9,Medium,319.64,3.3
Cargo,Small,26.39,74.0,36.43,36.57,17.91,High,257.2,0.0
Cargo,Small,49.48,87.0,28.63,36.7,5.57,Medium,91.71,1.59
Tanker,Medium,86.97,92.0,35.39,5.27,16.55,High,405.02,4.52
Passenger,Large,135.93,97.0,12.79,13.54,6.81,Medium,236.1,11.17
Cargo,Medium,85.96,69.0,15.24,3.34,7.73,Medium,76.62,6.76
Cargo,Medium,51.17,76.0,24.55,0.43,10.43,Medium,83.44,6.16
Container,Small,21.59,66.0,24.95,7.92,4.31,Medium,398.48,5.55
Tanker,Large,105.6,100.0,19.27,44.02,9.57,Medium,351.5,11.11
Cargo,Medium,92.21,97.0,16.03,11.99,3.51,Low,253.26,12.34
Container,Large,167.31,82.0,39.45,48.51,20.53,High,153.04,2.53
Tanker,Medium,59.88,94.0,32.84,29.86,8.94,Medium,230.26,6.77
Tanker,Large,105.16,81.0,17.4,11.86,4.61,Low,318.24,16.41
Cargo,Small,47.98,85.0,29.09,24.86,14.83,High,439.64,1.96
Cargo,Small,28.64,64.0,10.78,10.95,1.68,Low,277.93,7.65
Tanker,Small,45.17,90.0,4.01,49.2,3.17,Low,138.37,5.68
Tanker,Large,141.16,65.0,14.1,42.36,5.91,Medium,21.37,8.47
Cargo,Large,182.77,93.0,16.12,1.31,6.2,Low,87.73,14.23
Container,Large,114.68,91.0,0.66,47.39,2.61,Low,325.09,16.81
Passenger,Small,44.52,88.0,32.59,36.05,13.79,High,80.22,0.0
Tanker,Medium,81.2,61.0,14.37,4.12,6.7,Low,240.77,12.14
Container,Medium,96.74,72.0,23.22,33.53,5.12,Medium,349.48,8.75
Tanker,Small,28.42,71.0,2.96,32.35,2.53,Low,154.11,6.29
Cargo,Medium,50.84,74.0,7.0,10.94,3.28,Low,334.55,13.65
Passenger,Large,118.8,64.0,35.59,37.92,14.51,High,290.54,4.92
Container,Small,20.96,97.0,24.35,4.35,7.02,Medium,219.47,3.59
Tanker,Small,23.11,82.0,38.01,24.47,5.28,Medium,448.62,4.97
Passenger,Large,113.73,72.0,39.95,0.5,4.99,Medium,346.03,11.35
Tanker,Medium,70.8,76.0,14.87,48.44,4.62,Medium,180.3,7.23
Cargo,Medium,66.11,78.0,11.95,37.58,4.71,Medium,402.13,9.8
Cargo,Small,48.21,84.0,34.33,7.94,5.45,Medium,369.05,4.67
Passenger,Large,174.19,81.0,39.94,17.08,11.66,High,395.84,6.45
Tanker,Large,128.49,97.0,25.19,8.03,4.72,Medium,320.48,11.71
Tanker,Medium,80.11,80.0,31.81,38.33,15.01,High,189.69,2.04
Tanker,Medium,83.54,100.0,31.27,2.94,14.17,High,174.29,2.7
Passenger,Medium,68.21,94.0,14.21,42.02,5.74,Medium,327.08,8.75
Cargo,Small,30.48,68.0,22.97,47.11,9.35,Medium,65.45,1.03
Tanker,Large,115.56,97.0,33.32,33.83,17.73,High,409.96,5.98
Cargo,Large,120.76,65.0,27.52,10.65,9.18,Medium,185.17,9.74
Tanker,Small,39.58,93.0,0.85,18.0,1.32,Low,315.19,8.42
Tanker,Large,110.36,75.0,13.47,23.86,3.31,Low,249.53,15.81
Container,Large,138.97,95.0,5.78,30.23,4.08,Low,259.66,16.09
Passenger,Small,44.77,95.0,9.32,33.43,4.46,Low,369.0,7.91
Tanker,Small,31.59,92.0,36.22,27.71,5.34,Medium,313.34,3.63
Passenger,Medium,86.07,92.0,1.48,17.57,1.6,Low,125.15,11.87
Cargo,Medium,53.19,72.0,8.79,44.55,6.5,Medium,37.11,5.99
Passenger,Medium,70.81,63.0,12.38,4.07,3.34,Low,420.12,14.37
Container,Small,29.25,76.0,24.68,23.31,13.05,High,442.45,2.42
Container,Medium,82.35,67.0,21.36,38.78,5.28,Medium,82.25,6.05
Passenger,Large,180.59,88.0,8.73,3.04,3.4,Low,154.74,15.51
Cargo,Small,27.76,74.0,6.57,35.27,2.92,Low,141.17,5.89
Container,Medium,66.53,99.0,9.47,40.99,3.93,Low,468.72,14.2
Container,Small,45.15,86.0,20.1,33.04,9.93,Medium,102.39,1.77
Container,Small,32.1,93.0,10.85,0.65,2.76,Low,83.27,5.8
Cargo,Small,28.69,65.0,37.9,9.01,4.35,Medium,90.92,1.8
Container,Small,23.17,94.0,18.55,17.11,5.78,Medium,364.93,5.2
Container,Large,164.41,97.0,2.35,11.68,1.03,Low,444.01,18.79
Passenger,Medium,81.22,79.0,29.17,48.13,13.3,High,196.68,2.22
Cargo,Small,36.84,84.0,13.15,32.58,3.97,Low,68.04,4.77
Container,Medium,81.6,91.0,26.14,14.85,12.16,Medium,292.86,7.71
Passenger,Large,161.09,67.0,11.18,46.48,4.64,Medium,104.97,9.5
Passenger,Large,180.44,80.0,22.83,37.03,7.72,Medium,32.08,8.07
Passenger,Small,25.79,76.0,30.89,14.23,7.48,Medium,443.12,5.25
Cargo,Small,35.08,66.0,37.12,18.94,14.22,High,435.42,1.7
Cargo,Large,139.48,75.0,10.45,9.97,1.97,Low,487.96,18.76
Tanker,Medium,90.07,63.0,13.39,48.55,6.33,Medium,237.0,7.7
Tanker,Large,145.25,61.0,18.57,25.86,5.63,Medium,147.0,9.86
Tanker,Large,188.14,65.0,37.09,44.8,19.07,High,384.89,5.19
Passenger,Medium,92.83,99.0,36.06,17.32,5.53,Medium,90.25,5.8
Cargo,Small,34.07,82.0,3.6,43.04,3.71,Low,121.65,5.6
Container,Small,40.04,99.0,5.28,2.69,1.02,Low,127.84,6.66
Cargo,Small,33.49,77.0,19.82,49.1,5.14,Medium,475.81,5.67
Cargo,Large,181.04,72.0,4.26,45.6,3.05,Low,364.91,17.02
Cargo,Medium,80.65,80.0,13.82,18.16,2.86,Low,66.85,10.53
Passenger,Large,174.03,78.0,5.94,38.74,3.77,Low,46.42,13.82
Tanker,Small,33.48,64.0,25.44,37.61,14.48,High,421.41,1.74
Cargo,Small,46.98,86.0,37.98,45.06,6.57,Medium,401.14,3.95
Cargo,Medium,60.0,69.0,39.87,15.36,12.11,High,335.5,3.84
Cargo,Medium,72.78,85.0,15.01,23.28,4.98,Medium,98.05,6.87
Cargo,Large,191.31,86.0,23.96,43.25,7.81,Medium,240.14,9.96
Cargo,Large,189.49,66.0,34.25,38.93,9.92,High,301.36,5.53
Tanker,Large,153.68,62.0,4.7,19.67,3.14,Low,466.07,18.52
Tanker,Large,180.33,91.0,27.58,42.29,5.08,Medium,84.71,8.51
Passenger,Small,43.28,78.0,16.35,2.35,6.82,Medium,257.72,4.43
Passenger,Large,189.53,62.0,8.25,39.1,3.61,Low,78.88,14.03
Container,Medium,58.82,100.0,16.11,10.34,4.6,Low,221.92,11.95
Container,Medium,83.6,62.0,3.04,14.31,1.53,Low,100.07,11.61
Tanker,Medium,90.32,88.0,27.82,24.66,7.41,Medium,418.09,9.16
Cargo,Large,156.63,99.0,10.11,22.49,2.51,Low,127.37,14.87
Container,Small,36.06,70.0,12.46,26.03,3.12,Low,208.55,6.43
Passenger,Small,46.35,66.0,4.84,27.24,2.42,Low,203.89,6.81
Container,Small,31.84,65.0,34.59,16.58,15.66,High,433.15,1.7
Passenger,Large,109.46,72.0,19.74,8.76,3.48,Low,378.9,17.08
Cargo,Large,156.01,64.0,22.89,38.42,11.01,Medium,28.79,7.67
Tanker,Medium,59.53,88.0,22.78,20.0,5.91,Medium,33.54,5.81
Passenger,Small,34.27,62.0,16.42,25.29,8.71,Medium,275.6,3.96
Container,Medium,82.11,80.0,7.7,32.23,3.7,Low,213.86,11.94
Cargo,Large,148.01,100.0,29.81,45.48,7.3,Medium,137.79,8.65
Passenger,Medium,54.21,93.0,5.08,35.38,4.28,Low,396.31,13.77
Tanker,Medium,78.07,85.0,4.15,2.27,0.82,Low,64.32,11.51
Cargo,Large,169.56,72.0,28.41,41.93,11.39,High,487.03,7.47
Passenger,Small,30.63,85.0,8.35,49.47,5.21,Medium,12.05,1.59
Cargo,Small,25.6,81.0,12.27,23.62,4.24,Low,59.12,4.88
Container,Medium,84.08,77.0,19.01,48.48,11.56,High,155.66,2.48
Tanker,Small,41.38,65.0,17.97,27.37,9.23,Medium,254.57,3.58
Passenger,Large,106.02,95.0,28.34,22.98,13.39,High,108.07,3.87
Cargo,Small,39.98,78.0,24.94,16.57,13.04,Medium,368.11,4.2
Tanker,Medium,57.89,68.0,25.78,32.88,8.94,Medium,178.77,6.55
Tanker,Small,21.57,75.0,28.56,11.49,4.54,Medium,19.27,1.48
Passenger,Medium,91.21,77.0,11.7,5.25,5.01,Low,438.86,14.4
Passenger,Small,33.42,93.0,12.89,1.36,3.32,Low,471.93,9.52
Cargo,Medium,85.94,89.0,17.52,14.62,3.82,Low,309.28,12.74
Cargo,Medium,63.11,91.0,12.3,19.79,4.6,Low,403.27,13.76
Container,Large,121.84,60.0,39.4,27.6,19.91,High,60.56,2.09
Cargo,Medium,69.3,77.0,32.56,14.64,6.22,Medium,134.41,6.4
Container,Medium,83.72,79.0,6.59,49.2,5.36,Medium,162.62,7.38
Cargo,Large,151.97,61.0,0.22,14.59,0.79,Low,480.38,19.22
Cargo,Large,102.95,70.0,1.71,22.05,1.37,Low,256.11,16.7
Container,Large,147.62,90.0,9.76,5.16,4.55,Low,3.71,13.79
Cargo,Medium,50.28,65.0,4.57,13.03,2.88,Low,190.09,12.32
Tanker,Small,23.67,81.0,21.33,2.42,4.74,Low,3.88,4.25
Container,Small,22.54,69.0,34.32,27.98,9.0,Medium,118.9,1.41
Cargo,Large,156.82,60.0,29.47,37.55,9.43,Medium,227.35,9.51
Passenger,Medium,90.74,70.0,8.62,9.79,4.16,Low,161.7,11.77
Container,Small,27.54,99.0,15.97,18.4,2.58,Low,16.37,4.54
Container,Medium,69.78,92.0,20.32,0.83,3.89,Low,58.17,10.36
Container,Medium,91.71,98.0,32.41,41.98,14.49,High,275.44,2.85
Container,Large,162.0,80.0,33.56,39.0,10.75,High,347.8,5.94
Tanker,Medium,87.48,64.0,36.39,3.16,8.6,Medium,202.27,6.88
Container,Small,34.28,82.0,20.37,18.24,10.06,Medium,365.74,4.67
Container,Small,27.21,78.0,27.77,47.76,15.35,High,81.67,0.0
Tanker,Medium,86.64,94.0,4.47,19.6,3.12,Low,61.03,10.88
Passenger,Small,33.74,64.0,22.61,26.31,6.04,Medium,419.73,5.34
Cargo,Large,116.23,80.0,9.95,17.76,5.51,Low,169.61,15.09
Passenger,Large,184.53,66.0,17.27,29.81,8.31,Medium,216.12,10.27
Tanker,Large,185.02,73.0,25.36,48.91,6.55,Medium,473.79,12.24
Cargo,Medium,92.78,89.0,10.28,49.88,6.03,Medium,212.06,7.61
Passenger,Medium,78.91,79.0,2.09,38.74,2.17,Low,1.75,10.12
Cargo,Small,41.94,75.0,0.41,20.22,1.17,Low,468.99,9.95
Passenger,Medium,92.29,76.0,0.89,24.72,1.59,Low,7.06,10.57
Passenger,Small,45.04,78.0,0.33,17.84,1.03,Low,331.14,8.64
Tanker,Medium,87.29,91.0,4.41,49.28,3.21,Low,161.45,11.29
Tanker,Large,124.67,96.0,9.58,35.39,5.13,Medium,235.2,11.05
Container,Small,46.22,98.0,8.85,22.45,2.64,Low,273.64,7.38
Tanker,Medium,69.24,91.0,39.47,0.61,18.92,High,204.23,2.16
Container,Small,26.1,73.0,12.24,26.02,5.83,Medium,387.18,5.56
Passenger,Large,177.87,88.0,5.1,49.2,3.16,Low,465.35,17.9
Tanker,Large,166.76,78.0,21.82,26.15,5.12,Medium,43.21,8.71
Passenger,Medium,75.53,70.0,34.32,9.12,13.0,High,400.13,4.8
Cargo,Medium,90.66,94.0,27.12,1.1,7.94,Medium,64.34,6.07
Passenger,Medium,72.83,62.0,11.84,17.74,5.56,Low,40.14,10.1
Tanker,Medium,74.52,96.0,22.46,45.91,7.06,Medium,477.92,9.63
Passenger,Small,42.71,78.0,28.59,49.83,12.87,High,244.65,0.0
Tanker,Medium,63.37,85.0,29.12,47.27,7.34,Medium,76.3,5.23
Passenger,Small,27.66,86.0,26.66,36.47,10.29,Medium,284.98,3.16
Container,Small,47.27,96.0,34.83,27.91,18.22,High,131.62,0.0
Tanker,Medium,97.18,85.0,34.8,29.53,13.7,High,232.15,2.62
Passenger,Small,47.87,85.0,23.16,26.95,4.13,Medium,312.33,4.41
Tanker,Small,31.85,63.0,17.19,35.35,10.29,Medium,434.63,5.15
Passenger,Medium,78.01,81.0,25.66,20.94,5.22,Medium,1.54,5.39
Container,Medium,61.33,66.0,32.73,33.46,14.35,High,107.07,1.33
Container,Small,25.65,89.0,0.23,6.08,0.38,Low,48.14,6.11
Cargo,Small,45.84,80.0,39.68,13.28,9.3,Medium,48.55,0.71
Tanker,Small,31.41,87.0,7.32,41.8,3.34,Low,472.89,8.99
Container,Small,38.06,62.0,18.81,45.19,5.48,Medium,468.04,5.69
Passenger,Small,45.23,63.0,34.88,26.95,16.81,High,374.65,0.78
Passenger,Small,28.59,89.0,9.0,1.58,4.12,Low,321.53,8.12
Tanker,Small,29.29,63.0,19.07,46.35,7.77,Medium,423.99,4.98
Container,Large,119.26,63.0,5.3,35.1,2.5,Low,29.2,13.87
Container,Small,33.37,60.0,15.8,20.7,8.2,Medium,59.74,1.97
Container,Small,43.76,98.0,7.09,29.92,3.59,Low,158.56,6.07
Container,Small,24.83,90.0,14.55,21.49,5.08,Medium,416.25,5.9
Passenger,Medium,95.74,74.0,14.94,23.27,5.09,Medium,236.12,8.24
Tanker,Small,27.39,72.0,39.73,44.34,11.99,High,251.79,0.0
Container,Medium,85.87,74.0,39.79,8.05,12.75,High,114.63,1.72
Passenger,Large,148.53,91.0,4.59,5.18,1.83,Low,324.19,17.53
Tanker,Large,142.05,86.0,29.04,0.14,8.33,Medium,443.92,12.55
Container,Medium,52.95,67.0,2.07,15.7,1.73,Low,164.76,12.26
Passenger,Large,107.85,67.0,1.21,7.37,0.64,Low,309.59,17.62
Tanker,Large,196.86,64.0,4.21,11.0,1.94,Low,165.97,15.84
Passenger,Medium,78.56,86.0,38.62,0.56,8.52,Medium,396.36,8.77
Tanker,Medium,64.2,91.0,37.63,11.36,15.67,High,237.48,2.7
Container,Medium,56.88,71.0,7.76,16.64,1.92,Low,169.73,11.98
Cargo,Medium,88.18,61.0,6.47,1.58,1.21,Low,210.02,12.82
Container,Small,29.99,63.0,9.62,30.4,5.57,Medium,45.61,2.21
Cargo,Large,180.67,99.0,20.62,28.44,5.0,Medium,433.06,12.63
Passenger,Large,196.55,72.0,22.79,4.85,8.23,Medium,479.03,13.13
Passenger,Small,24.0,91.0,8.86,29.75,5.81,Medium,238.71,4.17
Tanker,Small,26.2,85.0,30.26,49.93,11.85,High,110.67,0.0
Tanker,Medium,97.34,75.0,12.38,47.22,4.53,Medium,332.33,8.91
Cargo,Large,126.94,68.0,36.89,0.13,8.43,Medium,226.19,9.97
Cargo,Small,20.93,65.0,26.27,39.77,13.27,High,126.15,0.0
Tanker,Small,42.79,85.0,17.45,17.68,5.08,Medium,19.22,1.86
Cargo,Small,37.73,91.0,31.6,3.18,12.46,Medium,444.85,4.96
Cargo,Medium,69.85,86.0,32.72,14.8,14.19,High,398.37,4.63
Passenger,Small,30.55,81.0,11.62,16.09,4.3,Low,414.5,8.61
Passenger,Large,100.07,62.0,13.59,26.16,6.92,Medium,219.92,10.7
Cargo,Large,172.6,99.0,37.44,33.05,10.14,High,376.63,6.22
Container,Medium,58.21,92.0,6.59,37.45,3.89,Low,290.61,12.64
Container,Small,25.05,72.0,1.69,12.3,1.25,Low,187.39,7.22
Tanker,Large,135.96,99.0,18.16,16.09,3.84,Low,421.37,17.4
Tanker,Medium,88.59,84.0,32.05,15.42,7.48,Medium,499.38,9.93
Cargo,Small,41.77,83.0,30.87,18.14,12.05,High,449.64,2.39
Cargo,Large,190.33,90.0,36.78,49.98,15.82,High,388.1,5.46
Tanker,Large,127.72,92.0,21.33,38.9,8.29,Medium,373.75,11.46
Passenger,Medium,94.11,86.0,4.0,48.75,4.11,Low,325.12,12.87
Container,Large,197.7,65.0,23.55,34.66,8.63,Medium,426.81,11.93
Tanker,Large,182.59,74.0,31.14,20.31,15.11,High,246.54,4.99
Passenger,Medium,71.35,97.0,3.73,19.49,2.45,Low,90.86,11.29
Cargo,Large,120.21,69.0,6.91,24.43,2.78,Low,384.02,17.53
Tanker,Medium,95.14,75.0,0.49,20.84,1.17,Low,459.75,15.24
Cargo,Medium,76.07,77.0,23.75,41.42,10.79,Medium,170.68,6.21
Tanker,Medium,52.85,78.0,35.47,23.25,17.4,High,391.49,3.94
Cargo,Small,20.15,85.0,26.83,14.78,5.34,Medium,136.86,2.6
Passenger,Medium,73.19,98.0,39.28,38.74,13.95,High,471.3,4.58
Cargo,Medium,67.12,70.0,2.52,42.72,2.51,Low,341.73,13.39
Container,Large,100.76,65.0,36.12,21.02,8.7,Medium,284.64,10.15
Container,Small,47.4,68.0,32.56,33.39,13.86,High,389.94,1.22
Passenger,Small,39.91,95.0,12.57,2.94,1.79,Low,406.62,9.0
Tanker,Small,42.66,86.0,38.94,26.47,15.53,High,446.18,1.43
Container,Small,37.82,71.0,11.52,2.25,5.42,Low,450.56,9.14
Cargo,Small,43.39,93.0,35.57,1.46,17.42,High,26.35,0.0
Passenger,Medium,65.61,94.0,35.23,30.65,8.11,Medium,61.45,5.03
Cargo,Small,48.57,94.0,30.31,15.17,12.87,High,413.03,2.02
Tanker,Small,23.47,97.0,22.54,37.13,12.46,High,473.03,2.61
Passenger,Medium,98.23,70.0,4.8,44.8,2.9,Low,153.84,11.31
Passenger,Medium,85.05,90.0,21.28,6.97,6.0,Medium,4.3,5.84
Tanker,Small,30.11,78.0,14.27,36.23,8.49,Medium,161.35,2.73
Container,Small,31.01,94.0,31.69,25.73,7.03,Medium,191.43,2.51
Passenger,Medium,90.56,89.0,30.33,5.61,14.64,High,380.52,4.71
Passenger,Large,154.77,91.0,36.42,32.58,12.95,High,23.79,2.47
Cargo,Medium,73.31,86.0,0.59,30.47,1.61,Low,106.32,11.46
Passenger,Small,36.29,67.0,32.36,25.78,10.35,Medium,446.98,4.7
Cargo,Large,171.5,82.0,37.54,46.32,10.97,High,77.41,2.87
Passenger,Large,124.77,99.0,31.57,26.05,8.02,Medium,379.62,11.29
Cargo,Medium,76.63,97.0,5.21,49.53,4.13,Medium,180.66,7.74
Tanker,Medium,93.15,62.0,3.25,25.46,2.23,Low,331.33,13.62
Container,Large,123.3,67.0,0.83,5.79,0.53,Low,36.92,14.96
Container,Small,49.24,65.0,25.15,23.52,4.58,Medium,143.28,2.65
Cargo,Small,48.71,89.0,25.19,9.12,11.06,Medium,212.39,2.98
Container,Medium,94.32,93.0,39.48,29.86,13.04,High,428.61,4.41
Container,Medium,94.12,69.0,15.92,34.66,8.55,Medium,281.75,8.07
Container,Small,26.54,80.0,13.28,23.42,6.88,Medium,22.61,1.81
Tanker,Medium,95.72,94.0,24.98,4.89,5.91,Medium,400.93,9.67
Container,Medium,82.47,89.0,33.02,23.43,4.53,Medium,27.26,5.3
Cargo,Small,28.1,82.0,37.47,4.07,17.61,High,467.18,1.96
Tanker,Medium,64.3,84.0,32.12,34.11,14.69,High,105.86,1.3
Passenger,Medium,77.57,80.0,17.07,39.52,4.42,Medium,243.96,7.95
Tanker,Small,40.71,72.0,25.4,48.12,12.08,High,36.14,0.0
Cargo,Large,114.07,83.0,34.25,7.44,4.07,Medium,280.86,10.94
Passenger,Small,23.73,88.0,19.62,26.62,3.51,Medium,248.61,4.02
Passenger,Medium,51.47,95.0,8.67,28.38,4.11,Low,205.12,11.84
Cargo,Medium,78.18,85.0,6.79,46.12,3.25,Low,17.79,9.79
Cargo,Large,195.46,90.0,0.01,31.36,1.57,Low,439.47,18.41
Tanker,Small,22.81,66.0,28.73,7.28,13.51,Medium,401.32,4.48
Passenger,Medium,86.46,78.0,4.44,21.82,2.69,Low,316.52,13.44
Container,Small,28.42,60.0,9.75,32.74,2.86,Low,286.11,7.23
Tanker,Medium,63.68,70.0,11.92,35.01,4.49,Medium,347.47,9.33
Passenger,Large,121.5,89.0,22.42,43.15,7.73,Medium,72.0,8.36
Passenger,Small,43.09,100.0,15.92,9.03,5.11,Low,466.32,8.98
Cargo,Large,174.58,64.0,26.99,47.58,6.9,Medium,142.34,8.83
Container,Medium,98.16,76.0,2.23,2.96,0.89,Low,328.25,14.22
Passenger,Small,45.47,92.0,4.96,49.19,3.82,Low,303.38,7.22
Tanker,Small,25.71,68.0,19.97,42.89,11.71,Medium,318.31,3.56
Passenger,Small,28.1,82.0,13.48,33.01,8.05,Medium,439.48,5.66
Cargo,Small,39.43,89.0,11.83,36.75,5.7,Medium,147.96,2.98
Tanker,Medium,65.96,85.0,2.68,3.63,1.14,Low,374.47,14.62
Passenger,Medium,88.08,68.0,35.83,2.07,5.66,Medium,299.2,8.19
Passenger,Large,149.12,74.0,27.67,5.09,5.49,Medium,38.03,8.75
Container,Small,29.7,91.0,4.86,4.37,2.46,Low,207.08,7.29
Container,Large,184.57,82.0,2.6,27.37,2.36,Low,418.98,18.08
Tanker,Medium,72.46,60.0,38.99,10.77,7.39,Medium,157.67,6.27
Container,Medium,74.81,90.0,27.25,43.01,11.09,High,241.13,3.08
Tanker,Medium,99.78,61.0,16.7,22.29,9.03,Medium,244.32,7.86
Container,Small,39.35,90.0,28.07,34.78,8.42,Medium,309.0,3.55
Tanker,Small,46.5,68.0,30.25,32.64,6.91,Medium,442.01,4.96
Passenger,Large,105.92,98.0,31.2,15.99,15.68,High,86.77,3.42
Tanker,Large,156.49,75.0,19.12,12.16,6.05,Medium,252.31,11.12
Passenger,Large,168.92,73.0,17.2,17.12,5.45,Medium,212.13,10.77
Cargo,Small,43.72,66.0,0.44,39.83,2.08,Low,147.96,6.25
Tanker,Large,121.39,72.0,37.06,29.31,18.39,High,459.8,6.32
Passenger,Large,180.7,95.0,24.13,12.68,11.21,Medium,4.09,7.86
Tanker,Small,44.41,100.0,8.13,40.89,4.17,Low,61.05,4.77
Passenger,Small,49.09,75.0,36.78,2.74,4.27,Medium,366.67,4.75
Tanker,Large,106.52,78.0,36.6,34.96,11.95,High,131.72,3.59
Cargo,Large,166.45,89.0,39.57,21.96,7.92,Medium,361.59,10.81
Tanker,Medium,95.09,95.0,34.96,36.56,7.32,Medium,416.13,8.55
Tanker,Large,191.32,84.0,39.91,46.37,12.58,High,127.31,3.09
Tanker,Large,145.25,76.0,9.79,37.5,3.24,Low,95.97,14.2
Tanker,Small,39.32,77.0,33.69,22.1,17.38,High,72.65,0.0
Passenger,Medium,62.98,88.0,32.92,7.55,4.3,Medium,100.04,6.37
Tanker,Medium,78.96,60.0,9.24,40.32,4.42,Medium,133.59,7.23
Cargo,Large,160.51,85.0,3.94,23.04,1.8,Low,434.37,18.31
Container,Large,147.57,74.0,39.18,3.77,14.9,High,385.0,6.33
Tanker,Medium,80.35,92.0,11.84,35.95,3.35,Low,0.92,9.56
Container,Medium,53.26,64.0,34.84,14.59,11.83,High,437.06,5.15
Passenger,Medium,59.72,84.0,0.17,2.44,0.19,Low,39.41,11.52
Container,Small,46.49,79.0,0.84,45.14,2.66,Low,327.63,7.87
Passenger,Large,188.16,86.0,18.63,24.16,8.28,Medium,75.74,8.91
Passenger,Medium,51.59,63.0,9.55,14.05,2.04,Low,31.14,10.55
Tanker,Small,34.26,83.0,27.59,35.82,5.53,Medium,379.89,4.55
Passenger,Medium,86.65,82.0,22.62,44.3,11.1,High,233.6,3.21
Passenger,Medium,60.53,82.0,3.1,0.02,0.58,Low,299.53,13.98
Cargo,Large,172.27,84.0,6.51,34.39,3.54,Low,212.68,15.56
Container,Medium,91.76,87.0,15.52,38.35,9.53,Medium,33.59,5.44
Cargo,Small,20.32,92.0,7.42,10.5,3.7,Low,369.81,8.55
Tanker,Medium,87.69,71.0,31.69,24.48,15.12,High,410.18,4.52
Cargo,Large,146.78,93.0,16.64,4.46,7.62,Medium,20.71,8.92
Cargo,Small,40.25,80.0,3.74,37.34,3.17,Low,187.86,6.43
Passenger,Large,141.45,63.0,19.37,42.37,9.82,Medium,278.66,10.39
Passenger,Small,47.18,62.0,3.63,5.41,1.15,Low,302.59,8.42
Container,Medium,74.42,73.0,5.16,40.82,4.62,Low,289.08,12.55
Container,Medium,55.85,91.0,9.58,38.58,3.96,Low,346.47,13.02
Tanker,Large,104.84,88.0,34.38,17.35,12.42,High,483.41,7.53
Cargo,Small,40.71,92.0,36.98,34.51,9.6,High,195.29,0.0
Container,Large,118.72,81.0,33.05,0.0,4.79,Medium,278.31,11.05
Passenger,Small,35.9,78.0,13.36,46.59,6.7,Medium,349.54,4.63
Container,Large,169.15,66.0,10.9,27.52,4.01,Low,296.21,16.27
Cargo,Medium,68.7,73.0,21.97,31.02,8.87,Medium,193.38,6.93
Container,Large,192.54,77.0,28.87,33.23,11.0,High,312.04,5.91
Tanker,Medium,77.58,64.0,39.73,28.07,13.99,High,325.06,3.3
Tanker,Large,173.29,69.0,5.26,42.84,2.93,Low,292.48,16.31
Passenger,Medium,54.92,84.0,1.97,30.49,2.07,Low,102.56,11.31
Container,Small,32.0,89.0,27.77,45.39,14.07,High,252.99,0.0
Container,Medium,96.85,100.0,33.29,29.12,8.98,Medium,442.18,8.88
Container,Large,102.77,97.0,33.85,8.56,9.82,Medium,434.3,11.9
Tanker,Large,112.42,86.0,27.14,45.68,10.36,High,375.39,6.45
Passenger,Small,38.2,77.0,38.16,34.08,18.69,High,348.6,0.03
Container,Small,41.64,85.0,20.44,34.96,9.15,Medium,76.64,1.53
Cargo,Medium,89.72,91.0,36.55,49.27,7.58,Medium,229.73,6.33
Passenger,Large,136.89,65.0,38.71,3.76,17.46,High,55.48,2.8
Container,Large,135.41,76.0,33.89,21.43,15.74,High,408.64,6.39
Container,Large,198.63,94.0,12.39,11.95,5.57,Low,145.52,14.84
Passenger,Small,39.19,75.0,7.85,31.52,3.82,Low,383.43,8.23
Passenger,Medium,64.8,83.0,21.92,40.34,10.85,Medium,407.29,8.69
Tanker,Small,39.58,84.0,18.12,48.32,7.7,Medium,446.25,5.22
Tanker,Medium,91.39,67.0,35.11,22.73,14.99,High,376.92,4.06
Tanker,Small,30.41,74.0,4.0,39.31,3.77,Low,282.36,7.26
Cargo,Large,130.31,73.0,10.31,45.85,7.0,Medium,299.09,11.26
Tanker,Large,117.26,61.0,30.07,34.17,10.18,Medium,160.29,8.8
Container,Large,151.46,61.0,3.8,12.14,2.29,Low,88.5,15.02
Passenger,Large,166.2,93.0,12.83,30.39,3.32,Low,65.32,13.87
Container,Small,36.96,71.0,15.49,48.5,4.6,Medium,91.01,2.11
Passenger,Large,144.09,81.0,24.9,49.38,10.42,High,466.98,7.4
Tanker,Small,43.6,72.0,6.33,32.12,3.89,Low,82.22,5.27
Tanker,Small,33.61,98.0,34.42,44.35,7.77,Medium,361.87,3.63
Passenger,Medium,91.54,70.0,17.9,10.02,5.67,Medium,92.31,6.86
Cargo,Small,32.72,77.0,36.68,12.3,5.67,Medium,487.64,5.63
Tanker,Medium,87.29,95.0,18.71,47.64,8.76,Medium,183.29,6.67
Tanker,Medium,86.55,94.0,11.0,6.76,5.2,Low,206.07,12.06
Passenger,Small,47.44,67.0,5.67,9.56,2.72,Low,202.26,7.08
Container,Medium,57.93,92.0,0.15,21.03,1.09,Low,408.23,14.75
Passenger,Small,26.71,78.0,21.29,29.48,12.07,Medium,109.15,1.63
Passenger,Medium,91.65,79.0,4.29,30.19,3.08,Low,415.51,14.23
Tanker,Small,22.8,65.0,15.67,14.6,7.41,Medium,328.53,4.87
Container,Small,25.48,63.0,23.57,46.03,10.97,High,110.14,0.0
Tanker,Medium,56.81,89.0,11.03,45.75,7.76,Medium,32.7,5.68
Tanker,Large,133.79,80.0,7.01,19.6,3.98,Low,387.5,17.53
Tanker,Medium,85.48,77.0,30.99,21.71,10.62,Medium,109.48,5.65
Cargo,Medium,98.86,89.0,37.87,35.12,11.1,High,444.53,4.74
Cargo,Large,116.34,91.0,4.02,33.15,3.16,Low,64.89,14.27
Tanker,Medium,54.38,66.0,6.22,19.11,3.05,Low,308.18,13.28
Cargo,Large,123.63,84.0,38.4,20.71,14.54,High,346.08,5.67
Passenger,Medium,71.09,65.0,1.51,17.4,1.23,Low,328.85,13.94
Container,Medium,65.23,90.0,39.11,11.77,11.21,High,158.01,2.27
Cargo,Medium,59.63,86.0,0.19,22.91,1.21,Low,437.76,14.99
Tanker,Small,30.77,98.0,34.95,34.32,16.94,High,384.9,0.72
Passenger,Large,146.57,63.0,12.29,37.1,6.83,Medium,255.1,10.91
Passenger,Large,109.34,62.0,37.54,38.94,7.48,Medium,301.65,10.01
Cargo,Medium,55.79,71.0,12.68,18.74,3.45,Low,283.19,12.68
Tanker,Small,30.52,70.0,26.17,38.23,4.81,Medium,473.35,5.58
Container,Small,46.76,70.0,3.2,0.33,0.35,Low,448.21,10.08
Passenger,Medium,65.02,96.0,9.69,23.85,3.03,Low,117.75,11.11
Passenger,Medium,97.79,70.0,30.95,39.7,14.98,High,131.38,1.47
Cargo,Large,190.84,71.0,21.15,31.5,11.34,Medium,490.72,12.49
Container,Small,26.79,90.0,37.12,23.7,10.71,High,118.28,0.0
Tanker,Small,48.72,78.0,17.15,32.23,7.19,Medium,476.74,5.95
Tanker,Medium,50.02,91.0,34.79,45.35,15.57,High,324.88,3.05
Tanker,Large,102.73,63.0,17.96,28.32,10.06,Medium,25.05,8.18
Passenger,Large,176.8,80.0,39.17,39.99,20.22,High,167.86,2.9
Passenger,Large,152.94,61.0,38.39,49.04,7.17,Medium,238.08,9.16
Passenger,Medium,96.19,63.0,13.17,35.28,4.39,Medium,416.55,9.96
Cargo,Small,35.72,96.0,35.44,28.67,5.67,Medium,164.29,2.13
Container,Medium,75.23,66.0,33.9,1.87,11.84,Medium,155.29,6.24
Tanker,Medium,53.37,81.0,8.43,18.72,4.17,Low,460.13,14.59
Cargo,Medium,76.2,76.0,24.97,28.27,6.99,Medium,39.52,5.48
Container,Small,36.24,74.0,2.91,39.86,3.28,Low,275.76,7.29
Cargo,Medium,86.88,96.0,33.47,21.91,10.5,Medium,252.12,6.96
Container,Large,194.98,61.0,6.98,48.0,5.89,Medium,28.67,8.79
Passenger,Medium,61.08,87.0,2.83,13.59,0.96,Low,43.88,11.13
Container,Large,160.53,99.0,16.01,37.23,4.16,Medium,190.98,10.35
Tanker,Large,137.55,82.0,23.08,20.95,6.14,Medium,67.08,8.88
Cargo,Medium,62.38,97.0,34.2,24.3,4.98,Medium,239.04,7.3
Cargo,Medium,97.92,62.0,38.97,40.13,18.1,High,304.44,2.48
Container,Medium,81.35,77.0,17.58,14.81,2.87,Low,345.7,13.19
Cargo,Small,40.88,70.0,2.42,4.84,1.21,Low,273.24,8.19
Container,Large,171.66,89.0,29.96,26.01,4.93,Medium,189.83,9.79
Tanker,Large,113.83,99.0,22.61,26.44,5.87,Medium,64.88,8.8
Container,Small,44.23,70.0,17.92,39.86,9.82,Medium,123.74,1.96
Cargo,Medium,75.39,86.0,12.37,48.42,8.36,Medium,209.71,7.27
Cargo,Large,195.28,68.0,20.1,2.77,5.48,Low,462.06,17.81
Passenger,Small,31.37,83.0,13.55,29.58,8.09,Medium,101.3,2.33
Passenger,Medium,61.15,79.0,30.28,34.06,12.32,High,206.67,2.64
Cargo,Large,197.05,99.0,21.76,49.29,8.26,Medium,366.15,11.16
Passenger,Large,134.68,84.0,35.07,47.13,17.13,High,352.6,5.12
Tanker,Small,42.3,74.0,21.74,35.62,6.52,Medium,482.8,5.78
Cargo,Medium,73.94,65.0,9.53,26.09,3.27,Low,95.45,10.83
Passenger,Large,181.03,66.0,34.04,8.08,12.75,High,8.26,2.94
Tanker,Large,179.08,69.0,22.29,19.21,6.67,Medium,161.16,9.85
Passenger,Small,28.36,70.0,8.27,29.26,2.74,Low,74.85,5.28
Passenger,Large,140.46,94.0,24.94,36.26,4.98,Medium,274.23,10.67
Passenger,Large,165.24,82.0,14.31,31.77,7.53,Medium,449.39,12.79
Container,Large,152.1,81.0,33.78,35.71,14.3,High,344.11,5.61
Tanker,Small,34.5,65.0,18.13,21.46,5.87,Medium,67.9,2.16
Cargo,Large,186.92,94.0,29.06,36.38,15.14,High,58.05,2.89
Cargo,Large,182.64,89.0,3.82,7.19,1.37,Low,455.72,18.89
Passenger,Small,36.98,63.0,15.84,8.13,6.49,Medium,243.8,4.23
Passenger,Large,149.87,88.0,39.33,8.14,18.64,High,461.84,6.63
Container,Medium,79.18,82.0,32.34,44.54,16.34,High,368.11,3.54
Passenger,Small,42.06,63.0,6.4,3.8,2.14,Low,496.67,10.16
Tanker,Large,195.21,78.0,11.11,40.08,6.14,Medium,435.61,12.78
Tanker,Small,45.21,79.0,13.19,11.68,4.09,Low,207.11,6.57
Container,Medium,73.85,67.0,26.01,23.42,10.51,Medium,379.11,8.57
Tanker,Large,147.48,98.0,30.28,45.8,8.44,Medium,235.61,9.48
Passenger,Large,176.01,94.0,29.98,29.3,9.68,Medium,116.54,8.51
Passenger,Large,121.71,87.0,20.39,10.51,4.27,Low,120.51,14.35
Tanker,Large,116.52,78.0,32.43,14.2,4.45,Medium,198.66,10.04
Tanker,Small,35.65,76.0,17.48,46.02,8.16,Medium,55.73,1.35
Tanker,Medium,77.64,86.0,4.96,21.36,3.28,Low,88.88,11.09
Cargo,Medium,89.86,82.0,22.58,29.35,3.96,Medium,250.3,7.99
Cargo,Small,28.65,62.0,38.09,23.0,7.95,Medium,476.96,5.01
Cargo,Small,44.16,81.0,31.72,18.92,9.96,Medium,288.84,3.33
Container,Small,38.33,92.0,23.15,11.16,9.04,Medium,204.25,3.16
Container,Medium,99.86,78.0,25.87,34.31,6.07,Medium,121.35,6.23
Cargo,Small,45.87,62.0,37.22,35.91,6.36,Medium,97.95,1.16
Tanker,Small,43.4,91.0,17.13,13.74,5.96,Medium,329.2,4.96
Container,Large,132.99,68.0,13.26,39.45,7.64,Medium,424.16,12.43
Container,Medium,79.84,70.0,39.09,42.73,6.6,Medium,199.43,6.13
Tanker,Large,184.53,67.0,34.54,46.03,10.58,High,275.33,5.05
Tanker,Large,132.27,73.0,12.92,8.06,5.12,Low,353.36,17.01
Container,Small,29.35,90.0,18.55,15.2,3.59,Low,29.15,4.5
Container,Medium,59.12,81.0,16.6,43.02,5.38,Medium,175.45,7.13
Passenger,Small,45.96,68.0,5.96,9.93,2.37,Low,364.88,8.72
Tanker,Large,107.85,95.0,38.31,0.17,18.45,High,342.31,5.66
Container,Small,43.46,95.0,16.17,43.54,5.65,Medium,26.67,1.42
Passenger,Large,126.48,95.0,35.01,16.32,11.14,Medium,118.91,8.4
Container,Medium,84.01,70.0,7.57,20.72,3.0,Low,339.98,13.51
Tanker,Large,137.14,78.0,21.91,22.32,11.17,Medium,135.71,9.1
Container,Small,40.72,99.0,0.96,42.41,2.24,Low,407.21,8.75
Tanker,Medium,69.8,91.0,30.57,16.89,10.82,Medium,14.75,4.8
Container,Medium,82.41,61.0,23.24,44.61,12.42,High,95.17,1.66
Passenger,Large,160.92,63.0,25.02,30.85,13.93,High,140.66,4.15
Tanker,Medium,91.13,79.0,2.07,26.36,2.1,Low,462.64,14.99
Tanker,Small,35.57,96.0,8.44,16.28,2.94,Low,398.16,8.74
Cargo,Small,25.5,82.0,2.97,12.19,1.4,Low,442.07,9.69
Passenger,Medium,94.34,80.0,11.56,31.2,4.34,Low,220.24,11.77
Container,Large,191.35,64.0,25.1,22.34,9.69,Medium,411.28,11.84
Container,Small,20.44,86.0,22.65,45.53,11.24,High,426.75,2.1
Cargo,Small,48.81,93.0,24.49,24.58,11.71,Medium,199.98,2.51
Tanker,Medium,54.89,75.0,21.97,25.59,7.14,Medium,497.23,10.25
Passenger,Large,187.97,91.0,10.92,20.84,5.26,Low,425.62,17.57
Passenger,Medium,77.01,99.0,9.78,39.46,6.54,Medium,487.05,10.54
Cargo,Small,48.94,68.0,5.48,21.24,3.63,Low,433.25,9.07
Cargo,Small,36.66,81.0,33.96,13.47,13.63,High,388.1,1.55
Passenger,Small,37.0,71.0,24.66,43.1,10.9,High,471.92,2.53
Container,Small,26.13,92.0,7.46,29.84,3.82,Low,209.91,6.55
Container,Small,48.14,83.0,7.09,29.58,2.71,Low,391.67,8.5
Passenger,Small,48.74,85.0,34.92,30.54,6.75,Medium,106.45,1.43
Cargo,Medium,76.34,92.0,29.71,35.94,10.54,High,366.4,4.41
Container,Large,118.5,76.0,26.38,15.65,5.1,Medium,392.68,12.18
Container,Large,176.97,97.0,16.27,1.69,5.47,Low,358.26,16.99
Tanker,Medium,69.63,81.0,10.48,40.53,5.78,Medium,424.91,9.94
Cargo,Small,47.4,66.0,39.18,6.45,12.48,High,206.67,0.0
Container,Large,161.4,88.0,31.89,36.09,5.46,Medium,272.38,10.26
Cargo,Medium,61.64,92.0,12.07,4.12,1.69,Low,5.33,10.4
Tanker,Large,100.82,73.0,33.9,18.77,5.87,Medium,73.03,8.47
Passenger,Large,186.06,94.0,30.36,3.15,5.06,Medium,322.1,11.53
Cargo,Small,39.05,96.0,11.88,26.11,7.2,Medium,281.16,4.38
Cargo,Medium,64.34,71.0,17.06,32.66,5.69,Medium,98.67,6.51
Tanker,Medium,52.48,99.0,7.44,8.57,2.04,Low,121.73,11.67
Tanker,Large,149.87,66.0,4.44,18.58,1.47,Low,172.04,15.78
Cargo,Medium,72.71,68.0,28.91,46.51,12.56,High,358.21,3.95
Cargo,Medium,56.42,67.0,10.7,22.12,4.97,Low,304.86,12.77
Tanker,Large,119.74,96.0,32.8,40.13,7.59,Medium,34.79,7.55
Container,Large,144.62,86.0,39.82,46.36,20.94,High,379.97,4.79
Cargo,Medium,98.53,66.0,3.06,48.72,3.72,Low,131.33,11.01
Tanker,Medium,67.95,78.0,18.92,44.92,5.88,Medium,335.88,8.53
Passenger,Medium,57.49,85.0,32.08,15.87,10.24,Medium,61.68,5.27
Tanker,Large,138.39,63.0,31.56,48.13,11.35,High,498.96,7.31
Cargo,Small,46.5,95.0,30.4,40.62,9.31,Medium,40.17,0.54
Cargo,Large,199.29,92.0,13.96,41.86,8.05,Medium,370.87,11.77
Tanker,Large,154.23,80.0,18.15,0.76,2.65,Low,270.67,16.32
Tanker,Large,193.53,99.0,23.8,47.71,8.72,Medium,42.97,7.81
Cargo,Medium,65.78,77.0,38.96,38.9,12.51,High,13.41,0.16
Tanker,Medium,78.19,99.0,13.1,38.4,5.69,Medium,181.33,7.42
Passenger,Small,47.93,87.0,36.93,4.08,16.62,High,401.11,1.42
Tanker,Small,47.59,85.0,10.77,11.63,2.6,Low,20.58,4.97
Cargo,Medium,84.7,67.0,39.56,48.11,7.99,High,352.2,3.78
Container,Large,139.97,95.0,26.81,25.03,10.56,Medium,327.69,10.78
Tanker,Small,32.14,77.0,18.54,19.89,4.14,Low,132.77,5.39
Container,Medium,72.07,66.0,24.54,42.0,5.29,Medium,38.75,5.39
Cargo,Small,35.49,61.0,10.9,4.37,3.17,Low,457.66,9.43
Cargo,Large,150.32,82.0,10.97,20.85,3.1,Low,150.17,15.03
Cargo,Large,118.3,81.0,4.54,18.79,2.05,Low,55.69,14.55
Container,Small,33.38,89.0,4.56,17.49,1.8,Low,340.76,8.45
Tanker,Small,36.41,96.0,13.91,15.38,2.68,Low,108.34,5.61
Container,Small,47.31,63.0,30.51,10.5,10.41,Medium,237.82,3.0
Cargo,Small,40.12,89.0,24.32,8.65,3.13,Low,25.2,4.35
Cargo,Small,47.43,67.0,4.1,32.02,3.6,Low,496.49,9.56
Container,Medium,51.13,94.0,34.09,45.97,10.36,High,223.81,2.58
Passenger,Small,46.57,93.0,24.05,25.44,10.36,Medium,499.55,5.65
Cargo,Small,44.95,82.0,38.43,14.9,17.04,High,192.84,0.0
Cargo,Medium,54.52,88.0,26.81,7.96,6.07,Medium,173.93,7.23
Container,Small,38.43,73.0,7.01,41.51,4.88,Medium,457.29,6.3
Cargo,Large,168.53,79.0,18.95,48.57,10.63,Medium,164.73,9.07
Cargo,Medium,79.97,93.0,25.94,17.46,5.97,Medium,216.0,7.52
Passenger,Small,28.89,78.0,1.13,14.55,1.29,Low,39.06,5.71
Cargo,Small,32.99,74.0,0.6,30.07,1.57,Low,477.73,9.79
Cargo,Small,46.97,80.0,5.18,38.77,2.91,Low,42.58,4.9
Tanker,Medium,70.18,93.0,10.07,22.77,5.29,Low,385.59,13.57
Tanker,Small,48.92,73.0,17.18,31.5,4.63,Medium,269.31,4.14
Tanker,Large,169.11,67.0,19.5,35.83,9.19,Medium,30.7,8.1
Passenger,Large,198.53,88.0,5.52,48.03,4.84,Medium,0.85,8.69
Tanker,Small,44.36,93.0,26.94,8.25,13.44,Medium,467.78,5.22
Container,Large,112.01,64.0,23.85,49.87,9.4,Medium,371.09,10.98
Cargo,Medium,86.5,70.0,11.78,19.61,6.73,Medium,343.22,9.38
Container,Small,28.76,66.0,0.55,36.16,1.95,Low,219.28,7.05
Passenger,Large,196.44,74.0,3.11,28.62,2.01,Low,119.31,15.06
Tanker,Small,38.33,78.0,15.67,24.33,6.0,Medium,339.93,4.93
Container,Medium,81.42,90.0,6.16,34.9,3.96,Low,304.15,12.84
Passenger,Small,36.36,86.0,15.07,19.79,5.26,Medium,363.17,5.36
Passenger,Medium,71.84,85.0,25.13,6.31,8.53,Medium,182.9,7.19
Tanker,Small,44.43,74.0,21.89,24.44,7.06,Medium,493.46,6.05
Tanker,Large,171.41,94.0,9.25,26.1,4.17,Low,33.5,13.73
Container,Large,134.85,79.0,13.75,10.1,7.12,Medium,39.85,9.2
Tanker,Large,144.09,99.0,24.56,46.78,9.71,Medium,458.44,11.85
Cargo,Small,43.22,85.0,34.43,11.37,7.5,Medium,323.85,3.94
Tanker,Large,153.09,65.0,30.13,20.46,13.18,High,163.17,4.4
Container,Medium,62.4,87.0,22.14,7.75,5.59,Medium,380.98,9.59
Container,Small,30.15,73.0,14.49,26.79,7.52,Medium,226.39,3.65
Cargo,Small,45.98,87.0,14.6,15.38,2.56,Low,10.56,4.61
Passenger,Large,128.29,63.0,35.18,24.46,9.42,Medium,325.55,10.47
Container,Medium,93.94,67.0,1.57,11.23,0.78,Low,121.56,12.03
Container,Medium,55.58,94.0,39.52,2.69,5.44,Medium,57.67,5.6
Passenger,Medium,85.0,69.0,26.58,38.96,11.61,High,112.64,1.86
Cargo,Large,144.36,93.0,27.25,32.05,8.53,Medium,238.08,9.92
Tanker,Small,43.05,71.0,1.52,17.04,1.53,Low,24.93,5.48
Tanker,Small,36.54,86.0,24.22,2.37,7.54,Medium,441.58,5.8
Cargo,Small,48.68,88.0,19.39,43.28,6.39,Medium,279.96,3.73
Tanker,Small,31.23,81.0,4.23,8.49,2.07,Low,146.5,6.68
Cargo,Medium,61.93,72.0,11.12,46.54,6.21,Medium,343.5,8.93
Passenger,Large,143.46,69.0,35.61,23.93,16.15,High,402.12,6.15
Cargo,Large,190.52,61.0,22.0,17.02,8.71,Medium,306.96,11.16
Container,Large,157.9,72.0,16.54,37.09,4.61,Medium,101.25,9.38
Passenger,Medium,57.85,86.0,2.91,43.84,3.26,Low,55.14,10.4
Passenger,Small,24.34,98.0,28.56,18.54,8.26,Medium,429.95,5.07
Cargo,Medium,53.52,95.0,28.11,20.37,9.04,Medium,117.34,6.06
Passenger,Medium,61.98,91.0,24.56,21.66,12.59,Medium,10.04,4.78
Container,Small,43.74,92.0,20.41,46.12,7.29,Medium,321.45,3.94
Container,Large,179.76,87.0,17.35,34.63,7.71,Medium,76.44,8.83
Tanker,Medium,80.26,70.0,23.73,12.38,6.44,Medium,495.48,10.48
Passenger,Medium,88.51,96.0,9.34,9.25,1.75,Low,434.87,14.72
Container,Large,193.36,87.0,37.65,11.52,11.17,Medium,304.22,10.21
Passenger,Small,49.1,82.0,23.55,13.18,8.64,Medium,416.93,5.26
Tanker,Small,48.92,64.0,12.45,11.51,3.85,Low,235.27,6.92
Tanker,Medium,93.3,78.0,17.99,32.93,6.26,Medium,394.24,9.36
Container,Small,26.58,78.0,32.23,5.8,14.09,High,323.27,1.1
Passenger,Medium,68.72,95.0,6.46,19.37,1.69,Low,14.32,10.46
Tanker,Small,40.57,82.0,11.71,31.25,4.12,Low,474.38,8.92
Cargo,Small,40.74,75.0,27.18,14.54,12.27,Medium,430.46,4.83
Tanker,Medium,73.47,99.0,12.62,3.26,6.07,Low,476.7,14.66
Cargo,Large,165.13,64.0,31.7,4.09,8.6,Medium,365.68,11.53
Container,Small,44.87,77.0,5.22,6.3,2.69,Low,206.03,7.2
Container,Large,156.03,62.0,30.51,41.79,7.57,Medium,103.49,8.32
Passenger,Large,157.3,90.0,2.73,32.89,2.16,Low,90.0,14.69
Cargo,Medium,56.61,97.0,0.5,3.23,0.38,Low,72.46,11.8
Tanker,Large,132.16,71.0,35.93,19.55,17.55,High,110.3,3.16
Passenger,Medium,82.83,94.0,23.25,13.93,5.09,Medium,275.32,8.4
Cargo,Large,135.37,72.0,14.07,28.9,3.19,Low,341.87,16.62
Passenger,Large,141.23,96.0,9.3,26.14,2.57,Low,157.03,15.13
Tanker,Large,175.31,90.0,24.68,24.06,6.25,Medium,274.37,10.8
Container,Medium,95.93,92.0,20.36,15.73,9.02,Medium,170.63,7.07
Cargo,Medium,54.76,61.0,39.66,6.89,12.4,High,348.25,4.12
Container,Medium,74.64,99.0,39.33,37.12,12.96,High,494.24,4.94
Passenger,Medium,96.31,89.0,25.4,43.99,10.67,High,344.51,4.23
Tanker,Small,38.49,72.0,17.71,47.21,10.44,Medium,29.52,0.82
Tanker,Large,137.61,93.0,19.65,2.93,2.82,Low,238.62,15.86
Cargo,Small,21.92,71.0,27.3,37.0,12.17,High,385.19,1.53
Tanker,Small,31.59,95.0,4.06,36.33,3.73,Low,271.12,7.21
Container,Medium,73.67,65.0,13.13,47.36,4.8,Medium,475.53,10.27
Cargo,Medium,92.9,88.0,3.01,12.65,1.94,Low,27.39,10.88
Cargo,Small,40.25,82.0,2.93,37.11,2.97,Low,145.58,6.07
Passenger,Medium,92.57,64.0,7.83,2.73,0.96,Low,110.36,11.76
Tanker,Small,30.04,70.0,19.41,31.56,5.32,Medium,383.81,5.1
Tanker,Small,37.78,60.0,31.39,17.54,11.62,Medium,261.9,2.94
Tanker,Large,176.58,79.0,19.42,38.45,7.77,Medium,69.17,8.57
Tanker,Small,45.66,72.0,13.42,43.17,6.33,Medium,142.8,2.66
Passenger,Large,141.43,84.0,3.29,18.24,1.55,Low,261.33,16.73
Cargo,Medium,62.05,72.0,22.01,26.28,9.46,Medium,498.06,10.01
Tanker,Medium,69.44,72.0,10.85,5.87,2.53,Low,182.15,12.11
Tanker,Small,38.39,90.0,24.6,20.85,7.33,Medium,78.41,1.8
Tanker,Small,24.38,62.0,39.09,18.04,10.58,High,248.53,0.11
Passenger,Large,190.87,96.0,4.45,9.16,2.1,Low,155.09,15.74
Cargo,Small,44.12,94.0,8.49,44.72,3.39,Low,282.98,6.97
Tanker,Small,38.28,87.0,18.92,7.4,3.82,Low,233.36,6.66
Cargo,Small,20.94,84.0,38.74,31.79,8.57,Medium,344.74,3.42
Cargo,Small,38.92,96.0,30.87,44.51,6.65,Medium,457.15,4.87
Passenger,Large,116.85,67.0,35.93,45.6,8.86,High,100.26,3.41
Tanker,Large,151.54,63.0,13.35,39.66,6.56,Medium,410.59,12.39
Passenger,Large,196.79,70.0,39.68,8.81,16.03,High,474.63,6.98
Passenger,Large,121.0,92.0,4.11,40.87,3.54,Low,186.8,15.29
Cargo,Medium,82.59,61.0,2.12,13.83,1.31,Low,56.83,11.25
Container,Small,44.91,83.0,34.22,46.12,6.45,Medium,410.96,4.23
Passenger,Medium,99.38,100.0,37.09,35.45,19.71,High,350.55,2.97
Container,Small,21.77,94.0,3.62,39.26,2.57,Low,106.36,5.64
Cargo,Medium,73.99,81.0,4.54,4.25,1.88,Low,222.61,12.93
Tanker,Small,37.25,63.0,1.33,29.14,2.08,Low,289.0,7.83
Tanker,Medium,54.33,93.0,4.18,41.06,3.64,Low,84.93,10.66
Cargo,Small,42.25,84.0,8.38,43.08,3.72,Low,357.46,7.72
Passenger,Medium,97.46,65.0,38.8,1.43,8.85,Medium,344.94,8.2
Cargo,Small,20.1,64.0,26.71,46.96,5.34,Medium,443.56,5.03
Passenger,Small,36.95,96.0,31.14,2.17,10.86,Medium,283.64,3.55
Cargo,Small,43.72,87.0,31.05,30.73,12.25,High,287.16,0.48
Container,Medium,61.45,93.0,21.4,34.67,10.08,Medium,309.69,7.93
Passenger,Medium,91.35,95.0,31.9,5.37,3.6,Medium,136.89,6.91
Container,Small,32.35,83.0,23.83,2.4,10.3,Medium,379.3,4.92
Tanker,Large,155.16,81.0,12.58,39.25,6.94,Medium,331.25,11.6
Cargo,Small,40.5,77.0,22.44,19.23,4.47,Medium,419.57,5.64
Tanker,Medium,59.8,73.0,21.34,5.36,5.37,Medium,384.29,9.73
Passenger,Medium,71.11,77.0,32.94,38.13,13.61,High,319.29,3.42
Tanker,Small,40.0,91.0,39.27,42.46,13.84,High,80.45,0.0
Tanker,Large,184.22,84.0,16.44,29.37,3.87,Medium,459.57,13.2
Passenger,Large,123.99,96.0,30.54,8.06,4.52,Medium,183.61,10.1
Passenger,Medium,83.73,78.0,3.99,0.76,1.68,Low,482.15,15.64
Container,Large,191.8,84.0,31.07,35.04,6.8,Medium,200.94,9.48
Tanker,Small,48.95,85.0,14.86,27.51,3.88,Low,72.97,4.85
Container,Medium,82.05,84.0,1.58,32.54,2.31,Low,442.42,14.66
Passenger,Large,120.4,88.0,14.53,40.66,7.04,Medium,397.53,12.13
Container,Small,24.75,69.0,24.43,21.71,9.44,Medium,393.15,4.73
Passenger,Large,177.3,80.0,4.77,6.23,1.7,Low,44.71,14.71
Tanker,Large,197.91,64.0,36.96,47.0,14.46,High,439.64,6.16
Cargo,Large,126.66,75.0,3.11,27.26,2.42,Low,298.2,16.84
Container,Large,158.43,80.0,37.2,30.76,19.66,High,235.18,3.91
Container,Small,31.02,86.0,28.29,46.67,7.69,Medium,456.59,4.85
Cargo,Medium,69.77,98.0,13.19,46.58,4.78,Medium,333.02,8.86
Tanker,Medium,71.5,84.0,15.63,28.6,3.35,Low,66.52,10.18
Cargo,Small,46.25,90.0,29.63,14.88,11.51,Medium,259.77,3.07
Cargo,Small,31.3,80.0,24.06,49.86,10.18,Medium,318.31,3.36
Tanker,Small,31.67,85.0,26.87,34.04,5.58,Medium,449.28,5.31
Passenger,Medium,75.59,63.0,15.57,20.42,4.85,Medium,139.95,7.33
Passenger,Small,22.33,70.0,19.51,27.99,4.74,Medium,397.12,5.36
Container,Large,178.75,74.0,39.59,20.79,10.25,High,399.91,6.58
Tanker,Medium,54.45,79.0,8.56,44.42,6.33,Medium,64.02,6.29
Container,Large,180.24,62.0,16.71,24.12,7.44,Medium,8.62,8.42
Tanker,Small,47.47,66.0,11.67,41.18,3.26,Low,290.7,6.97
Passenger,Medium,77.64,71.0,30.6,42.01,8.25,Medium,394.74,8.35
Passenger,Medium,66.46,99.0,30.56,41.22,5.24,Medium,277.22,7.5
Passenger,Medium,98.85,73.0,11.7,36.11,6.32,Medium,406.67,9.73
Passenger,Large,137.45,79.0,3.26,42.74,3.08,Low,311.15,16.59
Tanker,Small,44.75,68.0,0.46,19.36,1.2,Low,326.65,8.54
Tanker,Large,174.6,84.0,17.1,5.73,7.01,Medium,14.08,8.87
Tanker,Large,131.77,71.0,16.41,42.12,7.15,Medium,44.3,8.47
Tanker,Large,164.01,68.0,39.54,24.91,17.93,High,362.51,5.36
Cargo,Small,40.25,81.0,18.79,6.37,7.49,Medium,381.42,5.4
Passenger,Large,173.73,60.0,10.26,5.77,2.31,Low,271.09,16.65
Tanker,Medium,98.56,60.0,35.65,7.96,11.52,Medium,295.08,7.46
Tanker,Large,168.79,69.0,19.64,37.55,8.21,Medium,307.18,10.92
Cargo,Small,36.55,61.0,23.97,35.54,8.5,Medium,52.5,1.17
Passenger,Large,116.04,64.0,3.83,10.19,1.17,Low,333.95,17.63
Cargo,Small,27.98,74.0,15.32,42.35,5.02,Medium,239.23,3.68
Tanker,Small,38.51,92.0,37.77,14.06,8.73,Medium,301.26,3.37
Cargo,Medium,84.03,83.0,23.58,39.65,4.44,Medium,281.57,8.0
Passenger,Large,101.54,81.0,13.78,24.44,7.65,Medium,381.5,12.27
Container,Medium,99.68,72.0,25.03,36.58,11.2,Medium,159.28,6.09
Tanker,Small,27.64,97.0,36.42,19.07,14.64,High,186.76,0.0
Passenger,Large,101.52,76.0,10.96,17.36,4.47,Low,195.8,15.42
Tanker,Small,25.32,63.0,20.2,42.07,9.69,Medium,381.23,4.39
Container,Small,41.29,85.0,38.35,1.77,18.99,High,215.56,0.0
Tanker,Small,42.22,65.0,6.9,48.74,4.19,Medium,88.54,2.55
Cargo,Medium,66.07,74.0,28.79,32.41,12.7,High,491.52,5.56
Passenger,Medium,74.24,80.0,24.58,21.62,7.07,Medium,246.69,7.7
Passenger,Large,103.85,95.0,27.19,31.4,13.58,High,54.62,3.2
Container,Medium,85.72,80.0,14.05,6.14,6.53,Low,335.14,13.07
Tanker,Small,34.36,88.0,12.56,25.7,7.07,Medium,369.58,5.25
Container,Small,42.23,100.0,27.37,49.25,5.26,Medium,250.11,3.02
Container,Small,40.7,65.0,8.62,11.76,2.48,Low,323.23,8.12
Passenger,Medium,96.32,71.0,16.79,36.11,4.38,Medium,86.34,6.46
Passenger,Medium,66.47,76.0,7.53,21.75,3.21,Low,183.96,11.91
Tanker,Large,189.11,77.0,0.33,32.62,1.73,Low,80.91,14.77
Container,Large,196.94,76.0,38.8,10.24,8.36,Medium,193.62,9.36
Passenger,Small,49.19,96.0,17.27,23.52,7.9,Medium,281.4,4.09
Cargo,Large,152.47,89.0,38.77,49.0,10.51,High,221.27,4.24
Cargo,Large,170.94,84.0,5.61,9.76,2.97,Low,296.61,16.99
Container,Small,42.43,72.0,23.49,31.82,5.61,Medium,250.88,3.54
Passenger,Small,29.27,93.0,8.04,28.78,3.42,Low,158.91,6.07
Tanker,Large,156.97,98.0,31.6,28.25,12.44,High,71.71,3.33
Container,Small,38.93,93.0,31.35,30.76,12.26,High,126.34,0.0
Cargo,Small,32.72,60.0,4.5,25.11,1.85,Low,100.36,5.89
Cargo,Medium,55.67,85.0,36.48,0.85,16.04,High,353.71,4.09
Cargo,Medium,59.08,62.0,7.79,45.0,4.89,Medium,409.98,9.92
Tanker,Medium,79.26,70.0,24.52,41.35,13.05,High,360.19,4.24
Passenger,Small,32.42,62.0,39.43,8.71,18.06,High,321.87,0.27
Container,Small,47.2,84.0,35.3,20.66,12.27,High,153.93,0.0
Tanker,Medium,78.96,87.0,38.26,38.53,19.69,High,355.49,2.9
Passenger,Small,23.45,65.0,13.7,49.0,8.47,Medium,302.54,3.91
Cargo,Small,44.73,75.0,4.22,47.56,4.42,Medium,23.45,2.03
Container,Medium,69.07,78.0,7.53,44.97,5.56,Medium,453.81,10.31
Cargo,Medium,64.56,75.0,20.02,7.92,8.97,Medium,39.98,5.94
Tanker,Large,190.21,65.0,31.73,45.72,11.42,High,251.35,4.87
Tanker,Large,139.99,77.0,6.01,43.92,3.31,Low,256.53,15.86
Tanker,Large,105.57,90.0,26.39,18.85,13.19,High,418.5,7.17
Passenger,Large,114.15,63.0,12.94,19.73,6.02,Medium,456.53,13.32
Container,Large,169.9,63.0,13.65,23.0,4.05,Low,469.84,17.95
Passenger,Large,169.23,74.0,26.48,32.81,7.9,Medium,284.84,10.48
Tanker,Large,177.48,98.0,18.68,13.04,7.65,Medium,339.52,11.84
Container,Large,102.34,87.0,32.48,1.15,9.51,Medium,44.26,8.24
Passenger,Small,48.98,87.0,6.24,7.06,1.18,Low,243.96,7.67
Cargo,Large,160.7,74.0,31.6,22.01,6.05,Medium,448.93,12.26
Passenger,Large,177.6,84.0,2.57,14.1,1.73,Low,227.85,16.5
Passenger,Small,32.65,60.0,7.76,38.23,3.71,Low,34.8,4.62
Container,Small,39.95,85.0,26.25,5.33,8.22,Medium,100.32,2.16
Container,Medium,90.29,97.0,34.2,45.87,16.2,High,214.75,1.9
Cargo,Medium,89.42,85.0,10.11,44.77,6.29,Medium,118.76,6.76
Cargo,Large,139.44,95.0,13.09,45.44,4.46,Medium,196.15,10.35
Cargo,Medium,85.16,89.0,21.48,36.98,4.84,Medium,166.48,6.97
Container,Large,140.54,65.0,8.46,5.35,3.11,Low,159.46,15.55
Passenger,Large,186.82,96.0,32.45,21.91,13.97,High,45.58,3.0
Passenger,Large,176.22,63.0,30.95,6.57,5.27,Medium,441.36,12.61
Tanker,Large,183.22,81.0,5.81,49.38,3.91,Medium,346.35,12.19
Container,Large,130.42,66.0,18.55,16.65,9.14,Medium,311.69,11.34
Container,Small,28.99,60.0,30.99,29.27,16.27,High,303.23,0.27
Container,Large,130.12,77.0,13.49,38.97,5.75,Medium,198.25,10.35
Passenger,Large,143.01,72.0,25.32,46.03,5.64,Medium,411.66,11.77
Tanker,Small,40.75,79.0,2.01,37.78,2.3,Low,465.02,9.36
Tanker,Large,120.17,83.0,24.35,33.73,6.39,Medium,2.81,7.9
Container,Large,198.05,62.0,6.11,23.3,2.36,Low,39.6,14.19
Container,Small,28.76,65.0,33.22,30.27,11.4,High,337.49,0.97
Container,Small,26.88,82.0,14.22,4.71,4.97,Low,118.03,5.68
Tanker,Large,171.21,74.0,11.26,44.2,3.89,Medium,455.85,13.12
Container,Small,23.51,89.0,33.64,27.19,16.69,High,333.71,0.44
Container,Medium,70.8,86.0,2.01,2.01,0.8,Low,184.15,12.82
Passenger,Large,129.21,94.0,15.86,46.0,7.67,Medium,207.64,10.0
Cargo,Small,22.69,88.0,14.8,24.47,8.55,Medium,345.44,4.77
Container,Small,47.46,77.0,11.39,43.43,6.17,Medium,70.48,2.05
Container,Small,32.56,87.0,36.47,42.84,19.34,High,441.71,0.8
Tanker,Medium,52.26,71.0,30.04,40.79,8.48,Medium,2.39,4.46
Tanker,Small,40.11,72.0,2.56,3.07,0.66,Low,489.47,10.44
Tanker,Large,106.49,92.0,28.59,12.35,9.38,Medium,83.82,8.62
Cargo,Medium,64.71,78.0,21.09,43.78,8.59,Medium,371.06,8.52
Cargo,Medium,58.84,92.0,36.03,44.95,9.11,High,19.96,0.59
Cargo,Small,36.86,93.0,12.52,22.9,5.9,Medium,215.71,3.88
Cargo,Medium,60.06,94.0,22.97,22.0,3.67,Medium,315.16,8.8
Cargo,Medium,96.56,97.0,20.03,8.76,7.97,Medium,35.11,5.98
Cargo,Large,111.32,77.0,19.58,48.42,7.96,Medium,221.65,9.87
Container,Large,199.54,73.0,18.24,10.66,7.38,Medium,151.57,10.05
Tanker,Medium,69.62,83.0,8.23,9.55,2.87,Low,249.12,12.8
Cargo,Large,109.07,75.0,30.23,33.04,16.49,High,252.29,4.7
Passenger,Small,40.69,84.0,18.05,12.14,4.83,Low,392.62,8.1
Tanker,Small,31.47,88.0,38.34,46.94,21.25,High,61.75,0.0
Tanker,Large,188.79,88.0,10.43,0.55,1.34,Low,41.36,14.55
Tanker,Small,34.33,75.0,27.31,0.29,10.21,Medium,200.95,3.02
Container,Small,36.51,67.0,37.63,25.24,11.86,High,443.76,1.87
Cargo,Medium,78.02,77.0,26.54,24.4,12.6,High,427.63,5.2
Tanker,Large,190.56,66.0,34.85,8.17,14.9,High,280.0,5.4
Cargo,Large,123.84,96.0,33.1,24.73,15.14,High,444.39,6.78
Passenger,Medium,99.27,74.0,14.4,20.58,3.01,Low,402.67,13.79
Tanker,Medium,53.68,66.0,24.0,44.52,12.52,High,138.97,2.05
Passenger,Large,193.96,61.0,6.25,0.46,1.18,Low,85.05,15.21
Tanker,Small,35.34,86.0,21.42,48.81,4.8,Medium,150.58,2.38
Passenger,Medium,69.02,85.0,9.22,31.22,3.29,Low,113.56,10.92
Container,Small,45.37,74.0,29.75,7.59,9.06,Medium,311.36,3.97
Cargo,Small,34.14,63.0,21.12,2.34,8.5,Medium,292.45,4.37
Passenger,Medium,59.8,76.0,16.45,26.91,4.43,Medium,299.22,8.79
Passenger,Large,151.11,72.0,10.75,11.74,2.15,Low,94.65,14.76
Tanker,Large,131.63,87.0,39.95,15.06,15.07,High,395.93,6.15
Container,Large,179.86,84.0,2.87,12.26,2.03,Low,216.81,16.38
Cargo,Medium,63.82,75.0,1.74,32.51,2.22,Low,236.23,12.6
Tanker,Medium,72.35,69.0,8.69,27.68,4.66,Low,498.48,14.73
Cargo,Large,111.7,100.0,38.84,3.9,12.8,High,141.14,4.11
Cargo,Large,100.14,78.0,39.17,26.33,17.49,High,197.07,3.74
Passenger,Large,156.09,88.0,26.2,39.56,14.82,High,338.23,5.8
Cargo,Medium,85.26,66.0,35.2,4.06,11.38,Medium,440.21,9.02
Cargo,Small,39.36,79.0,8.56,44.49,4.51,Medium,63.39,2.27
Tanker,Medium,81.16,61.0,38.88,28.92,18.71,High,367.52,3.28
Tanker,Small,47.58,80.0,5.71,47.53,5.16,Medium,459.14,6.24
Passenger,Medium,85.04,99.0,4.05,7.41,0.98,Low,211.46,12.87
Tanker,Medium,63.89,75.0,4.49,49.68,3.97,Low,143.36,11.02
Passenger,Small,23.47,62.0,22.93,32.21,11.17,Medium,338.87,3.88
Container,Small,47.2,61.0,31.24,28.37,11.21,High,123.04,0.0
Cargo,Medium,90.03,76.0,14.67,25.76,5.16,Medium,192.14,7.76
Container,Large,147.53,66.0,39.12,1.18,14.22,High,448.46,7.08
Cargo,Medium,86.1,61.0,17.38,46.98,5.96,Medium,295.17,8.15
Cargo,Small,29.98,90.0,6.02,32.2,3.05,Low,47.49,5.02
Passenger,Large,116.93,78.0,18.64,4.58,9.49,Medium,164.85,10.08
Passenger,Large,163.73,72.0,27.16,1.05,9.68,Medium,313.63,11.19
Passenger,Medium,54.17,96.0,33.29,2.54,15.08,High,240.75,3.18
Container,Large,126.1,65.0,18.35,30.47,9.29,Medium,330.17,11.25
Container,Medium,73.3,98.0,23.74,30.7,10.1,Medium,380.72,8.6
Cargo,Small,42.84,73.0,10.69,24.98,5.91,Medium,240.31,4.18
Container,Medium,91.06,96.0,25.84,15.34,6.32,Medium,493.48,10.3
Cargo,Large,160.37,84.0,39.44,26.59,15.32,High,457.34,6.54
Cargo,Small,48.78,93.0,1.96,25.82,1.95,Low,29.95,5.29
Tanker,Large,124.37,99.0,35.46,0.97,12.42,Medium,133.22,8.7
Container,Small,24.3,72.0,22.49,14.12,4.47,Medium,150.27,3.05
Tanker,Large,109.83,98.0,10.08,2.66,2.26,Low,92.15,14.94
Container,Medium,91.39,76.0,38.2,45.01,10.45,High,156.01,1.7
Passenger,Small,39.58,75.0,19.33,36.26,8.4,Medium,212.41,2.99
Cargo,Medium,69.22,74.0,13.27,49.81,8.98,Medium,25.78,5.3
Container,Medium,76.38,82.0,7.26,15.11,4.25,Low,63.65,10.75
Tanker,Large,135.15,66.0,9.78,43.92,4.06,Medium,48.12,9.11
Passenger,Small,30.6,82.0,33.31,30.15,8.9,Medium,23.16,0.47
Passenger,Large,170.7,82.0,24.58,22.66,3.95,Medium,240.75,10.73
Container,Large,128.35,90.0,36.53,11.13,10.04,Medium,166.9,9.02
Tanker,Large,115.95,93.0,9.28,36.92,5.87,Medium,467.72,13.29
Container,Large,142.69,78.0,4.85,45.21,4.52,Medium,51.38,9.32
Container,Large,169.08,72.0,0.24,11.77,0.64,Low,463.02,19.12
Cargo,Medium,53.67,70.0,20.31,8.77,4.63,Low,43.27,9.98
Cargo,Medium,82.89,68.0,39.93,34.81,9.26,High,309.61,3.48
Tanker,Small,47.19,62.0,27.8,48.85,9.12,Medium,123.87,1.36
Tanker,Large,190.67,74.0,12.34,37.5,7.08,Medium,413.4,12.46
Tanker,Medium,54.52,71.0,35.07,14.23,13.29,High,30.74,0.94
Container,Large,139.17,99.0,31.27,21.0,14.01,High,476.25,7.38
Tanker,Large,141.13,82.0,0.62,19.22,1.17,Low,23.63,14.5
Passenger,Large,105.21,74.0,32.67,42.6,8.77,Medium,120.56,8.24
Cargo,Small,23.64,83.0,12.02,38.57,4.23,Medium,232.09,3.93
Tanker,Medium,80.47,66.0,5.99,29.45,2.09,Low,378.03,13.88
Passenger,Large,113.25,78.0,9.05,13.75,4.42,Low,475.56,18.39
Passenger,Small,43.73,85.0,18.74,46.9,10.57,Medium,214.02,2.61
Cargo,Small,39.96,80.0,16.99,32.67,8.55,Medium,378.66,4.83
Cargo,Medium,88.76,76.0,11.56,48.52,3.93,Medium,363.58,9.29
Passenger,Medium,79.63,100.0,6.89,29.01,4.24,Low,285.58,12.71
Container,Large,186.2,95.0,30.49,41.06,5.66,Medium,345.46,10.94
Passenger,Small,40.36,85.0,39.6,40.66,7.67,Medium,19.03,0.03
Container,Large,149.58,83.0,31.11,16.87,9.44,Medium,220.79,9.77
Passenger,Medium,85.05,85.0,11.84,48.2,5.85,Medium,392.93,9.39
Passenger,Medium,57.57,68.0,9.79,1.1,4.23,Low,237.11,12.64
Tanker,Medium,61.53,76.0,8.71,38.44,5.16,Medium,436.75,10.25
Cargo,Medium,80.7,62.0,5.47,48.28,3.3,Low,416.82,13.8
Cargo,Small,37.83,79.0,22.05,16.95,5.05,Medium,431.72,5.77
Tanker,Small,48.12,82.0,24.22,32.41,6.81,Medium,65.0,1.51
Container,Large,158.96,69.0,28.22,28.11,5.62,Medium,122.07,9.09
Tanker,Medium,75.64,99.0,27.21,38.08,7.76,Medium,14.8,4.85
Tanker,Medium,96.44,96.0,11.69,43.31,6.74,Medium,491.4,10.39
Passenger,Large,165.29,89.0,13.21,30.15,4.1,Low,118.07,14.31
Passenger,Small,26.6,81.0,27.26,40.8,13.87,High,183.55,0.0
Cargo,Medium,51.79,95.0,13.98,15.61,4.8,Low,137.46,11.08
Cargo,Medium,70.23,65.0,8.5,11.43,2.52,Low,19.9,10.49
Cargo,Large,132.32,92.0,14.97,21.53,5.04,Medium,130.63,10.02
Tanker,Small,35.47,65.0,10.88,33.89,5.87,Medium,49.1,2.08
Tanker,Large,125.96,92.0,3.53,9.36,1.55,Low,197.14,16.25
Tanker,Small,47.24,71.0,33.21,34.02,5.12,Medium,483.41,5.38
Cargo,Medium,94.97,95.0,34.12,19.7,16.98,High,349.13,3.69
Passenger,Large,167.22,98.0,8.79,39.78,3.1,Low,353.45,16.79
Container,Medium,55.57,66.0,2.59,1.84,1.32,Low,226.59,13.17
Passenger,Medium,94.66,79.0,29.55,33.4,4.96,Medium,405.65,9.02
Cargo,Medium,98.51,99.0,8.46,32.49,5.08,Medium,454.14,10.56
Passenger,Medium,90.76,79.0,15.74,47.05,7.29,Medium,480.78,9.95
Container,Small,27.9,95.0,2.57,35.67,2.56,Low,49.5,5.2
Tanker,Small,44.02,84.0,9.05,39.82,3.16,Low,439.82,8.63
Passenger,Large,128.37,75.0,31.72,45.23,8.46,Medium,112.54,8.19
Passenger,Medium,62.92,71.0,32.18,33.75,14.91,High,198.63,2.21
Tanker,Small,40.9,68.0,8.28,14.51,4.51,Low,172.74,6.37
Container,Medium,71.29,90.0,13.44,43.49,6.36,Medium,337.57,8.8
Tanker,Small,36.76,75.0,5.37,37.38,3.16,Low,298.96,7.46
Container,Small,31.06,80.0,2.97,21.22,1.43,Low,54.55,5.63
Container,Small,20.58,80.0,39.69,35.53,16.58,High,391.41,0.56
Tanker,Small,25.92,83.0,26.22,43.38,7.71,Medium,219.82,2.65
Container,Medium,73.63,95.0,21.68,48.78,5.08,Medium,1.11,5.04
Passenger,Small,44.81,99.0,30.62,47.62,13.6,High,207.25,0.0
Tanker,Small,36.31,76.0,33.6,16.27,10.7,Medium,258.17,2.91
Tanker,Large,100.36,93.0,32.27,21.08,4.44,Medium,34.44,8.27
Tanker,Large,142.59,91.0,0.66,5.48,0.37,Low,75.57,15.38
Passenger,Medium,84.72,83.0,7.47,12.38,3.46,Low,496.79,15.2
Container,Large,187.45,98.0,26.2,44.12,5.49,Medium,435.6,12.01
Cargo,Medium,50.52,68.0,15.03,18.04,7.61,Medium,66.66,6.39
Passenger,Small,22.69,64.0,39.3,31.03,10.38,High,290.15,0.28
Container,Small,28.51,94.0,26.62,33.3,5.27,Medium,189.62,2.77
Container,Large,126.2,78.0,38.26,39.09,17.41,High,271.87,4.28
Passenger,Medium,77.0,94.0,8.06,9.14,2.95,Low,235.27,12.67
Tanker,Large,174.68,96.0,34.56,15.24,8.46,Medium,24.07,7.76
Tanker,Large,177.03,62.0,12.85,22.42,4.49,Low,157.71,14.84
Tanker,Medium,71.7,95.0,39.58,18.24,5.21,Medium,62.76,5.36
Passenger,Small,38.1,78.0,6.31,49.15,4.76,Medium,244.48,4.07
Cargo,Small,33.05,80.0,20.65,41.75,7.17,Medium,453.66,5.35
Container,Large,187.47,85.0,31.71,23.98,13.43,High,497.77,7.57
Passenger,Large,161.95,97.0,17.31,43.96,8.28,Medium,472.13,12.55
Tanker,Large,138.74,61.0,18.72,17.38,7.62,Medium,492.85,13.28
Cargo,Large,185.49,79.0,39.45,39.29,18.42,High,7.62,1.48
Cargo,Medium,82.18,88.0,17.01,11.18,6.55,Medium,364.72,9.52
Passenger,Medium,97.43,89.0,24.16,38.62,8.39,Medium,136.47,6.15
Cargo,Medium,72.68,88.0,2.18,22.82,1.7,Low,432.81,14.79
Passenger,Small,47.04,65.0,33.69,5.37,5.25,Medium,406.87,5.15
Cargo,Large,151.03,72.0,25.93,13.66,11.36,Medium,211.84,9.81
Tanker,Small,35.04,74.0,16.16,20.11,7.54,Medium,236.63,3.8
Passenger,Large,105.14,92.0,0.65,37.46,2.0,Low,132.55,15.14
Cargo,Medium,60.39,71.0,23.67,3.65,10.72,Medium,144.4,6.72
Container,Medium,72.24,68.0,0.51,32.98,1.82,Low,490.59,15.24
Container,Small,44.93,98.0,0.05,35.8,1.8,Low,444.43,9.35
Container,Large,114.67,60.0,24.64,32.7,4.27,Medium,95.93,9.05
Tanker,Medium,99.07,100.0,7.56,38.03,3.81,Low,137.76,11.06
Tanker,Large,199.02,87.0,7.68,8.91,3.18,Low,54.32,14.46
Cargo,Small,41.21,93.0,26.13,29.36,5.02,Medium,494.44,5.95
Passenger,Small,27.22,72.0,2.15,47.06,2.96,Low,453.6,8.99
Container,Medium,52.39,61.0,12.54,30.54,7.76,Medium,276.05,8.35
Tanker,Small,45.82,90.0,5.98,30.57,3.84,Low,346.45,7.97
Cargo,Large,140.59,93.0,23.21,36.82,9.24,Medium,373.97,11.32
Container,Medium,52.21,90.0,26.47,16.66,9.12,Medium,101.91,6.05
Tanker,Small,31.69,66.0,28.85,35.02,5.14,Medium,467.33,5.42
Container,Small,26.01,90.0,10.21,45.81,7.22,Medium,263.37,3.88
Container,Medium,73.9,91.0,3.57,0.54,1.71,Low,46.23,11.3
Tanker,Medium,69.67,86.0,3.15,43.51,3.35,Low,198.54,11.82
Tanker,Large,167.54,91.0,17.05,10.93,2.93,Low,300.82,16.44
Container,Large,160.55,94.0,37.83,22.8,8.07,Medium,176.41,9.01
Container,Medium,73.92,85.0,8.71,42.62,3.64,Low,349.6,13.04
Tanker,Small,29.99,64.0,10.27,41.2,5.22,Medium,441.02,5.95
Cargo,Medium,73.95,80.0,4.04,44.6,2.97,Low,385.95,13.67
Container,Small,29.03,63.0,24.22,47.02,11.51,High,321.33,0.91
Passenger,Small,39.62,76.0,27.19,22.36,9.77,Medium,256.08,3.18
Container,Small,29.02,76.0,25.72,32.82,4.39,Medium,127.23,2.29
Cargo,Large,145.44,63.0,34.45,19.52,14.67,High,227.47,4.69
Cargo,Small,44.77,74.0,19.46,17.54,4.29,Low,146.48,5.51
Passenger,Large,164.03,64.0,5.38,21.58,3.39,Low,467.01,18.43
Cargo,Large,147.6,92.0,11.58,37.15,4.66,Medium,453.66,13.15
Container,Large,152.29,98.0,26.5,25.07,7.49,Medium,77.91,8.6
Container,Small,33.85,63.0,24.52,40.7,4.6,Medium,411.31,5.01
Tanker,Small,21.9,98.0,21.24,37.26,12.38,High,351.46,1.47
Tanker,Large,106.18,81.0,27.32,1.02,9.47,Medium,487.61,12.94
Passenger,Medium,50.89,72.0,25.5,31.51,8.44,Medium,231.65,7.17
Cargo,Small,22.18,63.0,35.25,21.83,5.98,Medium,361.09,4.21
Passenger,Large,140.59,80.0,23.44,22.83,10.04,Medium,258.94,10.36
Passenger,Small,24.15,92.0,31.14,40.92,8.68,Medium,34.7,0.5
Container,Small,27.42,88.0,9.95,27.38,6.3,Medium,23.38,1.96
Passenger,Large,125.3,62.0,27.13,44.28,15.24,High,61.06,2.84
Tanker,Small,29.75,63.0,36.09,35.64,16.01,High,148.1,0.0
Cargo,Small,37.49,76.0,15.43,27.64,8.92,Medium,129.56,2.48
Container,Medium,71.8,72.0,31.16,37.73,6.32,Medium,364.16,8.3
Tanker,Large,169.37,69.0,28.99,1.92,6.24,Medium,357.96,11.87
Tanker,Large,161.83,71.0,2.38,1.35,0.55,Low,485.7,19.46
Container,Medium,54.83,92.0,23.26,4.17,3.2,Low,155.2,11.19
Cargo,Small,37.88,97.0,5.21,21.88,3.64,Low,469.23,9.43
Tanker,Small,49.42,76.0,38.69,11.77,5.39,Medium,306.43,3.76
Tanker,Medium,82.94,96.0,32.46,49.21,16.83,High,247.65,2.19
Container,Medium,66.01,73.0,4.39,27.11,3.14,Low,333.92,13.46
Container,Medium,86.05,79.0,4.87,33.12,2.88,Low,351.38,13.52
Container,Medium,62.57,69.0,23.78,13.94,3.25,Low,85.96,10.27
Tanker,Small,36.97,86.0,13.8,16.09,2.22,Low,375.86,8.32
Container,Small,41.39,99.0,1.4,16.77,1.09,Low,362.59,8.91
Container,Large,190.34,84.0,21.67,34.94,8.19,Medium,498.77,12.79
Tanker,Small,42.6,74.0,15.51,23.69,5.58,Medium,455.97,6.15
Container,Large,194.64,86.0,4.04,25.88,2.64,Low,342.33,17.24
Tanker,Large,189.26,65.0,32.08,29.6,14.59,High,356.18,5.91
Container,Large,112.61,96.0,36.6,38.44,11.11,High,472.99,7.02
Passenger,Small,24.34,80.0,30.26,4.52,5.19,Medium,483.59,6.11
Passenger,Small,23.68,78.0,32.9,38.84,15.76,High,413.48,1.14
Tanker,Small,28.17,83.0,8.66,28.16,3.43,Low,383.7,8.3
Passenger,Large,182.16,85.0,10.54,33.45,3.94,Low,55.68,13.77
Container,Large,131.74,63.0,8.34,16.38,4.2,Low,415.16,17.79
Passenger,Large,106.26,87.0,30.6,20.47,15.52,High,126.6,3.77
Container,Small,45.75,70.0,37.92,11.56,18.25,High,281.89,0.0
Tanker,Large,182.78,89.0,28.67,48.96,6.89,Medium,202.69,9.33
Cargo,Large,172.79,93.0,35.26,24.85,11.87,High,172.8,4.28
Cargo,Medium,60.97,92.0,25.55,49.8,5.99,Medium,155.13,6.28
Passenger,Small,28.85,82.0,15.51,24.49,8.74,Medium,427.71,5.54
Container,Large,165.24,81.0,17.03,10.99,3.72,Low,384.57,17.2
Passenger,Small,33.94,66.0,3.01,25.37,1.81,Low,261.72,7.58
Cargo,Medium,56.52,91.0,1.26,1.98,0.67,Low,332.24,14.35
Container,Small,43.86,71.0,27.82,45.24,15.81,High,492.26,2.05
Container,Small,45.68,80.0,17.54,40.93,8.7,Medium,198.77,2.82
Tanker,Large,100.61,71.0,22.09,36.29,5.09,Medium,275.55,10.82
Cargo,Medium,74.76,65.0,22.31,30.49,8.09,Medium,266.76,7.73
Tanker,Large,111.37,85.0,11.1,28.99,6.19,Medium,467.99,13.33
Tanker,Large,182.83,62.0,19.04,49.84,8.76,Medium,175.78,9.33
Passenger,Large,199.25,90.0,18.83,13.9,3.58,Low,493.13,18.15
Tanker,Small,39.42,73.0,15.54,38.98,4.57,Medium,152.35,2.91
Tanker,Small,46.18,60.0,32.83,29.07,16.08,High,54.45,0.0
Cargo,Medium,59.66,80.0,18.05,48.79,8.05,Medium,95.69,5.87
Passenger,Small,35.67,62.0,24.15,41.39,11.3,High,213.11,0.0
Container,Large,102.05,71.0,35.82,49.93,11.42,High,324.88,5.32
Container,Medium,65.51,88.0,34.65,29.42,12.32,High,258.41,3.03
Cargo,Large,177.63,63.0,35.62,10.23,18.0,High,188.14,4.1
Container,Medium,81.53,94.0,10.8,25.18,3.76,Low,281.02,12.59
Cargo,Large,163.73,60.0,1.4,35.56,2.3,Low,419.4,17.98
Container,Medium,85.7,70.0,10.44,38.72,3.7,Low,419.47,13.73
Cargo,Medium,65.02,90.0,11.15,0.03,1.66,Low,363.11,14.11
Container,Small,29.68,73.0,36.37,25.25,16.3,High,476.22,1.81
Tanker,Large,164.85,64.0,25.97,11.76,11.95,Medium,295.1,10.62
Cargo,Small,33.51,74.0,3.27,43.75,3.39,Low,3.83,4.46
Passenger,Small,39.61,71.0,5.42,7.65,1.27,Low,145.46,6.7
Cargo,Small,42.47,94.0,6.23,33.32,2.89,Low,164.11,6.17
Container,Large,198.16,73.0,25.22,13.3,12.38,Medium,273.66,10.37
Passenger,Small,38.93,92.0,29.42,17.83,7.23,Medium,452.44,5.37
Passenger,Medium,71.54,96.0,34.39,47.03,17.05,High,419.06,3.83
Tanker,Small,30.33,77.0,37.63,12.02,8.67,Medium,116.09,1.57
Tanker,Large,137.86,96.0,8.07,4.75,4.08,Low,259.7,16.49
Tanker,Small,45.42,75.0,12.39,3.46,5.94,Low,329.57,7.81
Container,Medium,54.73,99.0,9.61,25.23,2.39,Low,493.76,14.91
Tanker,Small,23.87,64.0,14.35,32.09,7.46,Medium,15.65,1.45
Container,Large,147.34,87.0,36.59,16.36,6.96,Medium,231.94,9.87
Container,Medium,59.03,80.0,23.0,34.51,6.01,Medium,494.05,10.1
Passenger,Medium,87.16,76.0,29.53,3.05,8.54,Medium,488.6,10.09
Cargo,Large,158.32,85.0,19.6,42.87,8.62,Medium,165.36,9.35
Passenger,Medium,65.98,88.0,1.15,40.83,2.31,Low,0.01,10.1
Tanker,Small,21.31,60.0,2.57,49.27,3.31,Low,293.37,7.29
Tanker,Large,182.97,67.0,21.52,46.83,5.96,Medium,433.47,12.13
Passenger,Medium,66.1,89.0,28.75,17.81,4.02,Medium,162.15,7.03
Container,Small,48.06,87.0,8.61,19.96,3.83,Low,467.13,9.26
Cargo,Large,165.47,99.0,28.88,37.3,10.73,High,166.35,4.4
Passenger,Small,38.27,90.0,32.43,6.7,12.52,Medium,305.1,3.44
Container,Large,162.81,98.0,16.48,15.7,6.72,Medium,361.02,12.2
Passenger,Large,138.15,88.0,29.86,5.93,14.0,High,172.71,4.72
Cargo,Medium,73.76,72.0,16.16,22.74,5.72,Medium,176.1,7.53
Container,Small,40.15,64.0,27.13,27.6,4.18,Medium,235.0,3.42
Tanker,Large,141.31,91.0,30.56,10.56,11.29,Medium,417.61,11.71
Container,Medium,99.12,86.0,39.68,1.33,14.75,High,50.43,1.02
Tanker,Small,35.95,62.0,13.82,35.97,6.06,Medium,315.74,4.54
Passenger,Large,156.04,74.0,16.44,1.0,6.23,Low,338.67,16.72
Tanker,Medium,93.67,98.0,6.62,48.67,3.95,Medium,278.94,8.69
Cargo,Medium,70.37,80.0,8.16,11.08,1.86,Low,467.92,15.06
Tanker,Medium,85.7,77.0,27.74,33.2,11.81,High,301.0,3.78
Tanker,Medium,83.04,78.0,36.68,21.74,8.35,Medium,317.29,7.67
Tanker,Small,22.94,68.0,15.78,2.98,4.61,Low,299.88,7.49
Passenger,Small,26.37,75.0,7.19,23.61,3.31,Low,361.01,8.25
Container,Large,120.7,75.0,11.4,25.84,4.61,Low,67.7,13.93
Passenger,Small,43.91,62.0,18.2,42.73,8.31,Medium,447.14,5.28
Passenger,Large,122.45,91.0,11.63,36.62,3.13,Low,21.25,13.39
Cargo,Small,34.61,77.0,9.34,3.97,4.83,Low,320.37,7.97
Container,Large,187.48,93.0,29.44,10.46,11.9,Medium,307.74,10.61
Container,Large,173.43,94.0,0.31,15.59,0.86,Low,104.06,15.43
Cargo,Large,142.7,68.0,21.57,5.82,4.1,Low,20.36,13.4
Tanker,Medium,68.6,86.0,31.75,22.84,5.34,Medium,69.42,5.72
Passenger,Medium,66.17,79.0,10.65,49.22,6.39,Medium,135.84,6.8
Tanker,Large,120.26,95.0,24.13,25.73,6.76,Medium,441.05,12.41
Cargo,Large,178.16,69.0,26.76,37.09,6.99,Medium,427.87,11.9
Cargo,Small,31.08,87.0,26.2,34.15,8.31,Medium,31.93,0.9
Cargo,Small,23.65,84.0,17.83,42.5,8.14,Medium,144.63,2.29
Cargo,Large,101.02,72.0,13.86,10.79,5.65,Low,444.66,17.77
Container,Large,195.61,65.0,33.44,37.69,13.86,High,118.33,3.37
Cargo,Small,23.38,86.0,30.34,44.07,15.71,High,497.98,2.01
Passenger,Large,168.85,90.0,12.85,8.58,2.84,Low,128.42,14.99
Tanker,Large,194.08,73.0,4.12,17.34,2.33,Low,369.56,17.71
Container,Small,24.87,86.0,2.87,48.51,2.83,Low,208.53,6.49
Passenger,Small,44.37,76.0,3.77,39.04,3.16,Low,68.12,5.2
Tanker,Small,35.28,89.0,23.31,14.13,8.48,Medium,127.58,2.38
Cargo,Large,138.2,68.0,2.07,28.2,1.8,Low,337.56,17.33
Container,Large,148.02,96.0,13.48,20.22,4.47,Low,168.53,14.96
Container,Small,32.61,71.0,30.13,24.5,14.21,High,302.06,0.6
Tanker,Large,183.57,75.0,11.77,17.76,2.76,Low,102.77,14.61
Tanker,Large,172.1,62.0,30.53,13.97,9.06,Medium,224.29,9.93
Passenger,Medium,58.48,64.0,29.82,33.74,15.79,High,256.12,2.82
Cargo,Medium,64.69,81.0,9.83,38.93,4.91,Medium,206.39,7.9
Cargo,Small,22.44,71.0,29.15,43.7,13.56,High,98.96,0.0
Cargo,Medium,73.67,93.0,29.91,7.77,13.27,High,230.78,3.33
Cargo,Large,188.14,61.0,15.9,41.14,4.94,Medium,346.45,11.75
Passenger,Medium,57.19,75.0,8.42,12.74,2.21,Low,482.45,15.13
Passenger,Small,30.93,73.0,20.85,21.37,9.48,Medium,394.76,4.93
Container,Large,114.75,61.0,36.86,45.07,17.05,High,80.74,2.36
Tanker,Large,182.79,65.0,25.58,22.73,4.31,Medium,136.35,9.6
Container,Medium,82.74,77.0,6.92,9.85,2.08,Low,39.41,10.84
Tanker,Large,139.94,80.0,27.31,7.99,7.48,Medium,67.82,8.8
Cargo,Medium,93.38,76.0,17.09,23.65,8.56,Medium,125.34,6.67
Passenger,Large,154.65,81.0,23.66,38.13,8.27,Medium,99.76,8.62
Cargo,Small,21.21,84.0,29.36,49.86,16.3,High,106.82,0.0
Cargo,Small,39.03,60.0,20.6,39.37,12.24,High,115.39,0.0
Tanker,Small,27.49,79.0,32.56,43.85,15.62,High,150.34,0.0
Cargo,Large,181.15,99.0,28.89,37.39,12.46,High,62.79,3.19
Passenger,Small,31.88,81.0,24.6,44.77,8.55,Medium,138.92,1.81
Cargo,Large,138.6,87.0,6.03,3.81,0.96,Low,344.21,17.77
Tanker,Medium,72.62,72.0,33.44,46.5,13.34,High,118.2,1.25
Passenger,Small,21.16,91.0,37.44,19.82,10.15,Medium,85.92,0.98
Passenger,Small,24.45,91.0,5.48,46.08,3.62,Low,33.85,4.58
Tanker,Medium,63.94,81.0,19.53,3.79,7.51,Medium,249.99,8.3
Tanker,Small,38.52,99.0,10.36,35.76,4.75,Medium,420.99,5.9
Cargo,Small,46.72,65.0,30.18,36.78,13.94,High,29.51,0.0
Passenger,Large,195.66,61.0,28.87,49.85,9.98,High,271.16,5.27
Tanker,Medium,89.27,91.0,5.64,38.44,2.83,Low,325.31,13.12
Passenger,Large,133.92,92.0,35.08,19.13,10.94,Medium,296.23,10.13
Passenger,Medium,73.65,65.0,7.24,27.86,4.87,Low,438.81,14.18
Cargo,Medium,60.05,71.0,31.89,18.33,14.33,High,433.2,4.94
Tanker,Medium,66.6,61.0,18.28,9.8,3.82,Low,28.65,9.99
Container,Medium,98.45,72.0,13.13,12.43,3.99,Low,180.47,11.7
Cargo,Large,135.33,91.0,6.33,11.1,3.54,Low,335.41,17.26
Tanker,Medium,88.04,81.0,6.7,27.44,2.37,Low,476.22,14.84
Cargo,Small,42.16,74.0,26.48,45.31,7.6,Medium,402.34,4.43
Passenger,Medium,61.15,75.0,22.02,45.64,6.79,Medium,88.29,5.79
Container,Small,22.41,60.0,4.88,2.74,1.74,Low,139.6,6.72
Container,Small,34.7,72.0,4.51,3.99,1.39,Low,381.8,9.17
Passenger,Medium,83.42,86.0,2.89,12.26,0.99,Low,235.74,13.07
Passenger,Large,160.21,99.0,29.75,12.75,11.1,Medium,273.65,10.28
Cargo,Small,27.54,94.0,28.48,4.74,4.21,Medium,304.49,4.51
Cargo,Small,48.96,61.0,2.34,19.42,1.77,Low,51.65,5.63
Passenger,Small,33.63,96.0,22.41,29.39,8.26,Medium,427.98,5.15
Container,Small,45.83,91.0,3.39,28.91,2.45,Low,431.57,9.12
Passenger,Large,167.05,91.0,36.15,27.17,5.95,Medium,234.12,9.8
Passenger,Large,186.97,78.0,36.28,16.93,13.75,High,313.42,5.61
Cargo,Small,35.63,76.0,27.93,35.32,9.38,Medium,329.95,3.66
Passenger,Small,40.0,72.0,37.05,41.32,11.86,High,94.86,0.0
Passenger,Medium,69.86,63.0,32.46,17.31,11.86,High,56.29,1.41
Container,Small,24.63,69.0,33.14,4.28,11.56,Medium,10.34,0.6
Cargo,Small,26.94,70.0,22.79,14.82,3.16,Low,456.44,8.61
Cargo,Medium,81.59,79.0,12.24,6.87,2.18,Low,172.86,11.96
Cargo,Medium,97.04,90.0,8.71,23.37,2.86,Low,42.92,10.44
Passenger,Medium,63.63,79.0,13.09,7.8,5.25,Low,232.9,12.19
Passenger,Large,176.48,62.0,25.14,23.14,9.47,Medium,37.81,8.11
Cargo,Large,196.13,98.0,6.91,11.05,3.34,Low,42.63,14.33
Passenger,Large,185.43,98.0,10.35,36.94,5.95,Medium,244.44,10.99
Cargo,Medium,84.35,91.0,18.72,1.38,8.33,Medium,254.42,8.35
Cargo,Medium,98.32,100.0,9.32,27.74,3.72,Low,290.07,12.71
Container,Medium,67.28,82.0,23.55,8.47,6.03,Medium,328.16,8.93
Container,Small,41.42,99.0,36.93,0.05,15.97,High,334.13,0.9
Tanker,Large,161.05,63.0,29.92,43.46,8.01,Medium,216.5,9.4
Container,Large,152.53,75.0,26.66,33.58,9.26,Medium,321.77,10.69
Cargo,Small,24.89,69.0,23.31,4.95,4.39,Low,152.37,5.62
Container,Medium,58.15,68.0,19.52,33.2,10.75,Medium,220.65,7.09
Passenger,Small,24.54,66.0,7.46,30.58,3.49,Low,196.66,6.43
Passenger,Large,199.69,85.0,35.79,23.67,7.8,Medium,164.56,9.0
Tanker,Medium,84.67,91.0,9.94,20.96,4.79,Low,119.29,11.0
Tanker,Small,43.1,83.0,3.65,44.35,2.94,Low,39.23,4.83
Passenger,Small,36.09,66.0,30.0,12.26,14.94,High,252.96,0.29
Passenger,Large,194.86,92.0,7.02,19.92,2.73,Low,268.64,16.46
Tanker,Large,137.56,85.0,14.88,16.46,6.27,Medium,168.08,10.38
Cargo,Medium,93.07,76.0,1.13,38.56,2.2,Low,487.92,15.03
Cargo,Large,104.8,87.0,5.48,45.82,4.61,Medium,278.48,11.53
Container,Small,39.52,70.0,6.93,42.49,5.3,Medium,444.51,6.12
Tanker,Medium,75.49,74.0,2.18,39.89,2.9,Low,285.04,12.85
Passenger,Large,188.99,97.0,26.27,49.34,14.01,High,94.96,3.25
Cargo,Large,198.47,72.0,33.48,34.86,6.46,Medium,487.31,12.26
Container,Small,40.05,79.0,14.93,37.55,8.89,Medium,442.67,5.44
Cargo,Medium,61.62,96.0,34.98,49.14,14.69,High,235.64,2.16
Tanker,Small,38.82,88.0,8.53,0.35,3.84,Low,121.53,6.2
Container,Large,114.42,62.0,13.02,31.7,6.45,Medium,111.33,9.58
Cargo,Large,189.51,66.0,6.03,36.95,2.94,Low,403.01,17.5
Passenger,Medium,83.09,60.0,24.82,45.89,10.83,High,34.56,1.1
Passenger,Small,21.79,85.0,16.79,44.19,4.5,Medium,319.03,4.42
Passenger,Small,33.02,78.0,24.53,42.1,11.38,High,320.07,0.99
Tanker,Large,101.76,65.0,30.47,47.29,10.4,High,91.23,3.4
Tanker,Medium,75.05,98.0,21.83,26.87,4.85,Medium,352.46,9.01
Cargo,Medium,88.48,81.0,25.11,0.35,12.36,Medium,352.7,8.63
Tanker,Small,30.54,70.0,37.41,0.55,17.25,High,175.02,0.0
Cargo,Small,49.59,80.0,11.96,27.23,6.83,Medium,241.69,3.99
Cargo,Large,170.89,87.0,14.37,21.76,7.06,Medium,416.38,12.7
Passenger,Large,180.86,63.0,28.71,22.56,11.95,Medium,261.58,9.93
Passenger,Medium,59.7,71.0,24.45,20.02,9.85,Medium,309.08,8.08
Tanker,Small,20.23,92.0,7.14,45.89,3.31,Low,206.38,6.26
Cargo,Large,127.35,78.0,15.05,17.96,7.82,Medium,74.8,9.25
Passenger,Medium,83.74,82.0,18.71,42.81,10.61,Medium,499.03,9.74
Passenger,Large,114.43,77.0,16.78,45.14,8.95,Medium,265.77,10.42
Tanker,Small,38.54,62.0,7.13,24.98,4.61,Low,168.22,6.17
Container,Large,196.83,67.0,36.98,22.35,13.0,High,356.89,5.97
Container,Large,177.64,78.0,30.49,38.05,10.41,High,310.41,5.78
Passenger,Large,148.12,68.0,19.25,35.4,11.15,Medium,116.45,8.78
Cargo,Small,40.06,62.0,27.2,16.43,8.59,Medium,438.46,5.24
Tanker,Medium,92.87,94.0,35.89,5.13,13.05,High,35.45,1.15
Passenger,Large,135.47,99.0,5.45,13.24,2.02,Low,302.85,17.09
Container,Small,49.13,92.0,10.01,6.55,3.88,Low,238.94,7.17
Passenger,Small,25.6,94.0,21.71,14.74,9.16,Medium,159.1,2.69
Container,Large,158.24,70.0,31.96,13.09,11.84,Medium,413.19,11.49
Container,Large,134.75,98.0,1.45,31.89,2.04,Low,328.14,17.17
Passenger,Small,37.32,68.0,39.36,47.72,11.05,High,379.75,0.77
Container,Small,49.76,98.0,18.2,34.29,8.22,Medium,207.33,3.06
Cargo,Large,166.41,100.0,14.37,46.33,8.98,Medium,471.2,12.57
Cargo,Medium,82.52,88.0,11.71,39.21,3.16,Low,172.36,11.24
Cargo,Large,181.35,99.0,6.97,36.39,2.89,Low,265.52,16.09
Container,Large,114.87,83.0,31.66,20.7,5.72,Medium,466.83,12.5
Tanker,Small,39.92,70.0,38.22,16.24,18.75,High,41.59,0.0
Container,Large,114.29,77.0,16.55,42.31,8.16,Medium,54.41,8.45
Passenger,Medium,95.64,84.0,38.1,45.27,20.58,High,497.09,4.1
Container,Large,109.08,63.0,32.95,22.59,12.11,High,485.7,7.55
Passenger,Medium,60.17,85.0,19.24,0.45,5.5,Low,385.85,13.54
Container,Large,166.39,99.0,26.96,39.63,13.22,High,242.09,4.96
Container,Small,29.32,68.0,17.4,14.25,3.57,Low,253.03,6.82
Cargo,Medium,90.26,92.0,22.35,0.49,5.67,Medium,128.61,7.19
Container,Large,144.75,96.0,2.32,40.25,2.68,Low,216.37,15.77
Passenger,Medium,92.23,98.0,27.85,25.87,7.4,Medium,215.67,7.11
Passenger,Large,114.45,98.0,2.11,34.26,2.24,Low,18.05,13.97
Tanker,Medium,75.67,81.0,32.68,45.73,6.58,Medium,226.58,6.66
Tanker,Small,25.96,99.0,33.0,27.06,7.27,Medium,239.9,2.88
Container,Medium,79.14,90.0,9.48,25.16,3.48,Low,332.89,13.2
Tanker,Large,123.46,66.0,12.95,14.53,6.14,Medium,258.23,11.43
Cargo,Small,46.99,79.0,19.25,15.26,4.09,Low,430.84,8.43
Tanker,Large,177.56,89.0,23.87,39.83,7.69,Medium,183.78,9.48
Container,Medium,57.79,70.0,11.49,22.45,2.57,Low,204.86,11.97
Cargo,Large,159.26,86.0,23.7,8.18,8.06,Medium,285.74,11.1
Container,Medium,81.5,87.0,11.91,4.73,4.34,Low,101.36,11.09
Cargo,Large,100.28,67.0,2.22,23.65,2.17,Low,196.75,15.97
Passenger,Small,30.98,83.0,0.1,23.25,1.21,Low,343.08,8.64
Container,Small,25.25,91.0,4.05,32.67,2.5,Low,205.9,6.75
Tanker,Small,26.78,80.0,31.69,23.55,6.08,Medium,453.31,5.27
Tanker,Medium,83.88,60.0,38.46,7.17,6.61,Medium,307.65,7.95
Passenger,Large,189.37,60.0,17.08,25.39,9.6,Medium,76.88,8.85
Tanker,Large,178.69,74.0,20.51,45.34,9.84,Medium,243.72,9.92
Container,Large,106.76,97.0,5.87,7.97,1.09,Low,382.39,18.06
Container,Small,29.52,69.0,22.04,34.49,5.13,Medium,321.67,4.31
Tanker,Small,23.82,85.0,5.79,29.69,3.19,Low,442.63,9.02
Tanker,Small,37.11,69.0,24.45,37.43,6.35,Medium,374.99,4.54
Tanker,Large,197.72,73.0,37.33,7.53,16.11,High,30.81,2.68
Cargo,Large,112.88,94.0,7.83,47.08,4.93,Medium,56.26,9.14
Cargo,Small,40.68,89.0,30.58,31.05,12.1,High,324.87,0.89
Passenger,Medium,92.4,64.0,0.94,42.35,2.39,Low,119.2,11.26
Cargo,Medium,76.73,77.0,15.02,12.33,3.66,Low,293.92,12.78
Tanker,Medium,88.89,61.0,4.43,36.97,3.34,Low,396.11,13.87
Container,Small,30.25,79.0,14.1,39.05,7.41,Medium,288.47,4.06
Tanker,Medium,53.89,86.0,6.94,19.87,2.72,Low,207.74,12.26
Cargo,Medium,54.67,65.0,14.93,19.2,5.47,Medium,323.14,9.15
Tanker,Medium,81.05,72.0,16.7,32.89,8.92,Medium,71.81,5.93
Tanker,Medium,62.28,76.0,12.02,4.67,2.15,Low,361.6,13.91
Passenger,Large,196.44,97.0,26.26,36.78,10.19,Medium,348.51,10.82
Tanker,Small,22.89,100.0,36.75,2.14,8.9,Medium,257.2,3.2
Tanker,Large,127.31,62.0,16.02,9.53,6.58,Medium,139.41,10.14
Tanker,Large,175.41,90.0,7.69,33.21,2.49,Low,398.78,17.49
Container,Medium,59.58,75.0,10.83,4.92,4.23,Low,255.28,12.69
Cargo,Small,34.92,76.0,34.16,48.59,7.25,Medium,29.59,0.29
Cargo,Small,48.3,90.0,22.87,43.42,5.05,Medium,459.31,5.48
Cargo,Medium,76.63,97.0,18.2,31.32,8.66,Medium,383.86,9.04
Passenger,Large,181.89,98.0,5.99,40.95,4.18,Low,292.4,16.19
Tanker,Large,198.58,83.0,17.99,44.38,10.46,Medium,218.41,9.75
Container,Medium,63.51,74.0,11.14,12.97,4.08,Low,479.95,14.78
Cargo,Small,25.31,92.0,37.73,42.47,13.9,High,387.51,0.75
Container,Large,139.11,70.0,35.36,9.74,14.02,High,267.5,5.31
Cargo,Small,44.61,83.0,3.36,20.67,1.8,Low,326.58,8.3
Cargo,Large,156.26,74.0,20.67,27.91,3.77,Medium,140.38,9.84
Tanker,Small,28.7,86.0,9.0,35.69,3.51,Low,97.86,5.26
Cargo,Medium,61.59,70.0,16.43,1.51,3.28,Low,136.66,11.39
Tanker,Large,125.31,68.0,35.07,14.53,8.94,Medium,146.57,8.93
Cargo,Medium,95.58,97.0,21.1,30.43,11.59,Medium,369.87,8.48
Container,Small,25.68,64.0,13.37,17.87,6.53,Medium,70.03,2.42
Cargo,Small,47.1,80.0,8.32,38.75,5.88,Medium,388.79,5.51
Passenger,Large,127.52,69.0,32.01,32.58,17.62,High,261.7,4.6
Tanker,Large,136.66,62.0,24.98,11.72,7.42,Medium,192.29,10.1
Container,Large,159.22,61.0,18.72,7.3,3.94,Low,150.2,14.83
Tanker,Medium,98.8,67.0,8.7,31.45,4.39,Low,256.6,12.26
Container,Medium,65.72,95.0,13.37,22.52,7.18,Medium,158.76,7.35
Container,Medium,86.49,71.0,38.39,8.45,11.41,Medium,214.73,6.52
Tanker,Large,108.7,98.0,20.8,16.32,7.1,Medium,369.51,12.02
Tanker,Small,46.42,83.0,16.03,15.15,3.22,Low,313.0,7.5
Passenger,Medium,65.03,77.0,20.86,5.41,5.86,Medium,373.99,9.6
Cargo,Large,141.49,83.0,31.16,27.35,9.31,Medium,356.49,10.93
Container,Small,46.58,81.0,13.6,38.18,5.18,Medium,407.54,5.51
Cargo,Medium,76.08,90.0,7.15,28.77,4.69,Low,100.84,10.81
Cargo,Medium,89.55,71.0,23.4,41.31,4.96,Medium,497.56,10.08
Container,Large,171.71,74.0,26.61,6.38,13.33,Medium,237.89,9.99
Passenger,Medium,85.21,96.0,28.51,21.78,4.03,Medium,359.12,8.93
Tanker,Medium,54.25,98.0,35.28,30.47,18.4,High,338.88,3.18
Container,Small,36.72,96.0,14.85,33.8,6.43,Medium,283.08,4.17
Container,Medium,59.37,77.0,3.01,34.79,2.89,Low,497.91,15.04
Cargo,Small,34.44,91.0,38.33,36.45,8.52,Medium,108.66,0.99
Passenger,Medium,73.78,79.0,17.4,32.57,7.92,Medium,210.86,7.4
Cargo,Large,167.12,80.0,24.93,4.71,11.52,Medium,63.87,8.55
Passenger,Large,186.7,68.0,26.65,34.77,5.89,Medium,90.92,8.69
Passenger,Large,132.55,84.0,21.86,36.24,5.11,Medium,356.48,11.64
Container,Medium,88.23,67.0,8.21,49.67,4.3,Medium,2.42,5.79
Passenger,Small,46.8,73.0,30.21,34.67,6.71,Medium,444.91,4.97
Passenger,Medium,56.4,94.0,32.15,34.34,6.35,Medium,316.59,7.84
Passenger,Large,107.75,68.0,22.12,25.74,9.5,Medium,220.45,10.03
Tanker,Medium,92.59,63.0,19.54,43.4,5.8,Medium,165.68,6.83
Cargo,Medium,75.71,63.0,4.56,49.84,4.16,Medium,63.14,6.59
Passenger,Small,35.19,98.0,3.36,38.95,3.44,Low,460.78,9.12
Cargo,Small,30.55,80.0,13.58,30.63,6.43,Medium,356.16,5.03
Cargo,Medium,72.36,76.0,12.43,3.95,2.03,Low,168.2,11.98
Tanker,Medium,53.02,92.0,38.15,36.34,14.38,High,35.47,0.28
Passenger,Medium,55.57,93.0,31.34,35.43,9.84,Medium,162.84,5.97
Container,Small,44.35,73.0,26.4,38.78,8.2,Medium,92.32,1.41
Cargo,Small,28.51,88.0,20.71,6.23,5.02,Low,393.14,8.07
Container,Medium,93.7,91.0,6.69,32.69,4.79,Low,359.8,13.33
Passenger,Large,158.36,86.0,39.14,14.79,16.28,High,249.08,4.61
Passenger,Small,48.17,66.0,15.0,38.01,4.2,Medium,442.92,5.9
Tanker,Small,22.34,95.0,4.28,12.02,1.84,Low,90.34,6.07
Container,Medium,69.24,82.0,19.75,34.2,6.2,Medium,225.98,7.57
Passenger,Medium,53.93,71.0,34.96,14.75,17.91,High,355.31,3.72
Cargo,Medium,92.87,77.0,35.49,0.45,17.46,High,33.9,0.81
Cargo,Small,20.77,62.0,0.44,31.67,1.68,Low,186.34,6.84
Passenger,Small,27.63,65.0,35.45,5.66,8.82,Medium,285.83,3.49
Cargo,Large,154.79,91.0,10.86,32.96,5.34,Medium,183.4,10.5
Passenger,Large,179.52,60.0,1.56,46.28,2.77,Low,240.1,15.92
Cargo,Small,41.13,77.0,33.91,48.46,8.7,High,304.06,0.51
Passenger,Small,29.69,81.0,34.55,11.8,13.17,High,184.2,0.0
Cargo,Small,34.87,62.0,23.85,40.46,7.6,Medium,53.01,1.17
Cargo,Medium,90.5,99.0,22.98,17.68,9.19,Medium,69.72,5.88
Passenger,Large,105.83,69.0,32.52,45.02,10.49,High,263.5,5.06
Container,Large,171.97,72.0,31.45,39.37,13.92,High,87.37,3.12
Passenger,Small,27.4,72.0,35.6,3.7,13.25,High,444.92,2.27
Tanker,Medium,71.61,69.0,22.11,20.36,7.73,Medium,417.09,9.49
Passenger,Small,22.03,60.0,38.71,16.87,15.63,High,174.52,0.0
Passenger,Large,120.3,89.0,39.85,39.26,13.3,High,415.49,6.05
Container,Large,106.07,99.0,4.66,20.51,1.71,Low,266.59,16.65
Container,Small,36.8,69.0,33.98,34.23,7.58,Medium,79.53,1.05
Cargo,Medium,88.62,87.0,19.99,30.12,5.47,Medium,307.11,8.52
Cargo,Small,47.13,90.0,15.5,48.78,4.38,Medium,339.73,4.61
Container,Medium,56.39,94.0,24.52,46.89,11.77,High,41.95,1.08
Tanker,Medium,76.19,77.0,2.24,21.38,1.62,Low,157.23,12.07
Passenger,Medium,80.43,72.0,20.26,36.18,4.59,Medium,2.69,5.43
Tanker,Medium,73.95,73.0,34.84,41.47,16.98,High,158.21,1.31
Passenger,Medium,58.88,89.0,8.54,44.94,5.44,Medium,167.72,7.41
Cargo,Small,33.35,93.0,17.06,3.41,4.96,Low,315.1,7.53
Container,Small,30.24,67.0,37.58,15.1,8.23,Medium,99.52,1.39
Container,Medium,53.64,75.0,17.14,16.01,3.55,Low,15.05,9.82
Passenger,Small,47.05,96.0,14.33,21.72,5.15,Medium,157.82,3.31
Container,Large,154.71,92.0,17.62,8.46,8.42,Medium,412.81,12.64
Cargo,Medium,54.54,99.0,20.78,24.81,4.88,Medium,199.57,7.57
Tanker,Small,20.0,90.0,25.28,33.16,9.94,Medium,207.55,2.55
Passenger,Large,124.96,76.0,32.03,24.87,16.77,High,234.51,4.57
Tanker,Small,21.94,84.0,18.08,33.29,8.08,Medium,375.89,4.78
Cargo,Small,41.44,86.0,32.7,3.32,9.19,Medium,240.01,3.18
Cargo,Medium,65.49,63.0,21.35,43.8,10.44,Medium,45.64,5.07
Tanker,Medium,62.64,82.0,13.54,46.95,8.17,Medium,103.2,6.2
Cargo,Small,43.89,88.0,26.32,30.9,10.39,Medium,93.95,1.37
Cargo,Large,145.92,67.0,28.71,44.07,15.09,High,253.93,4.71
Tanker,Large,130.98,91.0,22.32,6.57,7.15,Medium,14.96,8.59
Container,Medium,79.88,83.0,2.26,39.87,2.97,Low,141.81,11.41
Passenger,Large,145.3,98.0,6.8,5.96,3.57,Low,303.6,17.02
Tanker,Large,134.2,62.0,11.41,20.4,4.45,Low,177.33,15.15
Tanker,Small,46.08,71.0,11.31,16.19,4.68,Low,353.86,7.98
Tanker,Small,40.08,84.0,26.94,29.28,10.73,Medium,195.61,2.35
Tanker,Large,143.2,72.0,0.73,15.08,1.06,Low,489.63,19.25
Tanker,Small,49.78,89.0,30.23,31.87,14.57,High,482.68,2.22
Passenger,Medium,90.29,90.0,10.61,18.37,2.1,Low,399.92,14.09
Container,Small,26.66,64.0,12.4,43.04,7.03,Medium,477.2,5.99
Cargo,Medium,57.64,81.0,21.12,31.69,10.32,Medium,102.39,5.9
Passenger,Medium,84.41,80.0,8.64,10.76,3.82,Low,375.46,13.93
Passenger,Large,157.63,75.0,35.38,16.81,14.48,High,160.83,4.06
Container,Large,133.96,97.0,3.41,42.37,2.52,Low,362.65,17.16
Container,Large,144.51,93.0,17.78,19.32,5.89,Medium,186.95,10.41
Passenger,Medium,57.74,88.0,33.98,26.79,15.86,High,144.71,1.63
Container,Large,153.38,89.0,24.63,32.45,13.29,High,479.4,7.58
Tanker,Medium,50.13,78.0,11.69,17.39,3.11,Low,104.94,11.01
Cargo,Large,141.04,97.0,16.83,14.7,6.32,Medium,379.28,12.43
Container,Medium,97.3,88.0,28.27,23.76,13.11,High,337.34,4.17
Container,Large,142.75,89.0,38.93,10.74,16.15,High,151.74,3.74
Passenger,Large,142.89,94.0,35.73,14.21,13.13,High,229.17,4.91
Tanker,Large,115.78,71.0,13.7,3.1,1.63,Low,71.47,14.6
Cargo,Large,168.38,92.0,39.93,15.2,16.31,High,460.6,6.67
Passenger,Medium,99.94,68.0,0.14,16.04,0.86,Low,484.06,15.63
Tanker,Large,107.13,74.0,1.11,48.09,2.84,Low,366.23,17.16
Tanker,Small,46.12,73.0,32.95,29.49,14.86,High,424.71,1.52
Cargo,Large,102.41,99.0,7.98,39.37,4.14,Low,41.31,13.61
Passenger,Small,29.72,94.0,2.43,2.27,1.32,Low,191.98,7.42
Container,Small,20.07,88.0,9.49,5.33,4.14,Low,165.41,6.46
Container,Large,185.49,89.0,17.04,40.73,7.68,Medium,282.48,10.79
Passenger,Large,108.22,82.0,29.22,31.18,15.4,High,91.68,3.29
Tanker,Medium,53.85,98.0,24.97,9.55,12.05,Medium,281.69,7.77
Tanker,Medium,98.77,80.0,9.5,20.24,5.06,Low,327.18,13.09
Cargo,Small,44.39,75.0,20.13,26.93,7.9,Medium,66.18,1.73
Passenger,Large,176.98,67.0,37.05,42.18,13.63,High,65.86,2.6
Cargo,Medium,71.79,91.0,32.6,3.02,7.7,Medium,17.71,5.32
Passenger,Large,130.4,89.0,12.93,29.84,4.08,Low,380.45,16.95
Tanker,Small,27.83,75.0,39.29,35.85,13.77,High,165.5,0.0
Tanker,Large,101.18,61.0,28.34,48.89,11.83,High,112.71,3.55
Cargo,Medium,88.58,94.0,2.5,40.36,2.51,Low,389.05,13.91
Passenger,Medium,82.19,60.0,1.41,13.81,1.35,Low,71.63,11.43
Tanker,Medium,95.92,88.0,6.74,35.48,3.95,Low,213.59,11.89
Passenger,Medium,87.51,99.0,29.11,38.16,10.95,High,372.39,4.41
Cargo,Small,23.85,78.0,7.35,36.49,3.84,Low,286.92,7.19
Cargo,Small,38.5,69.0,20.46,41.01,4.57,Medium,277.0,3.87
Container,Medium,95.21,88.0,3.73,45.19,3.95,Low,78.73,10.5
Passenger,Medium,71.59,93.0,36.84,4.92,8.6,Medium,90.47,5.7
Cargo,Medium,90.56,82.0,13.76,5.24,5.17,Low,291.28,12.8
Container,Medium,90.14,99.0,36.33,39.82,14.45,High,11.78,0.06
Tanker,Small,24.31,62.0,37.8,12.62,13.25,High,434.56,1.88
Passenger,Large,164.06,80.0,0.25,2.93,0.22,Low,175.24,16.46
Tanker,Medium,92.7,89.0,18.57,20.06,4.21,Low,208.31,11.53
Container,Medium,93.42,95.0,0.99,40.99,2.26,Low,129.22,11.4
Cargo,Small,33.39,67.0,36.35,6.33,11.57,Medium,438.34,4.68
Tanker,Medium,96.06,92.0,20.74,33.59,10.3,Medium,321.25,8.07
Container,Large,115.38,82.0,3.0,0.18,0.83,Low,224.95,16.81
Passenger,Large,185.19,76.0,4.41,5.49,1.08,Low,292.65,17.29
Container,Medium,94.03,65.0,15.34,17.54,2.95,Low,190.18,11.69
Container,Medium,77.46,95.0,37.61,4.18,13.94,High,232.79,2.97
Container,Medium,91.55,66.0,27.72,42.3,9.58,Medium,178.82,6.2
Passenger,Medium,65.97,72.0,34.7,43.2,7.37,Medium,205.34,6.32
Passenger,Medium,57.71,72.0,14.66,37.78,7.31,Medium,157.49,6.96
Container,Large,183.4,95.0,1.73,12.12,0.92,Low,38.82,14.77
Container,Large,132.3,87.0,38.97,26.16,13.14,High,18.67,2.4
Container,Medium,92.25,92.0,0.69,9.21,0.61,Low,87.05,11.79
Tanker,Large,131.69,70.0,37.91,14.06,18.62,High,125.82,3.22
Passenger,Large,169.57,85.0,14.75,25.8,4.11,Low,445.24,17.59
Passenger,Large,159.36,83.0,0.4,36.75,1.94,Low,305.62,16.91
Cargo,Medium,77.93,93.0,27.57,4.73,13.57,Medium,479.15,9.56
Cargo,Large,188.75,96.0,39.22,14.83,9.66,Medium,169.82,8.87
Passenger,Large,155.1,60.0,38.63,46.33,16.14,High,200.87,3.54
Cargo,Small,46.96,87.0,6.44,21.46,2.53,Low,359.88,8.39
Passenger,Medium,66.26,62.0,7.25,46.94,3.39,Low,288.95,12.45
Tanker,Large,106.65,82.0,22.62,49.57,10.42,Medium,263.94,9.87
Container,Large,149.01,72.0,25.49,26.33,13.21,High,287.78,5.76
Tanker,Large,131.24,72.0,29.58,14.4,9.03,Medium,292.07,10.65
Cargo,Medium,96.14,74.0,7.24,39.54,4.51,Low,382.87,13.42
Cargo,Large,135.18,85.0,38.36,7.97,13.58,High,334.04,5.9
Cargo,Large,100.83,73.0,25.55,12.6,7.43,Medium,478.66,12.91
Tanker,Large,131.36,89.0,33.88,39.24,13.68,High,473.98,6.89
Container,Large,140.29,76.0,21.6,21.68,5.48,Medium,210.96,10.45
Cargo,Small,26.37,63.0,16.57,10.08,4.67,Low,17.86,4.48
Cargo,Large,197.99,91.0,39.09,32.56,12.45,High,5.54,2.2
Tanker,Medium,68.73,71.0,23.28,36.64,12.21,High,61.6,1.5
Passenger,Small,38.81,77.0,34.67,6.25,8.61,Medium,37.45,1.05
Container,Medium,66.79,87.0,38.13,13.85,14.19,High,186.68,2.26
Cargo,Medium,75.94,73.0,27.01,11.06,5.56,Medium,26.44,5.74
Cargo,Medium,99.47,62.0,21.96,18.99,5.36,Medium,312.46,8.71
Tanker,Small,29.34,75.0,0.14,38.17,1.96,Low,95.09,5.78
Cargo,Medium,71.85,98.0,1.6,35.69,2.43,Low,256.98,12.73
Passenger,Medium,51.54,86.0,8.03,33.13,3.94,Low,51.54,10.26
Cargo,Large,142.98,87.0,7.44,0.31,1.76,Low,413.86,18.38
Tanker,Small,25.47,85.0,10.19,7.11,5.08,Low,389.98,8.54
Passenger,Large,172.39,68.0,12.2,11.16,2.44,Low,193.24,15.66
Passenger,Small,46.68,77.0,14.4,13.6,6.27,Medium,455.3,6.33
Container,Small,41.86,90.0,16.82,7.32,6.69,Medium,92.85,2.67
Passenger,Medium,54.95,64.0,3.95,20.52,2.51,Low,406.97,14.41
Passenger,Large,112.4,71.0,1.69,3.76,0.99,Low,272.93,17.27
Passenger,Medium,52.52,71.0,26.96,37.5,12.42,High,164.79,2.31
Cargo,Small,25.41,77.0,21.49,39.39,6.71,Medium,42.18,1.29
Container,Small,36.07,99.0,17.77,28.71,5.72,Medium,85.66,2.22
Container,Medium,72.68,63.0,25.38,4.49,6.73,Medium,431.43,9.88
Container,Small,27.19,81.0,33.11,44.5,5.94,Medium,303.44,3.29
Passenger,Medium,53.46,67.0,17.11,48.28,10.38,Medium,118.55,5.93
Passenger,Medium,65.65,99.0,25.64,10.12,3.82,Low,247.93,11.81
Passenger,Large,176.73,65.0,38.14,35.23,16.25,High,53.92,2.3
Cargo,Medium,50.62,76.0,33.58,42.1,15.27,High,49.42,0.45
Cargo,Medium,99.36,90.0,17.04,26.99,8.8,Medium,453.88,9.87
Container,Large,181.04,88.0,25.79,16.17,9.1,Medium,228.93,10.17
Container,Small,35.46,77.0,7.08,23.93,3.96,Low,180.78,6.38
Cargo,Medium,62.74,74.0,22.42,25.61,6.24,Medium,474.54,10.09
Passenger,Small,20.62,76.0,39.25,20.03,16.63,High,199.5,0.0
Container,Small,28.62,71.0,20.73,46.49,7.25,Medium,168.12,2.39
Cargo,Medium,82.31,68.0,37.11,37.19,18.97,High,136.49,0.87
Cargo,Medium,88.96,79.0,16.29,12.07,3.3,Low,282.53,12.64
Passenger,Medium,74.57,71.0,39.95,29.28,10.5,High,279.21,3.16
Tanker,Large,142.05,71.0,23.17,34.43,8.66,Medium,8.1,7.77
Passenger,Small,41.38,86.0,1.69,7.01,1.04,Low,327.03,8.74
Container,Small,39.51,99.0,23.47,17.92,10.27,Medium,394.15,4.78
Tanker,Small,20.3,84.0,10.98,45.28,4.29,Medium,307.98,4.6
Cargo,Small,41.47,63.0,1.3,28.36,1.62,Low,434.94,9.36
Tanker,Medium,62.94,63.0,32.83,10.85,7.82,Medium,138.21,6.34
Cargo,Medium,93.78,98.0,11.03,6.14,3.54,Low,95.99,11.13
Passenger,Large,198.91,72.0,31.86,25.91,11.35,High,348.64,6.24
Passenger,Small,34.73,64.0,11.53,27.38,4.5,Low,94.28,5.17
Cargo,Medium,73.11,84.0,7.77,16.72,3.67,Low,45.55,10.57
Container,Medium,53.97,85.0,38.96,31.52,12.14,High,48.31,0.69
Container,Large,115.79,86.0,14.47,3.43,7.1,Medium,384.2,12.74
Cargo,Small,21.47,71.0,24.06,7.26,5.28,Medium,14.37,1.67
Container,Large,173.65,61.0,24.4,27.31,9.93,Medium,144.73,9.09
Cargo,Medium,74.1,99.0,22.42,3.09,7.88,Medium,64.59,6.28
Cargo,Medium,50.67,70.0,36.59,44.05,9.98,High,377.46,4.07
Tanker,Medium,70.28,87.0,26.98,7.11,7.5,Medium,251.75,7.88
Passenger,Large,129.63,88.0,16.15,33.7,5.66,Medium,102.75,9.38
Cargo,Small,48.8,84.0,34.5,19.56,6.81,Medium,375.21,4.35
Tanker,Small,39.32,73.0,7.24,19.99,3.11,Low,375.18,8.48
Passenger,Large,177.57,71.0,21.77,38.24,7.46,Medium,261.51,10.42
Tanker,Large,149.92,84.0,38.02,24.97,7.76,Medium,137.92,8.6
Cargo,Large,183.13,95.0,25.02,36.28,8.82,Medium,293.14,10.47
Container,Large,112.52,98.0,32.68,25.26,10.05,Medium,466.77,11.92
Tanker,Large,123.41,64.0,26.14,29.65,5.47,Medium,25.82,8.21
Tanker,Medium,83.9,66.0,33.57,38.04,7.02,Medium,133.47,5.79
Tanker,Medium,63.53,98.0,37.78,30.37,15.08,High,142.48,1.42
Passenger,Small,48.51,89.0,10.92,30.78,5.72,Medium,315.91,4.83
Passenger,Medium,67.5,95.0,6.79,39.46,5.21,Medium,325.58,9.21
Tanker,Medium,91.68,68.0,19.36,47.45,4.98,Medium,103.16,6.22
Container,Medium,91.88,84.0,28.07,18.84,5.07,Medium,108.05,6.39
Container,Small,37.28,88.0,9.09,28.86,2.54,Low,464.11,9.16
Passenger,Large,194.39,87.0,0.16,4.31,0.27,Low,378.15,18.46
Tanker,Medium,55.61,76.0,13.72,17.94,5.69,Medium,467.13,10.66
Tanker,Small,39.52,61.0,38.75,20.6,11.16,High,414.83,1.68
Cargo,Small,20.07,83.0,27.8,41.76,13.74,High,201.06,0.0
Container,Large,176.56,70.0,16.05,25.67,7.3,Medium,60.95,8.96
Container,Large,119.81,78.0,7.7,36.55,5.63,Medium,314.78,11.87
Cargo,Large,110.03,98.0,14.24,0.95,2.26,Low,176.0,15.6
Cargo,Small,38.32,76.0,6.79,23.22,2.0,Low,212.71,6.92
Cargo,Small,48.07,94.0,4.25,45.07,3.15,Low,212.94,6.5
Cargo,Medium,76.51,68.0,36.27,11.22,4.46,Medium,468.26,9.8
Passenger,Small,38.69,87.0,39.91,1.58,18.96,High,34.43,0.0
Passenger,Medium,54.89,99.0,6.56,21.67,2.54,Low,96.55,11.15
Container,Large,190.03,64.0,2.18,35.22,2.46,Low,303.97,16.78
Passenger,Large,155.14,60.0,13.19,22.72,4.13,Low,441.88,17.69
Tanker,Small,41.29,77.0,18.47,23.0,4.81,Medium,458.97,6.13
Passenger,Medium,90.94,64.0,8.19,33.49,2.99,Low,279.35,12.62
Passenger,Medium,70.45,90.0,12.06,12.72,3.39,Low,17.28,10.18
Tanker,Large,192.74,97.0,8.03,37.59,4.66,Medium,181.44,10.6
Container,Small,20.94,77.0,30.97,7.66,15.52,High,459.42,2.34
Tanker,Large,169.09,70.0,28.5,19.79,10.2,Medium,249.97,10.06
Tanker,Small,40.29,77.0,25.4,32.8,9.59,Medium,363.31,4.15
Passenger,Medium,72.72,89.0,15.49,41.42,3.84,Medium,134.6,6.96
Tanker,Small,34.49,60.0,36.36,39.58,17.83,High,12.5,0.0
Passenger,Small,42.94,84.0,38.78,36.08,6.38,Medium,289.18,2.99
Container,Large,169.85,85.0,6.95,17.95,4.11,Low,417.49,17.86
Passenger,Medium,57.72,86.0,8.92,6.12,3.12,Low,495.13,15.27
Cargo,Large,168.56,70.0,21.03,10.84,4.06,Low,423.31,17.36
Container,Small,46.92,89.0,3.65,43.24,3.19,Low,277.0,7.2
Passenger,Medium,50.33,64.0,17.46,42.87,10.84,Medium,304.36,7.83
Tanker,Large,180.25,68.0,23.27,47.58,7.55,Medium,412.08,11.65
Container,Medium,96.39,95.0,20.88,3.8,4.53,Low,9.91,9.73
Tanker,Medium,77.46,90.0,13.24,26.84,3.29,Low,475.82,14.43
Tanker,Small,39.66,61.0,21.7,32.43,8.97,Medium,265.61,3.43
Cargo,Small,48.36,70.0,38.35,35.53,6.98,Medium,476.03,4.83
Cargo,Medium,86.28,69.0,8.24,32.19,4.96,Low,382.26,13.47
Tanker,Large,199.94,71.0,26.19,38.5,14.17,High,76.16,3.27
Container,Large,162.76,70.0,1.74,17.97,1.72,Low,82.63,15.01
Container,Medium,68.13,63.0,2.66,8.97,0.83,Low,176.82,12.57
Passenger,Large,185.37,78.0,22.07,10.23,7.65,Medium,131.99,9.65
Passenger,Large,153.53,89.0,4.2,0.6,0.61,Low,219.65,16.71
Tanker,Large,183.67,84.0,0.89,17.52,1.17,Low,301.95,17.31
Container,Large,114.22,87.0,6.86,4.59,3.15,Low,218.29,16.23
Tanker,Medium,56.28,63.0,22.59,16.07,7.92,Medium,28.21,5.64
Cargo,Small,23.52,98.0,28.13,31.41,14.2,High,487.82,2.42
Passenger,Medium,59.73,94.0,8.1,44.72,5.64,Medium,212.56,7.86
Cargo,Medium,81.03,92.0,26.73,41.98,7.73,Medium,425.54,8.91
Tanker,Large,143.42,93.0,7.3,12.63,3.2,Low,36.98,14.23
Cargo,Medium,60.06,97.0,24.54,6.7,2.86,Low,405.03,13.6
Container,Medium,92.62,82.0,16.48,9.65,4.74,Low,86.7,10.58
Cargo,Medium,76.86,68.0,26.15,48.55,7.53,Medium,339.7,7.97
Tanker,Medium,71.39,85.0,39.8,27.47,20.27,High,330.9,2.74
Passenger,Large,115.22,90.0,37.51,9.13,10.29,Medium,454.9,11.86
Container,Small,33.1,90.0,0.17,42.04,2.16,Low,160.34,6.34
Passenger,Small,46.6,81.0,35.42,19.76,14.9,High,54.48,0.0
Tanker,Small,38.55,63.0,2.66,44.96,3.34,Low,432.28,8.76
Cargo,Large,162.22,75.0,38.12,13.03,15.68,High,165.79,3.92
Passenger,Small,33.18,97.0,11.27,19.66,3.41,Low,116.27,5.67
Cargo,Large,185.79,83.0,15.28,25.25,6.98,Medium,243.1,10.86
Cargo,Small,34.2,82.0,3.67,44.63,3.4,Low,73.07,5.11
Passenger,Small,48.38,71.0,4.49,43.44,3.69,Low,148.48,5.82
Container,Small,20.81,75.0,29.07,28.72,4.35,Medium,192.64,2.86
Tanker,Medium,58.53,96.0,37.77,11.09,8.23,Medium,138.63,6.05
Cargo,Medium,90.33,87.0,24.43,20.17,12.55,Medium,225.13,6.97
Passenger,Large,132.13,91.0,28.63,48.78,8.62,Medium,192.33,9.05
Passenger,Small,45.12,78.0,30.48,30.39,9.91,Medium,387.3,4.15
Cargo,Large,182.34,85.0,10.51,39.05,3.79,Low,459.2,17.71
Cargo,Large,111.14,70.0,1.81,22.49,1.41,Low,50.46,14.62
Cargo,Medium,70.95,88.0,0.07,26.6,1.34,Low,411.65,14.65
Tanker,Large,181.67,77.0,14.03,21.45,5.58,Medium,465.89,13.37
Tanker,Large,133.33,78.0,9.66,35.15,6.27,Medium,343.31,12.02
Container,Medium,84.18,86.0,2.49,42.57,2.7,Low,498.21,14.94
Tanker,Medium,64.03,97.0,7.18,25.37,2.92,Low,167.52,11.72
Container,Large,192.98,63.0,4.98,24.04,2.82,Low,415.15,17.94
Passenger,Medium,99.86,93.0,36.6,17.01,9.73,Medium,336.85,7.83
Tanker,Medium,85.65,72.0,5.61,8.85,3.05,Low,161.71,12.05
Tanker,Large,142.29,78.0,21.51,46.96,7.75,Medium,352.34,11.13
Passenger,Small,43.82,61.0,23.72,15.8,7.82,Medium,254.81,3.66
Cargo,Medium,53.09,72.0,21.74,40.03,8.81,Medium,94.49,5.78
Container,Medium,89.09,80.0,3.96,35.77,3.42,Low,86.94,10.81
Cargo,Small,47.22,62.0,12.75,39.55,6.13,Medium,356.7,4.93
Cargo,Medium,95.35,80.0,2.05,46.84,2.74,Low,355.97,13.45
Container,Medium,82.97,97.0,15.83,31.17,3.93,Medium,265.39,8.45
Container,Small,29.16,64.0,7.54,44.9,5.83,Medium,250.71,4.05
Cargo,Small,37.25,91.0,22.47,8.38,9.87,Medium,90.02,2.02
Cargo,Large,128.92,76.0,27.71,31.34,4.59,Medium,214.64,10.08
Passenger,Large,172.0,86.0,21.28,38.61,11.05,Medium,435.7,11.82
Container,Small,22.49,70.0,17.37,13.58,6.52,Medium,427.36,5.88
Tanker,Medium,61.22,66.0,15.49,37.04,6.62,Medium,330.46,8.73
Container,Large,165.59,66.0,33.67,38.92,5.48,Medium,498.68,12.38
Container,Small,37.29,63.0,8.77,41.56,5.69,Medium,446.59,6.03
Passenger,Large,123.02,67.0,29.37,15.64,6.05,Medium,72.62,8.74
Tanker,Medium,73.33,87.0,30.3,34.08,13.56,High,199.57,2.44
Passenger,Large,101.2,95.0,16.77,15.21,2.54,Low,65.97,14.06
Passenger,Large,118.08,93.0,11.89,36.95,6.82,Medium,233.04,10.71
Container,Medium,95.26,87.0,18.82,23.15,3.21,Low,388.19,13.36
Cargo,Large,181.39,64.0,3.73,29.88,2.22,Low,77.89,14.57
Tanker,Small,44.27,72.0,1.84,20.79,1.42,Low,440.21,9.55
Tanker,Medium,66.2,72.0,4.46,8.1,1.13,Low,284.53,13.55
Passenger,Large,104.91,70.0,7.49,8.9,2.64,Low,374.47,17.73
Container,Medium,53.5,81.0,20.17,3.88,4.5,Low,22.58,9.89
Tanker,Small,28.87,81.0,33.97,30.9,18.44,High,46.92,0.0
Passenger,Small,32.15,74.0,9.43,42.43,5.25,Medium,310.43,4.66
Container,Small,40.35,74.0,37.41,1.04,12.27,Medium,419.1,4.47
Tanker,Medium,94.44,93.0,38.2,3.31,7.36,Medium,436.93,9.26
Tanker,Large,194.35,92.0,38.36,22.87,11.25,High,344.18,5.94
Container,Small,36.16,72.0,33.5,36.89,6.86,Medium,100.47,1.31
Cargo,Small,24.81,97.0,14.55,7.89,6.29,Low,97.51,5.26
Cargo,Medium,58.56,98.0,2.91,13.58,1.36,Low,440.68,15.05
Tanker,Small,48.73,73.0,22.75,11.6,9.7,Medium,56.62,1.63
Cargo,Medium,83.19,74.0,22.35,19.95,6.56,Medium,343.04,8.86
Tanker,Large,103.79,80.0,34.0,11.25,17.41,High,266.75,5.0
Cargo,Medium,75.12,98.0,39.84,17.63,7.59,Medium,210.71,6.6
Container,Large,162.51,95.0,20.33,36.43,3.87,Medium,220.17,10.47
Container,Small,43.66,64.0,13.81,30.55,6.19,Medium,472.6,6.21
Cargo,Large,139.24,76.0,7.44,4.06,3.78,Low,430.72,18.28
Cargo,Large,105.46,82.0,0.19,31.89,1.66,Low,432.49,18.31
Container,Medium,83.61,80.0,20.36,23.85,3.93,Medium,203.31,7.75
Cargo,Small,36.1,68.0,22.22,46.73,9.36,Medium,53.49,0.95
Tanker,Medium,76.25,94.0,33.0,14.47,16.03,High,498.92,5.45
Container,Medium,82.79,87.0,20.18,36.31,3.89,Medium,72.67,6.2
Tanker,Large,107.86,94.0,36.66,36.54,7.94,Medium,257.79,9.62
Cargo,Large,104.65,94.0,25.12,11.08,11.25,Medium,132.31,9.12
Passenger,Large,172.63,90.0,33.61,45.16,17.64,High,255.37,4.21
Container,Large,176.22,78.0,5.93,24.56,3.5,Low,152.47,15.19
Tanker,Large,196.79,84.0,34.21,33.94,18.69,High,448.44,6.23
Cargo,Medium,99.44,66.0,27.01,7.29,4.04,Medium,484.17,10.54
Tanker,Medium,50.06,87.0,6.81,12.89,2.81,Low,205.03,12.37
Container,Large,183.41,67.0,7.59,29.31,4.3,Low,35.09,13.76
Passenger,Large,155.0,88.0,37.06,15.95,14.92,High,331.67,5.65
Container,Small,31.85,69.0,1.29,24.98,1.79,Low,188.31,6.94
Cargo,Medium,94.65,65.0,18.5,18.7,9.58,Medium,492.98,10.27
Cargo,Large,181.74,67.0,12.54,32.03,4.67,Medium,44.69,9.11
Cargo,Large,106.51,60.0,26.6,24.36,4.34,Medium,59.56,8.74
Cargo,Small,38.65,89.0,33.59,0.23,8.24,Medium,349.71,4.39
Passenger,Small,45.47,89.0,14.42,32.48,6.94,Medium,379.32,5.13
Passenger,Large,108.68,81.0,17.08,21.11,4.22,Low,235.55,15.46
Tanker,Medium,58.83,66.0,39.28,17.08,17.51,High,138.63,1.33
Tanker,Medium,57.94,63.0,31.36,4.71,6.13,Medium,154.91,6.87
Container,Medium,59.47,61.0,35.89,11.02,4.28,Medium,168.99,6.85
Tanker,Medium,93.71,67.0,17.55,11.19,5.88,Medium,112.64,7.04
Container,Small,37.72,96.0,9.36,46.77,5.99,Medium,425.32,5.65
Passenger,Medium,52.2,70.0,16.47,21.63,5.03,Medium,32.54,6.17
Passenger,Small,39.63,74.0,28.64,2.1,11.55,Medium,203.64,2.81
Cargo,Small,39.06,64.0,4.38,6.94,1.55,Low,373.8,9.03
Container,Medium,70.0,69.0,10.82,3.95,2.02,Low,1.91,10.4
Container,Small,24.36,81.0,1.87,29.44,1.73,Low,439.02,9.33
Cargo,Medium,58.06,84.0,17.29,9.33,7.11,Medium,353.15,9.37
Passenger,Large,157.09,70.0,33.1,24.93,9.66,Medium,36.69,7.65
Container,Large,198.68,62.0,0.99,18.5,1.39,Low,447.5,18.72
Tanker,Medium,59.64,76.0,27.01,40.19,10.55,Medium,243.65,6.83
Cargo,Medium,55.59,69.0,37.3,16.02,9.73,Medium,326.12,7.7
Tanker,Medium,95.39,69.0,9.48,22.91,3.42,Low,441.02,14.34
Cargo,Large,156.51,98.0,27.75,36.06,6.04,Medium,440.58,12.09
Tanker,Medium,91.57,85.0,39.0,21.67,14.25,High,204.37,2.24
Cargo,Medium,57.16,82.0,38.49,39.66,14.8,High,118.84,0.99
Tanker,Large,160.66,77.0,9.4,33.08,5.6,Medium,128.71,10.0
Cargo,Large,175.86,77.0,4.01,20.53,1.75,Low,382.97,17.84
Cargo,Large,147.04,82.0,5.93,25.2,2.54,Low,464.72,18.39
Cargo,Small,38.76,88.0,28.08,48.36,6.32,Medium,36.12,0.76
Cargo,Large,123.29,88.0,29.03,33.08,7.99,Medium,7.51,7.56
Container,Small,42.7,67.0,26.97,45.25,9.58,Medium,411.47,4.3
Tanker,Large,186.78,80.0,13.44,8.94,6.97,Medium,193.3,10.79
Tanker,Small,43.95,76.0,6.79,24.16,3.66,Low,138.22,5.99
Cargo,Medium,58.65,95.0,23.23,45.43,11.87,High,94.19,1.68
Tanker,Large,133.33,85.0,19.35,16.13,5.26,Medium,173.24,10.32
Tanker,Medium,88.72,81.0,29.15,48.38,7.02,Medium,485.73,9.33
Cargo,Medium,54.48,65.0,17.65,4.85,3.82,Low,488.54,14.72
Cargo,Large,198.8,84.0,13.55,45.13,5.0,Medium,165.76,9.98
Cargo,Large,174.37,65.0,11.74,22.26,5.03,Low,481.85,18.08
Tanker,Small,29.44,73.0,8.46,3.69,2.19,Low,149.93,6.58
Tanker,Medium,63.8,66.0,10.63,43.98,6.91,Medium,427.24,9.77
Passenger,Large,184.05,88.0,3.79,12.6,2.51,Low,106.0,15.17
Passenger,Medium,72.06,68.0,13.87,1.11,3.35,Low,413.24,14.28
Container,Medium,71.26,76.0,1.46,6.79,0.9,Low,176.87,12.67
Passenger,Medium,93.16,96.0,7.46,32.96,4.36,Low,97.86,10.71
Passenger,Small,29.84,68.0,29.87,48.89,7.75,Medium,467.39,4.83
Tanker,Medium,71.33,80.0,13.02,5.57,6.36,Low,107.09,10.87
Cargo,Small,32.67,77.0,26.73,23.1,5.96,Medium,495.92,5.96
Passenger,Small,25.67,61.0,28.68,9.03,11.77,Medium,54.29,1.15
Tanker,Medium,50.57,92.0,23.25,37.25,7.42,Medium,5.01,5.0
Cargo,Small,25.14,63.0,38.35,5.9,9.76,Medium,435.4,4.74
Tanker,Large,107.58,79.0,0.86,11.99,0.84,Low,293.3,17.37
Cargo,Medium,78.23,82.0,29.55,9.82,13.66,High,210.81,3.07
Tanker,Medium,70.45,85.0,38.35,27.63,7.37,Medium,40.98,4.8
Container,Large,123.94,88.0,34.49,43.66,6.38,Medium,287.45,10.04
Container,Medium,64.59,70.0,6.72,25.55,3.03,Low,196.86,12.02
Cargo,Small,32.43,60.0,13.07,2.91,1.74,Low,241.81,7.33
Passenger,Large,133.22,89.0,6.9,28.17,4.0,Low,315.2,16.64
Passenger,Small,26.74,81.0,24.05,39.88,11.71,High,319.97,1.03
Container,Large,110.02,93.0,28.49,6.61,12.92,Medium,480.3,12.35
Tanker,Small,28.88,93.0,12.68,3.64,5.22,Low,327.53,7.85
Tanker,Large,146.8,94.0,21.58,9.39,10.54,Medium,169.7,9.78
Passenger,Medium,73.6,79.0,27.64,37.3,12.9,High,164.82,2.23
Passenger,Small,35.18,73.0,16.85,29.58,9.47,Medium,238.58,3.4
Passenger,Small,41.95,92.0,34.16,27.03,7.41,Medium,129.66,1.71
Cargo,Small,44.04,78.0,30.86,12.47,9.88,Medium,188.22,2.5
Passenger,Large,169.31,67.0,2.59,16.61,2.12,Low,421.06,18.34
Tanker,Medium,95.0,94.0,24.85,48.29,11.67,High,429.88,4.92
Passenger,Small,40.94,95.0,9.41,12.03,4.85,Low,313.9,7.74
Passenger,Medium,52.72,79.0,22.3,45.08,4.76,Medium,291.42,8.02
Cargo,Large,179.0,63.0,38.28,29.03,18.63,High,213.55,3.78
Tanker,Medium,70.81,76.0,35.16,6.16,13.64,High,317.95,3.93
Container,Large,187.49,92.0,16.18,23.37,3.89,Low,403.03,17.16
Tanker,Small,25.67,96.0,11.66,47.43,3.66,Medium,368.92,5.19
Tanker,Small,33.93,68.0,9.38,20.93,2.96,Low,17.73,4.79
Passenger,Large,196.67,63.0,21.3,43.17,12.09,High,365.56,6.52
Container,Large,120.56,95.0,4.57,12.82,2.32,Low,359.97,17.68
Cargo,Medium,55.67,76.0,21.97,28.55,11.7,Medium,49.5,5.26
Passenger,Small,45.6,82.0,0.05,42.19,2.12,Low,75.12,5.49
Passenger,Large,134.3,99.0,12.95,46.03,8.45,Medium,393.95,11.93
Cargo,Medium,55.72,63.0,8.8,24.29,3.72,Low,279.49,12.7
Cargo,Large,173.76,86.0,38.85,31.98,8.66,Medium,410.81,11.06
Container,Medium,72.36,63.0,29.09,0.15,4.68,Medium,92.37,6.6
Passenger,Medium,65.75,75.0,13.99,12.66,7.59,Medium,15.31,6.04
Container,Large,191.37,92.0,3.71,13.94,1.56,Low,80.97,14.99
Container,Medium,69.37,77.0,20.67,4.67,3.62,Low,226.29,11.97
Cargo,Medium,93.79,100.0,8.54,13.98,1.58,Low,261.65,12.95
Tanker,Medium,98.6,82.0,21.46,16.06,5.4,Medium,428.85,9.95
Tanker,Large,121.37,73.0,33.41,48.44,17.65,High,358.1,5.18
Passenger,Large,139.9,69.0,24.63,33.43,9.4,Medium,495.2,12.51
Passenger,Large,102.32,74.0,25.35,21.3,10.01,Medium,39.36,8.1
Tanker,Large,193.29,75.0,21.64,49.4,12.62,High,65.11,3.32
Cargo,Medium,53.27,63.0,37.09,7.66,11.7,Medium,42.18,4.84
Container,Medium,93.35,75.0,37.28,23.8,17.42,High,269.23,2.61
Tanker,Medium,61.1,79.0,20.51,32.35,6.33,Medium,133.43,6.63
Tanker,Small,47.25,89.0,12.23,2.78,6.14,Low,341.82,7.94
Passenger,Medium,56.9,86.0,18.38,35.85,4.21,Medium,66.35,6.21
Passenger,Large,164.0,88.0,7.46,4.99,3.16,Low,51.6,14.53
Container,Medium,69.07,60.0,25.45,7.01,9.62,Medium,230.08,7.53
Passenger,Small,23.74,69.0,20.0,7.98,3.93,Low,187.95,6.13
Cargo,Large,154.0,86.0,4.13,46.44,3.38,Low,414.58,17.47
Passenger,Large,191.1,79.0,7.91,34.16,3.49,Low,418.78,17.56
Cargo,Large,125.7,60.0,19.19,32.77,4.28,Medium,58.71,8.94
Cargo,Large,101.8,92.0,35.5,27.77,13.24,High,406.16,6.41
Tanker,Small,21.95,91.0,22.66,14.64,12.0,Medium,282.08,3.59
Container,Large,164.77,82.0,27.26,31.04,10.38,Medium,251.78,9.9
Container,Small,43.82,63.0,13.56,20.51,5.34,Medium,47.38,2.25
Container,Medium,81.74,91.0,22.86,7.27,3.02,Low,369.82,13.31
Tanker,Medium,54.53,83.0,17.9,34.48,4.51,Medium,29.82,5.86
Passenger,Medium,65.56,91.0,26.37,6.48,8.37,Medium,138.85,6.7
Passenger,Large,105.87,90.0,2.02,9.53,1.47,Low,47.72,14.84
Passenger,Large,185.87,92.0,19.73,40.88,10.94,Medium,265.38,10.16
Passenger,Large,149.31,81.0,11.84,33.01,4.45,Medium,322.62,11.93
Container,Large,142.78,66.0,13.05,31.55,5.72,Medium,445.43,13.0
Container,Small,41.76,87.0,38.44,20.91,13.39,High,366.94,0.99
Cargo,Small,45.6,85.0,7.31,19.81,3.73,Low,480.55,9.47
Cargo,Small,39.84,90.0,12.45,34.51,6.4,Medium,380.47,5.25
Tanker,Large,147.81,67.0,20.4,37.0,10.33,Medium,149.04,9.1
Cargo,Small,20.82,68.0,34.52,25.51,5.07,Medium,273.79,3.39
Container,Large,183.93,96.0,16.67,48.46,10.38,Medium,228.97,9.85
Passenger,Medium,82.02,90.0,29.75,47.78,6.2,Medium,282.98,7.37
Container,Small,42.48,96.0,34.25,20.62,10.98,Medium,286.04,3.04
Cargo,Large,115.38,90.0,12.4,41.03,7.85,Medium,351.05,11.68
Tanker,Medium,74.14,84.0,15.71,27.16,5.99,Medium,41.52,6.09
Cargo,Small,24.4,86.0,14.26,25.59,3.07,Low,373.37,8.0
Cargo,Medium,85.2,96.0,33.31,2.75,6.52,Medium,71.87,5.95
Passenger,Large,157.65,83.0,1.77,28.7,2.02,Low,13.1,14.07
Passenger,Large,127.47,85.0,12.34,45.03,3.92,Medium,259.45,11.08
Container,Large,152.46,66.0,27.18,39.01,9.27,Medium,290.74,10.24
Container,Small,47.76,79.0,22.62,39.32,7.21,Medium,17.43,0.94
Container,Small,23.0,89.0,17.45,8.0,7.84,Medium,257.69,4.16
Tanker,Large,104.61,71.0,21.6,17.92,4.01,Medium,267.29,11.23
Passenger,Large,112.23,68.0,7.9,11.66,3.53,Low,26.25,14.08
Cargo,Large,104.48,73.0,17.23,15.8,5.32,Medium,355.79,12.25
Cargo,Small,30.88,70.0,20.07,28.98,8.17,Medium,105.14,2.05
Passenger,Medium,98.48,69.0,36.05,18.24,7.48,Medium,397.23,8.66
Container,Medium,82.81,77.0,10.43,28.03,4.99,Low,155.41,11.17
Tanker,Small,43.36,96.0,34.71,21.93,13.93,High,238.95,0.0
Passenger,Large,123.25,80.0,25.77,14.33,4.02,Medium,445.93,12.88
Tanker,Medium,70.18,68.0,0.81,4.77,0.59,Low,403.09,15.04
Cargo,Medium,65.72,63.0,28.99,44.59,15.12,High,390.93,4.06
Container,Large,121.64,88.0,1.42,0.57,0.21,Low,80.22,15.5
Tanker,Large,195.95,75.0,39.9,0.08,13.62,High,24.07,2.88
Passenger,Large,156.48,93.0,34.91,41.34,13.85,High,302.88,5.07
Container,Small,23.51,86.0,11.89,49.84,3.74,Medium,205.35,3.49
Passenger,Medium,57.3,92.0,10.3,36.36,4.26,Low,454.54,14.08
Container,Large,160.04,71.0,15.26,0.76,7.48,Medium,174.8,10.62
Cargo,Large,159.14,88.0,14.25,11.33,5.16,Low,205.27,15.4
Cargo,Small,24.56,71.0,14.89,48.59,9.48,Medium,263.0,3.37
Tanker,Medium,61.15,98.0,12.73,40.43,6.73,Medium,398.2,9.46
Tanker,Large,111.45,85.0,24.85,28.34,4.18,Medium,134.15,9.51
Cargo,Large,193.6,73.0,6.57,11.84,1.45,Low,470.91,18.8
Container,Small,30.85,71.0,33.84,0.72,13.2,High,269.96,0.67
Cargo,Medium,88.48,68.0,32.5,1.04,10.51,Medium,420.49,9.11
Container,Large,135.54,88.0,19.06,30.6,4.41,Medium,262.81,11.02
Tanker,Medium,96.84,69.0,34.11,1.09,11.84,Medium,386.0,8.55
Container,Medium,91.72,84.0,9.89,49.68,6.68,Medium,25.71,5.7
Cargo,Small,39.37,71.0,0.7,9.17,0.74,Low,399.61,9.5
Passenger,Large,101.16,86.0,24.77,35.54,6.69,Medium,261.98,10.4
Container,Medium,96.14,93.0,18.32,7.75,4.11,Low,224.71,11.97
Container,Small,49.04,91.0,22.69,27.0,12.4,Medium,55.8,1.04
Tanker,Large,180.79,90.0,35.97,4.03,16.57,High,370.78,6.17
Cargo,Medium,66.17,68.0,38.8,38.34,10.74,High,65.58,0.88
Cargo,Large,179.01,64.0,25.38,29.25,12.37,High,96.16,3.87
Container,Large,121.0,88.0,30.56,4.31,5.25,Medium,63.21,8.89
Cargo,Large,113.42,75.0,3.35,42.43,2.72,Low,3.29,13.54
Cargo,Small,37.32,77.0,6.43,27.35,2.48,Low,330.96,7.99
Cargo,Small,46.17,61.0,29.33,46.08,6.27,Medium,135.42,1.74
Tanker,Small,24.48,70.0,17.25,45.83,9.91,Medium,74.74,1.38
Container,Medium,98.31,61.0,17.84,46.03,8.22,Medium,159.99,6.57
Tanker,Large,182.36,95.0,12.34,3.89,2.71,Low,249.54,16.33
Passenger,Medium,90.18,70.0,24.29,6.05,10.98,Medium,251.71,7.68
Passenger,Small,42.68,82.0,7.41,49.39,5.59,Medium,183.6,3.32
Passenger,Small,40.51,62.0,25.08,24.38,4.74,Medium,247.47,3.66
Passenger,Small,30.02,87.0,6.95,11.91,3.08,Low,213.67,7.04
Container,Small,42.73,73.0,2.55,38.48,2.92,Low,411.33,8.72
Container,Small,43.48,96.0,13.21,13.21,5.76,Low,14.81,4.45
Container,Large,140.61,96.0,9.25,36.36,5.42,Medium,434.02,13.01
Passenger,Medium,62.3,73.0,35.56,41.86,8.06,Medium,121.96,5.4
Tanker,Medium,93.22,96.0,2.2,39.21,2.46,Low,360.89,13.67
Tanker,Large,134.98,100.0,7.06,13.7,3.77,Low,202.52,15.82
Container,Small,25.75,93.0,21.95,20.08,11.09,Medium,147.17,2.26
Cargo,Medium,64.59,94.0,19.24,20.66,5.11,Medium,307.67,8.79
Passenger,Large,151.63,70.0,1.83,24.56,1.43,Low,384.44,17.92
Container,Small,25.41,83.0,0.29,8.37,0.55,Low,224.97,7.81
Tanker,Medium,79.09,63.0,39.52,22.62,11.04,High,233.28,2.8
Tanker,Small,25.44,64.0,26.35,25.54,7.38,Medium,29.43,1.13
Tanker,Medium,81.43,100.0,14.62,26.59,4.82,Medium,462.0,10.48
Passenger,Medium,68.64,73.0,18.82,41.0,7.06,Medium,423.45,9.37
Container,Small,41.14,90.0,10.66,25.87,3.97,Low,199.0,6.34
Tanker,Medium,79.65,92.0,13.79,11.54,5.08,Low,382.48,13.6
Cargo,Small,20.34,94.0,25.96,33.16,5.07,Medium,156.64,2.5
Cargo,Small,43.77,100.0,35.31,39.87,19.25,High,365.21,0.16
Cargo,Medium,71.51,70.0,7.37,15.97,4.3,Low,258.35,12.67
Passenger,Large,171.7,62.0,33.61,32.27,17.54,High,230.38,4.22
Container,Medium,53.81,76.0,4.86,7.35,2.56,Low,28.26,10.84
Cargo,Large,182.68,65.0,8.6,17.1,3.99,Low,482.71,18.46
Tanker,Small,39.87,61.0,1.49,45.46,2.55,Low,418.7,8.75
Container,Large,147.65,74.0,5.63,45.57,2.95,Low,396.69,17.28
Passenger,Medium,74.07,91.0,36.69,28.77,6.57,Medium,152.46,6.06
Tanker,Large,183.78,83.0,18.38,35.12,5.98,Medium,144.8,9.63
Passenger,Medium,61.28,73.0,3.11,42.7,3.07,Low,286.6,12.75
Passenger,Small,39.15,86.0,38.39,47.93,21.49,High,423.11,0.2
Tanker,Large,111.17,69.0,35.16,24.49,10.86,High,467.31,7.34
Tanker,Large,160.63,61.0,30.19,28.08,10.76,Medium,134.46,8.6
Passenger,Small,46.48,91.0,37.34,20.78,15.16,High,303.71,0.24
Passenger,Small,31.66,85.0,8.81,3.6,1.7,Low,361.95,8.74
Passenger,Large,193.24,90.0,33.45,21.14,16.88,High,113.2,3.35
Passenger,Small,27.39,62.0,27.6,39.53,10.58,High,203.73,0.0
Container,Small,21.48,93.0,34.79,40.24,9.34,High,93.74,0.0
Container,Medium,86.62,85.0,31.88,44.62,17.34,High,349.45,3.27
Container,Large,196.74,83.0,13.86,2.57,4.98,Low,431.89,17.88
Tanker,Small,43.6,85.0,30.98,26.36,10.41,Medium,438.77,4.67
Cargo,Medium,75.1,95.0,10.5,5.37,3.76,Low,335.04,13.54
Passenger,Large,170.16,83.0,13.14,10.04,5.75,Low,173.58,15.1
Cargo,Small,49.52,83.0,4.32,45.01,2.95,Low,330.52,7.69
Passenger,Medium,52.94,100.0,37.4,24.84,17.92,High,432.13,4.16
Cargo,Medium,66.59,90.0,11.64,37.93,7.53,Medium,312.93,8.64
Cargo,Large,151.85,78.0,20.82,3.22,6.96,Medium,206.45,10.66
Container,Large,197.56,88.0,15.65,20.84,6.88,Medium,459.9,13.11
Cargo,Small,49.48,76.0,38.4,33.71,18.73,High,417.61,0.71
Passenger,Medium,97.56,69.0,13.4,6.67,3.68,Low,441.22,14.44
Tanker,Small,34.94,84.0,31.14,16.29,16.3,High,451.6,2.0
Container,Large,132.02,97.0,34.22,3.23,12.9,High,196.91,4.9
Container,Small,48.13,97.0,17.42,32.57,6.32,Medium,429.82,5.54
Cargo,Large,143.62,74.0,15.13,48.54,8.04,Medium,285.17,10.72
Cargo,Large,145.16,81.0,29.91,41.35,11.3,High,19.08,2.74
Cargo,Large,192.33,68.0,36.52,48.73,7.72,Medium,317.92,10.01
Tanker,Small,49.88,100.0,30.2,42.28,14.75,High,235.31,0.0
Tanker,Large,162.71,99.0,9.09,42.76,5.1,Medium,137.58,9.96
Cargo,Large,101.84,86.0,35.53,28.86,16.31,High,485.19,6.87
Passenger,Large,145.63,92.0,15.5,25.91,3.81,Low,27.54,13.4
Cargo,Small,31.55,89.0,23.05,20.31,8.28,Medium,472.94,5.74
Container,Medium,70.96,84.0,33.26,40.9,15.57,High,79.63,0.76
Passenger,Large,117.11,62.0,7.54,9.1,4.19,Low,188.49,15.71
Cargo,Small,28.67,78.0,31.38,2.81,14.38,High,208.62,0.02
Passenger,Small,30.01,87.0,23.85,47.39,13.0,High,365.51,1.21
Container,Small,38.89,87.0,35.73,0.19,7.12,Medium,107.8,1.98
Container,Small,22.23,75.0,6.88,48.84,5.44,Medium,493.05,6.47
Tanker,Large,102.49,98.0,16.83,36.44,4.64,Medium,374.51,12.11
Tanker,Medium,96.92,67.0,33.31,16.42,6.79,Medium,394.98,8.88
Tanker,Medium,68.7,80.0,0.77,34.89,1.86,Low,53.21,10.81
Container,Large,117.49,88.0,4.49,40.89,4.03,Low,238.16,15.74
Tanker,Large,115.0,88.0,39.62,12.27,6.29,Medium,472.8,12.27
Cargo,Small,29.73,86.0,11.22,38.54,3.67,Low,135.03,5.45
Tanker,Small,30.31,71.0,39.02,40.22,9.75,High,72.69,0.0
Tanker,Small,23.99,66.0,7.3,12.47,3.03,Low,242.7,7.31
Passenger,Medium,72.03,85.0,14.44,2.1,6.63,Low,465.2,14.42
Passenger,Large,185.39,84.0,30.11,10.21,8.56,Medium,243.4,10.27
Passenger,Large,156.79,67.0,26.31,10.03,8.88,Medium,202.42,10.02
Cargo,Large,184.71,88.0,23.24,3.26,4.03,Low,325.14,16.42
Tanker,Small,47.0,78.0,21.2,36.3,6.19,Medium,468.44,5.68
Cargo,Medium,67.94,87.0,33.74,19.0,6.13,Medium,24.53,5.17
Tanker,Large,121.0,93.0,9.4,44.22,4.69,Medium,76.7,9.34
Container,Large,101.0,67.0,17.7,12.61,6.58,Medium,66.38,9.27
Tanker,Small,29.56,61.0,6.22,22.66,2.46,Low,42.67,5.22
Container,Large,167.73,91.0,23.84,31.95,12.05,High,151.05,4.47
Cargo,Small,35.5,84.0,10.02,43.87,7.13,Medium,114.65,2.46
Container,Small,39.37,88.0,13.35,26.23,3.29,Low,274.35,7.02
Passenger,Medium,92.35,94.0,18.85,18.68,2.95,Low,163.64,11.23
Cargo,Large,167.03,92.0,1.07,43.35,2.61,Low,202.6,15.64
Cargo,Small,29.24,98.0,3.68,15.51,1.42,Low,470.93,9.87
Tanker,Large,184.33,81.0,27.44,3.97,6.82,Medium,77.83,9.04
Cargo,Medium,55.2,80.0,17.16,22.25,5.53,Medium,194.23,7.69
Passenger,Small,45.53,76.0,34.59,39.25,18.1,High,128.54,0.0
Passenger,Large,128.43,66.0,27.79,1.54,10.18,Medium,274.58,10.71
Container,Small,40.24,83.0,0.32,29.29,1.5,Low,368.17,8.73
Container,Medium,51.5,71.0,24.67,29.72,4.1,Medium,408.49,9.45
Passenger,Large,150.49,97.0,3.75,46.43,3.0,Low,257.65,15.96
Passenger,Large,182.3,83.0,31.24,14.32,7.82,Medium,427.46,12.04
Tanker,Small,44.78,84.0,39.66,13.94,12.35,High,392.54,1.43
Cargo,Medium,64.47,74.0,21.25,22.02,10.35,Medium,78.5,5.85
Container,Large,104.72,62.0,27.31,17.85,7.06,Medium,122.71,9.2
Tanker,Medium,76.91,61.0,9.49,36.82,4.22,Low,335.86,12.93
Passenger,Medium,59.41,77.0,17.5,32.09,5.66,Medium,487.4,10.39
Cargo,Medium,76.96,63.0,34.24,37.95,5.44,Medium,188.06,6.47
Container,Large,172.77,84.0,6.7,41.0,5.28,Medium,114.9,9.87
Tanker,Medium,66.09,95.0,10.62,46.15,3.96,Medium,434.56,10.1
Cargo,Small,40.85,95.0,17.82,21.55,4.91,Medium,99.81,2.59
Passenger,Medium,63.61,86.0,28.49,49.23,6.78,Medium,348.7,8.0
Container,Medium,97.65,68.0,15.04,10.78,4.99,Low,17.12,9.9
Passenger,Small,34.17,95.0,37.11,35.72,19.33,High,9.49,0.0
Container,Large,150.42,95.0,3.78,26.7,1.87,Low,225.78,16.15
Passenger,Medium,62.4,68.0,14.83,40.85,6.14,Medium,328.27,8.71
Container,Medium,58.95,89.0,28.36,23.84,4.28,Medium,71.22,5.99
Tanker,Medium,93.06,71.0,9.04,39.2,5.65,Medium,381.94,9.62
Cargo,Large,102.95,92.0,26.26,46.51,11.69,High,64.37,3.23
Passenger,Medium,78.97,100.0,6.57,36.61,4.33,Low,266.85,12.37
Container,Small,39.25,61.0,2.24,38.8,2.59,Low,154.15,6.19
Tanker,Medium,98.98,96.0,4.84,3.36,2.41,Low,376.13,14.41
Passenger,Small,39.72,85.0,37.2,10.25,10.33,Medium,402.06,4.32
Passenger,Medium,86.59,99.0,22.07,48.72,9.18,Medium,33.05,4.93
Cargo,Large,138.32,79.0,31.85,34.66,13.78,High,96.3,3.3
Tanker,Small,34.84,94.0,13.31,28.07,5.51,Medium,446.32,6.09
Tanker,Small,39.5,62.0,23.71,18.35,5.08,Medium,207.81,3.42
Container,Small,30.47,73.0,19.8,2.22,4.6,Low,238.37,6.69
Passenger,Large,188.54,63.0,37.83,18.46,6.1,Medium,84.01,8.37
Container,Small,25.19,99.0,29.9,24.95,9.41,Medium,497.45,5.44
Tanker,Small,39.2,93.0,29.22,10.57,10.57,Medium,461.52,5.29
Container,Large,188.0,94.0,1.85,8.66,0.71,Low,1.01,14.47
Container,Small,29.43,98.0,21.99,25.42,9.02,Medium,275.37,3.64
Cargo,Medium,75.05,63.0,18.68,29.3,10.0,Medium,436.13,9.44
Cargo,Small,31.6,75.0,37.11,12.0,9.32,Medium,215.27,2.53
Cargo,Small,47.59,63.0,10.29,29.37,3.41,Low,218.41,6.54
Container,Large,144.07,68.0,10.79,45.02,7.18,Medium,189.67,10.14
Tanker,Large,171.86,69.0,16.45,23.66,7.38,Medium,14.41,8.51
Cargo,Large,117.61,79.0,9.73,42.87,3.53,Low,395.14,17.05
Container,Small,31.89,71.0,5.17,46.36,3.68,Low,228.39,6.53
Container,Large,167.55,64.0,34.3,4.62,12.91,High,265.53,5.56
Passenger,Medium,61.07,67.0,22.33,4.79,7.6,Medium,127.84,6.91
Container,Small,24.12,66.0,34.45,23.8,13.16,High,392.06,1.41
Cargo,Medium,54.65,99.0,33.25,29.41,12.34,High,396.87,4.48
Container,Medium,66.45,90.0,11.28,21.29,5.79,Medium,276.46,8.8
Container,Large,178.2,99.0,21.91,16.32,5.82,Medium,452.31,12.92
Tanker,Small,35.09,78.0,3.33,32.05,2.88,Low,57.94,5.28
Tanker,Large,129.13,71.0,36.61,0.1,18.18,High,393.31,6.28
Tanker,Large,101.2,92.0,16.17,48.4,6.56,Medium,279.29,10.76
Passenger,Small,37.01,73.0,15.75,11.6,7.14,Medium,115.51,2.82
Cargo,Small,34.97,72.0,12.11,45.85,4.7,Medium,66.15,2.07
Cargo,Large,182.77,69.0,18.43,5.45,4.19,Low,150.5,14.86
Tanker,Medium,97.09,65.0,10.07,11.9,5.37,Low,428.16,14.2
Container,Small,33.01,70.0,14.99,11.74,2.24,Low,393.81,8.53
Cargo,Medium,54.88,74.0,32.0,49.81,8.47,Medium,322.57,7.38
Passenger,Small,47.12,87.0,33.37,0.23,9.79,Medium,45.16,1.2
Passenger,Small,48.99,63.0,12.17,31.98,4.77,Medium,477.42,6.45
Passenger,Medium,89.14,68.0,18.76,43.48,8.77,Medium,152.72,6.44
Tanker,Small,31.87,92.0,34.95,33.61,7.87,Medium,303.5,3.23
Cargo,Small,43.34,66.0,2.11,18.14,1.18,Low,401.55,9.23
Passenger,Small,49.41,74.0,35.57,47.92,11.21,High,66.43,0.0
Cargo,Small,35.99,95.0,8.77,44.68,4.95,Medium,326.1,4.83
Passenger,Small,39.26,66.0,27.14,21.7,9.9,Medium,16.15,0.78
Tanker,Small,40.38,63.0,23.3,28.67,9.37,Medium,50.89,1.23
Tanker,Small,32.01,79.0,22.12,48.38,9.49,Medium,361.57,3.99
Container,Medium,62.91,72.0,34.37,49.13,9.27,High,77.54,1.15
Container,Medium,73.58,83.0,4.06,22.49,2.77,Low,221.75,12.49
Tanker,Medium,79.53,92.0,13.88,42.37,3.99,Medium,124.17,6.9
Container,Small,48.6,65.0,21.53,15.1,4.62,Medium,210.61,3.67
Tanker,Small,36.66,83.0,32.45,18.59,13.77,High,38.61,0.0
Tanker,Medium,93.6,80.0,8.66,8.24,2.25,Low,377.45,14.15
Tanker,Large,148.14,66.0,32.12,10.46,10.08,Medium,39.52,7.97
Tanker,Large,189.68,85.0,15.99,32.84,5.33,Medium,418.96,12.6
Tanker,Medium,60.92,71.0,7.56,25.54,3.57,Low,331.3,13.27
Cargo,Large,138.04,80.0,30.36,11.56,7.82,Medium,208.29,9.95
Container,Medium,54.27,63.0,3.64,20.15,2.82,Low,433.24,14.67
Cargo,Medium,51.64,78.0,20.59,18.66,5.94,Medium,93.07,6.53
Tanker,Small,33.0,72.0,2.56,49.37,3.37,Low,132.28,5.67
Passenger,Large,152.31,93.0,14.26,42.68,8.63,Medium,68.56,8.66
Tanker,Large,141.35,62.0,24.04,19.4,9.51,Medium,190.78,9.77
Tanker,Medium,69.33,77.0,22.24,45.7,9.54,Medium,493.37,9.55
Passenger,Small,33.33,78.0,16.19,17.13,6.16,Medium,80.51,2.44
Cargo,Small,35.6,89.0,17.16,33.4,6.79,Medium,415.49,5.35
Passenger,Medium,58.85,83.0,9.07,48.33,6.25,Medium,325.94,8.81
Container,Large,189.64,87.0,18.24,19.51,3.17,Low,7.91,13.26
Cargo,Large,130.26,91.0,38.13,33.99,19.01,High,472.45,6.24
Cargo,Small,29.52,94.0,34.02,14.8,12.12,High,485.55,2.65
Cargo,Medium,74.21,73.0,5.81,13.32,3.22,Low,462.45,14.95
Passenger,Large,115.81,82.0,1.19,28.71,1.56,Low,250.87,16.52
Cargo,Small,20.62,94.0,37.34,48.96,19.17,High,110.19,0.0
Passenger,Large,115.77,100.0,21.07,22.66,4.25,Medium,195.63,10.42
Passenger,Medium,97.11,96.0,21.51,46.88,10.7,Medium,307.1,7.59
Passenger,Large,151.84,75.0,31.23,45.72,10.61,High,189.42,4.36
Container,Large,189.23,68.0,12.59,12.69,5.32,Low,354.09,16.93
Passenger,Small,29.61,80.0,19.28,20.09,7.78,Medium,397.79,5.23
Tanker,Medium,54.99,90.0,38.75,32.17,8.02,Medium,104.7,5.26
Passenger,Medium,67.9,80.0,26.89,25.9,9.52,Medium,202.47,6.81
Container,Medium,90.38,79.0,6.15,4.8,1.54,Low,478.87,15.43
Tanker,Small,31.44,94.0,5.33,49.68,4.21,Medium,124.9,2.97
Passenger,Small,36.66,74.0,8.17,37.63,5.11,Medium,173.22,3.46
Cargo,Small,24.76,94.0,30.67,21.88,5.16,Medium,17.83,1.09
Container,Large,121.23,76.0,11.82,30.91,5.17,Medium,166.18,10.34
Passenger,Small,49.9,73.0,0.86,4.38,0.52,Low,185.47,7.47
Passenger,Small,31.28,78.0,37.77,24.77,9.48,Medium,49.92,0.57
Container,Large,167.47,90.0,6.79,46.54,5.59,Medium,0.72,8.58
Cargo,Large,181.2,65.0,0.38,44.83,2.36,Low,287.7,16.53
Tanker,Medium,98.71,68.0,9.49,16.87,2.49,Low,150.76,11.65
Cargo,Medium,55.79,98.0,9.4,26.57,2.67,Low,8.91,10.02
Container,Large,142.46,67.0,16.88,34.87,7.09,Medium,429.97,12.45
Tanker,Medium,89.82,83.0,36.82,17.0,10.06,Medium,292.2,7.34
Passenger,Large,189.81,83.0,35.17,3.24,6.39,Medium,85.58,8.79
Container,Large,173.14,80.0,18.28,25.27,3.32,Low,432.62,17.37
Passenger,Large,107.96,86.0,16.44,30.08,6.87,Medium,126.79,9.56
Passenger,Small,27.59,69.0,22.2,0.29,7.55,Medium,113.72,2.67
Passenger,Large,124.22,82.0,9.74,4.78,1.77,Low,447.32,18.51
Cargo,Small,36.13,75.0,2.09,10.36,1.23,Low,89.73,6.26
Cargo,Small,24.98,86.0,37.57,17.4,18.93,High,439.49,1.28
Passenger,Large,131.04,66.0,7.47,27.05,5.02,Low,401.49,17.4
Container,Small,20.32,83.0,7.94,14.69,4.35,Low,154.89,6.22
Cargo,Small,23.12,67.0,18.9,13.81,8.68,Medium,17.2,1.48
Passenger,Large,199.95,71.0,19.66,43.47,5.79,Medium,41.29,8.38
Tanker,Large,116.49,69.0,0.74,7.25,0.48,Low,54.76,15.12
Tanker,Medium,99.41,67.0,5.92,24.77,2.88,Low,445.4,14.57
Container,Small,39.29,93.0,15.13,47.64,7.65,Medium,202.02,2.95
Tanker,Large,187.53,71.0,27.35,31.25,13.6,High,16.26,2.81
Passenger,Medium,85.17,97.0,9.14,35.86,3.56,Low,278.27,12.45
Tanker,Medium,72.02,99.0,16.92,21.56,6.02,Medium,104.0,6.76
Passenger,Small,45.27,83.0,22.29,1.0,8.05,Medium,117.56,2.64
Tanker,Small,33.55,66.0,35.54,32.31,11.5,High,80.42,0.0
Passenger,Medium,66.87,75.0,13.04,31.6,5.25,Medium,381.01,9.6
Tanker,Small,29.28,92.0,5.34,5.52,1.29,Low,0.31,5.3
Passenger,Medium,99.5,75.0,19.57,23.11,10.84,Medium,219.49,7.27
Container,Medium,59.39,63.0,29.87,45.77,10.95,High,43.44,0.93
Container,Large,186.83,82.0,4.39,10.25,1.89,Low,276.19,16.95
Cargo,Large,183.75,94.0,16.99,23.05,4.34,Medium,173.0,10.39
Container,Medium,92.65,92.0,0.71,23.06,1.37,Low,14.18,10.71
Tanker,Large,147.19,67.0,1.34,40.54,2.3,Low,230.49,16.0
Tanker,Small,26.46,87.0,19.32,41.23,5.56,Medium,285.29,3.91
Passenger,Small,43.61,69.0,11.93,37.96,4.41,Medium,123.83,2.84
Container,Small,30.76,69.0,33.8,18.27,4.33,Medium,382.76,4.74
Tanker,Large,197.38,95.0,24.09,3.6,8.08,Medium,185.52,10.17
Passenger,Small,28.22,70.0,18.16,17.47,5.5,Medium,374.67,5.34
Cargo,Large,100.55,71.0,16.32,33.99,9.2,Medium,289.51,10.88
Cargo,Large,108.08,60.0,19.89,35.14,4.07,Medium,434.63,12.64
Cargo,Medium,87.55,95.0,1.62,48.25,2.6,Low,273.46,12.63
Container,Small,43.25,92.0,35.71,22.68,17.36,High,92.81,0.0
Container,Large,177.29,85.0,39.93,31.62,7.6,Medium,411.3,11.12
Tanker,Medium,87.27,90.0,7.26,26.96,2.08,Low,391.52,14.0
Cargo,Small,31.0,66.0,4.82,7.53,1.2,Low,486.18,10.15
Container,Small,43.64,78.0,5.74,23.06,3.62,Low,46.79,5.16
Tanker,Large,141.2,74.0,26.44,27.24,12.5,High,295.62,5.84
Cargo,Large,108.92,64.0,26.46,47.54,8.62,Medium,245.83,9.72
Container,Large,147.95,79.0,33.92,18.33,13.37,High,335.44,5.95
Container,Small,34.64,97.0,30.07,49.0,11.56,High,490.09,2.26
Tanker,Medium,94.62,62.0,17.99,27.12,9.67,Medium,266.14,7.85
Tanker,Small,21.69,72.0,24.51,12.12,3.61,Low,342.87,7.4
Tanker,Large,154.43,68.0,27.53,9.58,12.19,Medium,173.61,9.35
Passenger,Small,41.57,70.0,20.51,7.08,3.8,Low,149.49,5.75
Passenger,Small,21.76,96.0,19.03,22.65,6.02,Medium,167.65,3.07
Passenger,Large,198.19,79.0,25.8,1.1,4.62,Low,19.3,13.22
Container,Small,32.4,79.0,22.3,22.25,9.61,Medium,142.37,2.3
Tanker,Medium,62.05,90.0,25.76,49.42,12.04,High,86.47,1.38
Container,Small,28.14,66.0,24.51,33.51,9.5,Medium,228.71,2.84
Tanker,Large,167.4,79.0,28.77,37.99,12.81,High,230.41,4.82
Cargo,Small,28.22,77.0,25.71,5.95,9.45,Medium,382.61,4.88
Container,Small,25.93,84.0,20.79,23.66,9.72,Medium,251.15,3.43
Tanker,Medium,53.43,100.0,27.27,14.31,6.05,Medium,231.54,7.66
Tanker,Medium,63.8,91.0,17.98,44.7,7.12,Medium,115.81,6.25
Tanker,Medium,90.9,76.0,9.67,9.06,2.01,Low,426.24,14.6
Tanker,Medium,99.66,93.0,0.06,22.94,1.16,Low,45.5,11.08
Container,Large,199.44,67.0,22.4,29.4,10.0,Medium,491.15,12.6
Container,Medium,76.75,61.0,23.63,25.7,10.18,Medium,238.04,7.27
Passenger,Large,114.95,68.0,38.88,41.51,17.0,High,92.99,2.46
Tanker,Small,49.44,74.0,14.46,11.57,3.81,Low,177.16,6.24
Passenger,Medium,63.61,80.0,15.77,18.87,6.7,Medium,7.69,5.84
Container,Large,117.98,85.0,8.07,39.6,3.97,Low,83.26,14.04
Passenger,Small,20.13,96.0,2.82,26.4,2.67,Low,167.67,6.54
Tanker,Medium,76.32,80.0,30.91,20.11,8.34,Medium,277.21,7.59
Passenger,Medium,66.97,80.0,9.99,1.47,3.48,Low,64.74,10.97
Container,Small,39.47,62.0,24.36,37.67,11.63,High,337.98,1.25
Tanker,Small,45.15,61.0,27.51,48.61,15.16,High,422.14,1.36
Container,Small,27.87,82.0,18.85,31.01,6.74,Medium,286.17,4.02
Container,Large,164.01,78.0,35.05,42.83,10.7,High,148.45,3.81
Tanker,Large,124.61,94.0,17.75,25.84,6.12,Medium,60.7,8.99
Passenger,Medium,52.99,66.0,11.4,11.58,3.2,Low,7.77,10.16
Cargo,Large,178.61,61.0,35.84,0.72,12.99,High,365.9,6.55
Tanker,Medium,61.41,78.0,34.46,32.67,17.94,High,314.24,2.97
Passenger,Medium,71.32,69.0,6.56,24.66,2.22,Low,238.14,12.54
Passenger,Large,117.63,62.0,1.04,39.1,2.29,Low,51.0,14.25
Container,Medium,84.36,89.0,3.6,34.73,3.39,Low,103.51,11.02
Passenger,Medium,77.29,64.0,11.46,49.4,4.07,Medium,407.59,9.71
Tanker,Small,42.71,84.0,38.89,25.52,12.85,High,239.93,0.0
Passenger,Large,105.7,71.0,22.34,21.36,11.03,Medium,481.42,12.57
Cargo,Medium,54.45,67.0,14.93,14.34,7.59,Medium,499.99,10.81
Cargo,Large,165.42,75.0,35.55,23.84,12.06,High,400.35,6.54
Container,Large,122.89,92.0,18.13,43.64,4.18,Medium,129.09,9.49
Passenger,Small,24.02,76.0,12.61,2.12,1.9,Low,115.56,6.09
Passenger,Small,37.05,90.0,37.65,48.9,15.05,High,126.82,0.0
Cargo,Medium,95.86,65.0,33.98,49.67,7.56,Medium,493.39,9.09
Tanker,Medium,50.2,91.0,33.75,29.89,6.89,Medium,167.67,6.3
Tanker,Medium,55.77,69.0,20.49,16.58,9.21,Medium,353.22,8.86
Tanker,Medium,61.42,87.0,31.58,11.15,13.2,High,479.51,5.67
Cargo,Medium,93.79,83.0,7.17,13.82,3.83,Low,409.8,14.28
Cargo,Small,25.28,97.0,22.93,2.51,3.39,Low,298.8,7.25
Cargo,Medium,76.01,75.0,39.35,23.76,8.24,Medium,84.48,5.18
Tanker,Large,171.79,63.0,11.64,2.87,5.19,Low,87.47,14.52
Tanker,Medium,50.39,61.0,31.77,35.92,14.14,High,246.21,2.74
Passenger,Medium,70.68,93.0,19.62,18.6,9.22,Medium,475.97,10.08
Container,Small,44.93,81.0,1.59,9.97,1.29,Low,452.25,9.91
Cargo,Small,41.54,91.0,30.52,27.24,14.97,High,83.1,0.0
Passenger,Small,26.46,69.0,6.74,48.69,4.51,Medium,143.86,3.08
Tanker,Medium,79.34,74.0,25.26,34.76,7.4,Medium,294.41,7.85
Tanker,Medium,99.56,61.0,3.43,24.59,2.35,Low,238.72,12.69
Passenger,Small,28.21,98.0,37.87,38.85,15.4,High,59.68,0.0
Passenger,Large,108.46,87.0,11.67,36.87,4.58,Medium,184.65,10.47
Container,Small,30.99,97.0,9.06,44.59,5.93,Medium,477.36,6.24
Tanker,Large,134.33,71.0,5.17,10.23,1.22,Low,475.72,18.97
Container,Small,35.48,84.0,37.84,42.94,17.73,High,279.71,0.0
Tanker,Small,32.77,87.0,28.48,15.05,3.97,Medium,317.63,4.45
Tanker,Small,42.12,73.0,29.67,47.05,11.23,High,110.95,0.0
Cargo,Medium,97.34,94.0,19.98,14.05,9.59,Medium,370.98,9.07
Tanker,Small,41.22,98.0,18.99,46.34,4.87,Medium,26.25,1.3
Passenger,Small,47.98,95.0,4.4,48.19,3.76,Low,110.34,5.34
Passenger,Medium,55.0,90.0,22.39,7.27,4.03,Low,2.94,9.56
Passenger,Small,28.14,71.0,9.88,48.72,6.96,Medium,192.85,3.16
Passenger,Small,35.96,71.0,39.09,4.29,17.14,High,425.13,1.5
Passenger,Medium,79.78,99.0,31.86,10.93,15.63,High,491.25,5.54
Passenger,Large,198.73,60.0,16.52,22.21,8.54,Medium,333.88,11.61
Container,Large,134.2,89.0,6.05,49.68,4.87,Medium,372.43,12.34
Passenger,Large,178.88,88.0,31.41,24.43,6.69,Medium,131.37,8.99
Passenger,Small,49.95,85.0,4.88,27.52,2.45,Low,260.17,7.36
Tanker,Medium,63.81,100.0,7.57,34.72,4.0,Low,368.29,13.41
Container,Medium,92.42,72.0,8.46,48.41,5.26,Medium,248.64,8.17
Container,Large,131.62,74.0,22.28,39.17,11.16,Medium,44.27,7.83
Tanker,Large,131.93,63.0,31.48,11.21,6.57,Medium,370.43,11.65
Container,Small,47.76,78.0,12.57,15.15,2.66,Low,109.78,5.7
Cargo,Small,44.52,70.0,3.39,4.88,1.24,Low,48.85,5.9
Passenger,Large,146.77,74.0,18.58,32.22,4.64,Medium,239.03,10.75
Passenger,Large,159.58,93.0,29.92,9.04,11.75,Medium,37.3,7.92
Container,Medium,58.83,97.0,8.87,12.87,3.57,Low,314.72,13.29
Passenger,Large,135.64,67.0,8.8,44.41,5.71,Medium,320.24,11.7
Passenger,Small,37.74,75.0,37.89,16.34,5.57,Medium,128.35,1.91
Container,Medium,52.92,97.0,38.17,28.33,19.96,High,482.27,4.35
Cargo,Medium,78.35,62.0,39.62,19.88,4.96,Medium,412.23,8.85
Container,Small,44.4,64.0,32.31,3.7,7.62,Medium,54.79,1.5
Container,Small,37.22,67.0,7.53,18.14,3.71,Low,374.26,8.43
Tanker,Small,25.17,84.0,8.48,20.4,2.02,Low,176.54,6.53
Cargo,Medium,84.33,66.0,13.61,44.79,4.05,Medium,375.14,9.37
Passenger,Medium,57.15,99.0,12.73,16.22,2.47,Low,400.4,14.0
Tanker,Large,107.11,78.0,38.26,18.96,13.67,High,75.69,3.1
Cargo,Small,29.54,80.0,31.56,39.14,16.42,High,330.92,0.31
Cargo,Large,129.08,70.0,28.96,37.95,11.23,High,431.36,6.98
Passenger,Small,22.85,79.0,7.44,39.91,4.54,Medium,161.69,3.39
Container,Small,38.35,86.0,36.38,47.69,11.06,High,40.16,0.0
Tanker,Medium,98.2,90.0,33.11,39.78,5.55,Medium,13.63,4.73
Passenger,Medium,74.71,90.0,6.55,20.38,1.73,Low,55.0,10.84
Passenger,Medium,69.32,83.0,34.85,41.08,17.92,High,2.1,0.0
Passenger,Small,32.1,96.0,10.89,25.43,2.81,Low,163.47,6.1
Passenger,Large,142.94,93.0,3.23,13.89,2.31,Low,149.66,15.63
Tanker,Medium,82.98,90.0,26.27,15.15,5.11,Medium,55.17,6.02
Tanker,Large,163.55,62.0,26.15,11.19,10.23,Medium,325.56,11.1
Container,Medium,61.8,60.0,3.8,7.25,2.18,Low,495.95,15.61
Container,Small,26.81,68.0,12.75,9.22,3.58,Low,450.46,9.12
Tanker,Small,38.62,87.0,39.71,3.16,15.79,High,126.43,0.0
Tanker,Large,142.88,76.0,27.14,44.42,8.74,Medium,384.99,11.13
Container,Small,27.48,76.0,29.2,46.55,8.81,Medium,468.43,4.81
Passenger,Large,147.94,95.0,8.52,29.34,3.01,Low,453.18,18.02
Passenger,Small,21.38,96.0,3.15,42.02,3.45,Low,442.27,8.88
Tanker,Large,161.73,96.0,11.08,9.18,2.71,Low,393.23,17.72
Container,Medium,71.69,73.0,9.96,45.08,4.38,Medium,146.5,7.23
Container,Medium,51.89,88.0,9.38,25.32,5.95,Medium,41.78,6.45
Passenger,Large,165.83,71.0,7.71,3.36,1.95,Low,243.91,16.59
Cargo,Medium,59.09,68.0,22.99,7.07,6.54,Medium,27.4,5.93
Container,Large,144.38,67.0,13.12,15.45,7.28,Medium,499.24,13.7
Container,Medium,76.74,74.0,32.81,2.18,8.24,Medium,179.15,6.88
Container,Medium,57.85,77.0,7.36,15.46,2.59,Low,479.17,15.06
Cargo,Large,182.38,93.0,18.59,3.0,8.16,Medium,386.56,12.46
Tanker,Medium,59.99,65.0,0.55,11.8,0.71,Low,205.65,12.92
Tanker,Small,21.61,89.0,19.27,13.28,4.39,Low,59.16,4.72
Cargo,Small,48.96,81.0,2.23,49.72,3.09,Low,118.6,5.57
Cargo,Small,21.31,72.0,39.11,11.78,15.46,High,336.52,0.63
Container,Medium,90.48,80.0,31.62,11.96,4.31,Medium,414.97,9.5
Container,Large,144.66,72.0,19.6,34.34,6.61,Medium,489.72,12.97
Cargo,Medium,90.49,84.0,3.46,42.97,2.97,Low,66.08,10.53
Passenger,Small,34.75,77.0,23.7,19.35,5.66,Medium,77.97,2.04
Tanker,Large,170.19,67.0,30.35,43.78,13.17,High,21.22,2.5
Tanker,Small,46.47,65.0,7.63,17.01,2.5,Low,130.18,6.13
Passenger,Small,28.65,82.0,22.73,9.85,8.28,Medium,410.53,5.34
Passenger,Large,174.26,96.0,32.57,16.48,10.65,Medium,99.13,8.37
Cargo,Large,152.06,74.0,30.73,30.47,7.27,Medium,273.93,10.27
Tanker,Large,135.45,89.0,32.12,18.36,7.55,Medium,223.2,9.9
Passenger,Medium,93.2,86.0,35.17,33.64,7.6,Medium,162.91,6.04
Container,Medium,84.83,97.0,37.51,11.85,5.19,Medium,309.17,8.06
Tanker,Large,110.86,93.0,16.22,35.05,7.39,Medium,251.16,10.66
Passenger,Medium,56.73,83.0,22.75,17.37,9.27,Medium,167.38,6.86
Cargo,Large,141.64,86.0,31.63,22.79,6.4,Medium,344.43,11.17
Container,Large,104.18,96.0,27.89,27.89,11.05,Medium,139.98,8.74
Tanker,Medium,94.57,76.0,39.82,34.31,21.34,High,321.59,2.4
Container,Large,179.08,73.0,0.55,11.94,0.67,Low,478.62,19.25
Tanker,Medium,90.15,60.0,14.21,41.8,6.3,Medium,364.48,9.07
Tanker,Large,199.78,93.0,11.24,36.09,6.22,Medium,209.2,10.59
Passenger,Large,179.63,92.0,10.49,11.7,1.83,Low,373.78,17.6
Cargo,Small,29.44,64.0,8.9,48.75,6.1,Medium,404.62,5.42
Container,Large,144.73,83.0,28.36,33.24,15.61,High,162.92,3.99
Tanker,Medium,64.11,79.0,3.39,22.62,1.59,Low,352.57,13.94
Passenger,Medium,80.0,65.0,29.66,7.88,13.11,Medium,217.2,6.82
Container,Small,32.13,99.0,27.74,26.66,8.31,Medium,409.26,4.74
Passenger,Medium,63.13,69.0,10.03,8.24,1.99,Low,147.69,11.81
Cargo,Small,49.87,63.0,10.11,21.47,4.08,Low,468.88,9.15
Passenger,Medium,62.81,84.0,25.15,20.44,4.26,Medium,287.39,8.38
Container,Small,30.57,90.0,30.49,36.0,11.22,High,176.65,0.0
Container,Medium,90.86,61.0,35.06,9.62,4.26,Medium,209.69,7.33
Tanker,Medium,85.21,86.0,34.09,41.09,15.4,High,173.9,1.67
Container,Medium,50.98,81.0,38.6,16.31,12.21,High,73.12,1.25
Tanker,Large,147.65,64.0,23.26,22.2,7.71,Medium,34.25,8.36
Container,Small,39.64,67.0,36.35,38.62,8.42,Medium,160.89,1.58
Passenger,Small,45.34,83.0,32.34,31.27,9.47,Medium,229.35,2.5
Passenger,Small,43.07,72.0,35.79,15.4,6.95,Medium,180.91,2.42
Container,Large,121.36,98.0,0.47,19.31,1.15,Low,6.96,14.34
Passenger,Small,46.85,93.0,38.64,15.29,7.7,Medium,289.5,3.29
Cargo,Small,32.73,99.0,18.94,29.74,8.05,Medium,72.41,1.78
Container,Small,42.23,70.0,31.93,16.63,7.6,Medium,105.5,1.77
Cargo,Small,29.41,99.0,5.09,36.28,3.66,Low,60.37,5.06
Cargo,Small,20.68,77.0,15.84,28.99,6.46,Medium,260.22,3.98
Passenger,Medium,57.11,74.0,10.86,7.29,3.29,Low,47.58,10.66
Cargo,Large,198.29,62.0,11.67,15.51,5.08,Low,128.18,14.68
Passenger,Medium,55.78,62.0,4.93,11.07,1.87,Low,225.85,12.8
Cargo,Medium,65.05,88.0,32.23,19.52,14.79,High,83.85,1.36
Cargo,Large,118.67,78.0,0.37,25.8,1.43,Low,223.12,16.35
Container,Small,37.64,69.0,12.5,25.34,5.22,Medium,171.37,3.46
Cargo,Small,48.9,85.0,6.98,37.73,5.03,Medium,430.3,6.1
Cargo,Small,46.62,70.0,23.56,9.46,10.64,Medium,397.45,4.94
Tanker,Small,33.25,83.0,10.17,47.32,5.55,Medium,496.43,6.35
Tanker,Medium,71.14,74.0,10.36,17.14,2.18,Low,264.46,12.77
Passenger,Small,44.88,93.0,19.53,15.01,7.13,Medium,287.7,4.29
Container,Medium,87.49,93.0,26.11,34.26,8.03,Medium,473.32,9.54
Tanker,Small,35.59,79.0,4.85,40.28,3.55,Low,199.8,6.39
Container,Large,170.81,74.0,7.02,18.92,3.47,Low,277.84,16.5
Tanker,Large,186.06,75.0,9.89,37.34,5.41,Medium,189.54,10.51
Container,Large,120.93,92.0,38.95,44.19,16.6,High,272.93,4.24
Tanker,Medium,91.1,73.0,15.89,38.34,7.82,Medium,40.38,5.66
Tanker,Medium,59.26,68.0,23.96,1.71,3.53,Low,391.9,13.53
Tanker,Medium,86.31,63.0,9.66,41.37,3.78,Low,492.64,14.44
Container,Large,190.51,79.0,19.62,38.72,8.85,Medium,32.87,8.09
Container,Medium,57.85,79.0,2.96,33.46,2.45,Low,400.52,14.14
Container,Large,162.71,94.0,1.39,38.0,2.46,Low,120.87,14.93
Tanker,Small,27.08,69.0,18.75,48.97,5.26,Medium,98.77,1.94
Passenger,Large,137.26,75.0,15.95,21.56,3.89,Low,346.69,16.65
Tanker,Medium,96.81,92.0,5.48,3.36,1.94,Low,22.07,10.89
Passenger,Small,42.91,93.0,27.5,23.04,9.41,Medium,231.62,2.94
Passenger,Small,43.72,75.0,39.72,2.32,8.32,Medium,0.72,0.54
Tanker,Medium,55.21,78.0,15.83,14.71,4.9,Low,277.2,12.4
Tanker,Large,123.46,72.0,24.98,29.34,4.31,Medium,231.04,10.44
Cargo,Small,38.81,97.0,38.52,15.48,5.2,Medium,457.74,5.22
Tanker,Medium,59.38,65.0,33.26,34.27,6.3,Medium,360.14,8.22
Cargo,Small,36.03,97.0,18.54,41.1,8.19,Medium,63.0,1.46
Tanker,Medium,93.32,87.0,29.5,21.02,14.19,High,177.27,2.46
Cargo,Large,100.16,81.0,5.13,45.01,3.3,Low,465.79,17.97
Cargo,Small,46.25,61.0,20.48,3.99,2.53,Low,362.67,8.07
Cargo,Small,33.35,79.0,11.16,42.01,6.38,Medium,297.14,4.34
Cargo,Medium,56.05,76.0,6.45,41.43,4.92,Medium,279.54,8.75
Tanker,Medium,61.54,66.0,17.05,16.1,3.45,Low,199.05,11.67
Cargo,Small,34.12,86.0,5.24,14.94,2.08,Low,292.6,7.96
Cargo,Medium,84.02,99.0,27.96,15.25,5.33,Medium,385.83,9.22
Cargo,Medium,93.97,82.0,18.25,40.57,4.63,Medium,63.77,6.05
Passenger,Medium,60.21,89.0,21.25,41.58,9.71,Medium,484.92,9.58
Passenger,Large,119.09,63.0,5.86,16.49,3.68,Low,119.68,15.01
Cargo,Medium,72.56,77.0,5.59,29.63,3.56,Low,223.87,12.21
Cargo,Small,24.74,65.0,23.34,6.95,11.88,Medium,11.36,1.02
Tanker,Large,197.82,85.0,39.4,23.44,11.96,High,275.17,5.12
Container,Medium,50.35,98.0,3.85,49.94,4.26,Medium,190.93,7.89
Container,Medium,57.42,86.0,11.43,7.94,2.48,Low,124.88,11.47
Container,Small,42.7,63.0,34.78,47.38,7.49,Medium,492.76,4.89
Tanker,Large,100.54,74.0,2.89,41.21,3.16,Low,214.07,15.66
Cargo,Small,20.17,82.0,35.04,48.61,11.14,High,207.15,0.0
Container,Large,190.9,76.0,20.97,8.98,5.21,Medium,231.55,10.97
Tanker,Large,187.37,93.0,16.33,10.68,6.55,Medium,58.08,9.3
Cargo,Large,123.79,93.0,12.39,0.84,2.93,Low,196.55,15.84
Tanker,Medium,86.98,84.0,11.88,36.24,5.72,Medium,168.2,7.39
Cargo,Small,30.41,75.0,12.23,32.2,4.3,Low,232.56,6.44
Container,Small,22.43,70.0,35.39,8.9,15.08,High,428.31,1.83
Container,Small,27.26,64.0,28.95,39.56,8.49,Medium,96.39,1.28
Tanker,Large,177.95,74.0,26.79,14.96,9.16,Medium,303.87,10.88
Container,Large,176.29,77.0,31.95,6.75,3.83,Medium,18.82,8.47
Cargo,Small,42.93,87.0,10.28,21.13,5.34,Low,158.4,5.91
Passenger,Medium,52.55,86.0,24.72,4.55,8.83,Medium,236.33,7.75
Cargo,Large,184.89,63.0,18.4,13.16,3.91,Low,37.14,13.6
Tanker,Small,40.31,76.0,31.3,18.57,6.75,Medium,271.98,3.51
Container,Small,41.94,67.0,12.37,42.59,4.67,Medium,155.16,3.01
Cargo,Large,103.74,66.0,25.73,39.63,10.49,Medium,496.41,12.24
Cargo,Large,191.04,93.0,35.29,22.14,12.38,High,315.48,5.71
Passenger,Small,46.37,62.0,16.09,36.23,5.18,Medium,122.09,2.57
Tanker,Medium,58.38,77.0,2.66,28.43,2.43,Low,51.34,10.77
Cargo,Medium,93.73,67.0,20.64,17.04,10.26,Medium,20.36,5.4
Container,Medium,88.03,95.0,13.84,36.29,3.44,Low,45.39,9.89
Passenger,Small,25.72,82.0,26.89,34.17,8.88,Medium,340.03,3.88
Cargo,Large,194.36,69.0,38.04,30.95,14.38,High,427.5,6.32
Cargo,Medium,65.13,80.0,19.42,30.9,8.04,Medium,78.37,5.99
Container,Large,105.42,89.0,18.65,34.15,3.72,Medium,201.07,10.42
Tanker,Small,37.23,98.0,26.18,19.23,5.78,Medium,177.12,2.9
Cargo,Medium,83.53,69.0,4.14,43.45,2.69,Low,322.26,13.08
Passenger,Small,43.18,95.0,10.14,8.12,3.73,Low,91.34,5.67
Cargo,Large,198.67,97.0,36.76,44.19,15.38,High,476.66,6.51
Cargo,Medium,79.77,97.0,26.8,17.11,5.25,Medium,364.28,9.04
Cargo,Medium,79.77,85.0,0.54,6.25,0.44,Low,477.54,15.78
Tanker,Medium,93.57,85.0,8.19,30.0,3.4,Low,138.68,11.24
Tanker,Large,134.81,76.0,27.31,18.8,12.63,Medium,293.86,10.33
Container,Medium,87.85,90.0,30.58,40.77,7.48,Medium,366.13,8.17
Tanker,Large,112.35,81.0,33.59,21.54,11.8,High,355.48,6.26
Cargo,Medium,55.72,87.0,11.69,33.43,6.5,Medium,10.67,5.8
Tanker,Large,186.82,77.0,37.24,15.41,16.85,High,499.14,7.14
Tanker,Small,33.27,89.0,22.12,10.47,8.63,Medium,464.03,5.86
Passenger,Small,20.08,93.0,27.86,19.4,7.09,Medium,59.88,1.51
Tanker,Large,174.06,66.0,23.87,30.34,11.76,Medium,271.78,10.14
Cargo,Large,114.95,93.0,4.91,32.85,3.59,Low,157.28,15.11
Tanker,Large,104.51,82.0,38.52,28.91,16.15,High,439.45,6.28
Cargo,Small,29.22,94.0,4.92,49.4,3.09,Low,348.76,7.74
Tanker,Large,162.55,77.0,10.2,34.55,2.92,Low,111.76,14.42
Cargo,Small,30.33,75.0,32.55,46.58,14.64,High,16.93,0.0
Tanker,Large,135.54,97.0,24.74,5.9,12.12,Medium,145.87,9.29
Passenger,Medium,63.73,70.0,33.53,3.07,13.88,High,19.07,1.06
Tanker,Medium,78.48,94.0,20.63,15.55,9.7,Medium,70.66,5.99
Cargo,Medium,61.96,79.0,15.08,6.83,5.14,Low,318.07,12.98
Passenger,Small,25.2,81.0,36.87,26.29,9.49,Medium,372.54,3.81
Container,Small,48.05,72.0,1.45,25.95,1.84,Low,234.01,7.36
Passenger,Large,125.58,83.0,34.25,28.75,14.62,High,300.14,5.25
Tanker,Large,128.17,73.0,9.23,37.26,5.28,Medium,77.94,9.44
Tanker,Medium,75.06,62.0,33.95,48.57,18.68,High,158.4,1.05
Passenger,Large,149.54,71.0,5.57,43.91,3.57,Low,356.44,16.85
Tanker,Medium,81.07,60.0,23.21,5.92,2.99,Low,182.45,11.45
Cargo,Small,42.48,99.0,35.52,16.93,17.31,High,174.41,0.0
Tanker,Medium,90.68,99.0,18.94,12.79,3.75,Low,97.0,10.59
Passenger,Small,23.5,76.0,29.86,8.84,11.76,Medium,297.41,3.53
Cargo,Large,110.27,89.0,32.19,27.24,15.82,High,404.77,6.31
Container,Large,194.3,74.0,29.46,27.66,7.98,Medium,234.72,9.92
Cargo,Medium,54.42,87.0,37.01,11.36,16.56,High,57.77,0.84
Tanker,Small,40.77,92.0,17.87,35.59,5.94,Medium,419.18,5.39
Container,Small,27.01,98.0,6.93,36.65,4.73,Low,35.7,4.6
Cargo,Small,39.93,76.0,1.91,1.05,0.3,Low,235.86,8.01
Cargo,Medium,73.9,91.0,9.86,19.79,4.56,Low,130.54,11.16
Container,Large,106.12,71.0,5.73,44.51,4.35,Low,468.16,17.87
Tanker,Large,124.45,100.0,22.32,26.02,7.92,Medium,368.77,11.66
Container,Medium,82.04,61.0,7.4,17.38,3.64,Low,283.2,12.95
Container,Large,194.42,84.0,1.56,12.68,1.37,Low,333.88,17.67
Passenger,Small,35.67,86.0,1.44,12.17,1.18,Low,266.36,8.03
Cargo,Large,123.29,88.0,33.26,4.99,16.36,High,73.8,3.34
Container,Large,197.7,65.0,23.66,40.86,8.65,Medium,354.55,11.08
Cargo,Large,105.42,98.0,14.32,4.33,4.67,Low,246.34,15.99
Cargo,Medium,72.29,67.0,35.77,14.61,8.08,Medium,317.15,7.88
Cargo,Medium,58.3,85.0,2.81,2.28,1.5,Low,22.6,11.09
Cargo,Medium,77.79,69.0,39.21,39.07,6.74,Medium,71.02,4.89
Cargo,Large,161.36,72.0,24.65,1.96,6.1,Medium,294.69,11.47
Container,Medium,86.01,82.0,7.34,15.42,2.38,Low,229.71,12.58
Cargo,Small,46.14,77.0,27.16,28.66,8.35,Medium,113.44,1.77
Cargo,Large,162.46,66.0,30.54,20.48,15.29,High,120.38,3.74
Passenger,Small,37.61,67.0,17.17,14.11,4.95,Low,315.83,7.32
Tanker,Medium,93.88,77.0,34.47,13.76,16.78,High,29.48,0.62
Container,Medium,52.25,90.0,6.03,39.89,3.62,Low,217.13,11.91
Passenger,Large,110.03,96.0,11.15,48.7,7.36,Medium,261.55,10.75
Tanker,Large,146.33,63.0,3.74,17.4,2.02,Low,154.07,15.6
Cargo,Large,184.26,76.0,8.44,1.96,1.99,Low,410.27,18.24
Tanker,Medium,65.93,64.0,9.55,1.83,2.76,Low,28.38,10.69
Passenger,Medium,84.77,61.0,36.71,37.96,11.8,High,432.89,4.55
Cargo,Large,126.45,86.0,3.12,27.62,2.02,Low,361.63,17.51
Cargo,Large,144.83,84.0,17.1,39.18,5.65,Medium,223.13,10.43
Passenger,Medium,93.99,67.0,21.3,34.87,5.46,Medium,462.23,9.91
Container,Large,175.1,69.0,35.95,45.38,10.7,High,351.12,5.74
Tanker,Small,36.7,61.0,39.91,44.29,16.17,High,465.52,1.16
Cargo,Large,121.43,93.0,30.14,39.42,9.65,Medium,236.29,9.5
Cargo,Medium,69.42,99.0,38.83,23.76,16.13,High,226.49,2.24
Passenger,Small,38.02,65.0,31.48,15.41,16.35,High,265.37,0.14
Cargo,Small,40.22,69.0,38.53,25.35,10.93,High,32.71,0.0
Cargo,Large,115.76,95.0,28.29,25.1,9.32,Medium,454.25,12.09
Passenger,Medium,61.98,97.0,3.19,30.51,2.05,Low,333.86,13.56
Tanker,Small,21.82,77.0,16.08,9.3,4.6,Low,308.79,7.44
Cargo,Medium,68.23,62.0,25.86,32.78,11.74,High,463.23,5.51
Cargo,Small,43.1,62.0,14.03,22.83,3.76,Low,496.82,9.23
Tanker,Small,41.02,83.0,10.94,31.01,3.44,Low,81.7,5.11
Tanker,Large,159.02,76.0,23.1,11.98,6.39,Medium,374.5,12.11
Passenger,Small,26.74,61.0,37.34,21.72,17.05,High,289.97,0.0
Container,Medium,61.33,83.0,1.4,10.51,1.01,Low,230.5,13.12
Cargo,Large,187.99,60.0,30.77,43.77,17.05,High,488.81,6.77
Tanker,Large,179.94,91.0,28.91,24.4,14.57,High,425.13,6.86
Passenger,Medium,73.35,72.0,38.56,11.25,6.75,Medium,348.37,8.26
Cargo,Small,48.32,62.0,37.23,2.06,4.46,Medium,191.34,2.96
Tanker,Small,27.17,84.0,30.49,33.79,9.61,Medium,333.02,3.57
Cargo,Small,31.88,76.0,20.82,10.73,6.97,Medium,265.85,4.11
Container,Medium,99.71,99.0,8.17,49.48,4.98,Medium,124.68,6.95
Container,Large,146.22,82.0,21.81,26.69,4.69,Medium,225.19,10.56
Passenger,Large,197.98,71.0,30.61,14.45,5.31,Medium,106.11,9.11
Tanker,Medium,56.15,88.0,35.83,32.88,5.9,Medium,250.21,7.06
Container,Large,159.08,71.0,31.59,13.76,14.6,High,360.12,6.29
Tanker,Small,26.91,96.0,7.81,41.01,5.79,Medium,18.32,1.79
Container,Medium,98.04,75.0,23.99,15.41,4.28,Medium,382.69,9.49
Tanker,Medium,88.22,82.0,13.29,49.41,4.93,Medium,10.0,5.55
Cargo,Small,22.43,62.0,0.37,30.26,1.56,Low,258.64,7.61
Passenger,Medium,50.01,77.0,8.01,42.22,5.72,Medium,286.74,8.65
Passenger,Medium,77.1,93.0,4.53,3.64,2.37,Low,380.62,14.47
Tanker,Large,182.92,92.0,33.71,17.41,7.77,Medium,380.51,11.39
Passenger,Medium,79.76,69.0,10.34,36.87,4.13,Low,208.73,11.62
Passenger,Small,41.62,69.0,11.39,32.75,4.43,Low,33.19,4.46
Passenger,Medium,85.21,93.0,38.4,9.71,12.04,High,346.75,4.15
Passenger,Large,111.72,97.0,15.16,17.81,6.54,Medium,255.49,11.19
Cargo,Large,103.67,64.0,0.38,13.17,0.77,Low,166.53,16.11
Passenger,Large,177.37,78.0,11.35,30.67,6.99,Medium,117.44,9.69
Passenger,Small,32.26,73.0,4.77,17.23,1.53,Low,59.88,5.66
Cargo,Large,149.74,95.0,4.11,15.45,2.5,Low,147.57,15.51
Cargo,Small,49.57,63.0,3.1,10.37,1.24,Low,229.24,7.61
Passenger,Small,43.51,68.0,23.73,20.45,6.98,Medium,238.8,3.49
Passenger,Large,135.16,90.0,7.57,9.78,3.39,Low,291.37,16.8
Passenger,Small,47.41,62.0,14.45,48.13,9.22,Medium,181.23,2.61
Container,Small,32.72,80.0,34.48,7.73,13.71,High,459.95,2.35
Container,Medium,95.17,78.0,16.97,45.67,9.25,Medium,247.93,7.39
Container,Small,43.37,73.0,36.63,21.42,15.73,High,211.86,0.0
Cargo,Small,30.77,76.0,19.92,18.89,5.49,Medium,24.08,1.72
Tanker,Large,166.96,81.0,15.95,11.57,7.0,Medium,299.51,11.67
Container,Small,28.49,66.0,30.02,31.79,14.01,High,301.43,0.48
Passenger,Large,194.53,83.0,2.93,34.28,2.63,Low,291.64,16.62
Passenger,Large,154.89,92.0,3.58,23.38,2.3,Low,443.8,18.36
Cargo,Large,179.81,90.0,26.08,2.79,10.67,Medium,381.45,11.79
Cargo,Small,48.47,66.0,19.48,45.93,10.61,Medium,433.7,4.78
Passenger,Medium,70.76,66.0,31.62,49.02,9.88,High,29.71,0.75
Tanker,Small,48.06,71.0,36.65,21.55,16.49,High,159.06,0.0
Container,Small,33.18,74.0,15.53,30.68,8.14,Medium,159.36,2.79
Container,Small,24.43,76.0,23.86,22.51,5.75,Medium,328.52,4.47
Passenger,Small,32.71,87.0,20.03,16.09,8.55,Medium,224.31,3.46
Passenger,Small,35.96,62.0,39.26,3.87,7.05,Medium,388.74,4.54
Cargo,Medium,65.95,61.0,33.24,22.8,5.7,Medium,192.22,6.83
Passenger,Medium,51.29,76.0,36.47,40.92,14.07,High,110.8,1.06
Passenger,Small,43.08,88.0,10.17,0.85,4.76,Low,145.48,6.25
Container,Large,131.39,68.0,30.9,29.11,4.98,Medium,91.23,8.69
Container,Medium,80.96,86.0,10.62,44.04,6.77,Medium,98.95,6.5
Passenger,Medium,66.55,70.0,8.35,10.88,3.07,Low,108.42,11.34
Cargo,Small,45.19,95.0,37.77,9.16,17.24,High,8.05,0.0
Tanker,Large,138.31,96.0,0.77,38.61,2.27,Low,358.04,17.34
Container,Medium,78.35,72.0,38.62,12.75,18.02,High,199.8,2.01
Tanker,Large,196.54,69.0,5.97,9.6,2.91,Low,11.34,14.13
Cargo,Medium,80.32,76.0,32.78,18.9,15.28,High,185.0,2.3
Tanker,Small,31.27,70.0,11.04,19.63,2.86,Low,452.68,9.1
Passenger,Medium,74.05,87.0,14.03,43.71,5.29,Medium,255.62,8.05
Passenger,Small,34.1,93.0,8.67,30.92,3.25,Low,493.38,9.36
Container,Large,125.25,87.0,23.42,20.3,10.31,Medium,269.98,10.49
Cargo,Small,42.48,93.0,13.92,26.72,3.58,Low,481.4,9.03
Cargo,Medium,53.19,76.0,26.3,47.7,6.93,Medium,100.9,5.65
Container,Medium,74.63,66.0,0.63,5.66,0.57,Low,144.97,12.45
Tanker,Small,41.79,90.0,2.57,10.39,1.5,Low,349.99,8.81
Cargo,Small,20.86,74.0,3.99,48.13,4.2,Low,493.41,9.15
Passenger,Large,160.66,87.0,16.76,47.87,5.0,Medium,412.65,12.23
Container,Large,117.01,71.0,32.59,8.86,8.9,Medium,276.85,10.47
Passenger,Small,24.32,63.0,35.53,7.26,7.94,Medium,42.58,1.11
Tanker,Medium,50.91,100.0,9.79,21.05,2.07,Low,182.19,11.9
Passenger,Medium,76.09,66.0,22.97,2.49,5.04,Low,43.21,9.93
Container,Small,40.68,100.0,30.73,32.75,9.38,Medium,155.64,1.83
Cargo,Large,162.31,99.0,11.55,3.87,1.77,Low,129.4,15.26
Tanker,Medium,86.1,92.0,16.36,2.9,5.49,Low,194.28,11.72
Cargo,Small,47.67,86.0,20.96,24.26,6.52,Medium,418.64,5.4
Cargo,Medium,86.33,83.0,5.39,47.89,3.03,Low,75.19,10.42
Container,Small,47.69,95.0,1.04,21.34,1.46,Low,153.03,6.71
Container,Small,49.82,72.0,6.11,17.82,3.28,Low,130.56,6.12
Cargo,Large,101.85,79.0,25.07,49.9,13.37,High,148.07,3.89
Tanker,Large,132.87,85.0,2.94,26.6,2.19,Low,180.31,15.71
Cargo,Large,173.82,76.0,7.59,18.76,4.64,Low,122.16,14.8
Tanker,Large,154.28,77.0,13.51,19.29,7.26,Medium,471.29,13.33
Tanker,Small,44.68,73.0,3.11,9.75,1.48,Low,210.05,7.4
Cargo,Large,116.84,83.0,7.67,25.61,3.41,Low,57.06,14.13
Tanker,Small,41.43,94.0,36.45,21.94,4.79,Medium,233.83,3.0
Passenger,Medium,65.4,68.0,0.77,13.54,0.97,Low,92.22,11.72
Container,Small,29.62,97.0,26.14,8.03,8.92,Medium,108.07,2.12
Passenger,Medium,95.48,88.0,15.38,15.56,8.08,Medium,142.52,7.14
Passenger,Medium,66.25,93.0,26.91,25.43,10.36,Medium,62.38,5.33
Tanker,Small,49.47,82.0,23.55,2.92,11.85,Medium,360.56,4.58
Tanker,Large,162.83,91.0,8.94,7.69,4.33,Low,395.97,17.73
Passenger,Medium,59.56,61.0,33.89,47.38,18.68,High,197.14,1.46
Tanker,Large,195.9,93.0,19.68,27.14,5.9,Medium,344.5,11.73
Tanker,Small,43.74,62.0,32.9,3.17,5.41,Medium,194.48,3.1
Tanker,Medium,75.39,96.0,16.24,34.65,8.53,Medium,82.04,6.06
Passenger,Large,169.25,100.0,39.39,3.09,16.48,High,198.58,4.31
Passenger,Large,181.36,72.0,30.82,36.94,7.54,Medium,278.49,10.15
Passenger,Large,136.4,68.0,38.64,37.5,17.56,High,20.5,1.77
Tanker,Large,167.13,91.0,20.57,32.55,8.47,Medium,327.24,11.15
Passenger,Large,188.5,70.0,18.95,36.61,4.56,Medium,371.3,11.98
Tanker,Small,20.65,95.0,30.22,4.4,9.31,Medium,429.99,5.17
Cargo,Large,191.17,64.0,35.21,36.34,18.45,High,51.39,2.18
Cargo,Small,28.97,65.0,38.57,6.83,12.01,High,0.05,0.0
Tanker,Large,176.26,99.0,12.98,16.98,6.24,Medium,36.63,9.15
Container,Large,134.33,87.0,31.95,47.14,5.92,Medium,462.06,11.89
Cargo,Large,173.62,94.0,8.43,25.14,4.56,Low,382.78,17.25
Cargo,Large,151.32,73.0,21.82,48.37,12.86,High,417.72,6.83
Cargo,Medium,82.86,87.0,7.19,4.45,2.38,Low,258.51,13.1
Cargo,Small,22.27,84.0,13.9,23.88,4.46,Low,263.36,6.82
Passenger,Small,26.31,84.0,37.25,3.12,13.52,High,149.25,0.0
Container,Medium,88.62,87.0,5.84,31.51,4.3,Low,421.38,14.06
Passenger,Small,47.11,83.0,25.3,3.94,4.52,Low,414.88,8.15
Passenger,Medium,54.82,77.0,23.72,8.77,6.64,Medium,196.09,7.54
Cargo,Large,151.75,71.0,4.83,12.94,1.43,Low,164.63,15.8
Tanker,Large,146.78,91.0,13.04,37.44,5.77,Medium,369.19,12.11
Tanker,Large,150.56,69.0,22.52,8.2,7.53,Medium,13.08,8.49
Cargo,Medium,78.32,88.0,7.49,42.33,5.69,Medium,429.97,10.11
Passenger,Small,49.74,69.0,32.02,6.6,8.82,Medium,223.12,3.02
Passenger,Medium,91.04,85.0,38.89,1.76,12.8,High,220.67,2.95
Tanker,Large,118.95,90.0,8.59,19.75,4.89,Low,334.54,16.83
Cargo,Medium,66.66,69.0,7.48,48.97,4.16,Medium,322.87,9.06
Container,Large,176.4,62.0,18.2,5.52,7.0,Medium,132.99,10.01
Passenger,Small,25.64,65.0,29.91,5.09,12.3,Medium,471.64,5.29
Tanker,Medium,85.34,84.0,11.26,37.56,4.49,Medium,493.16,10.77
Container,Large,150.13,94.0,0.8,15.61,0.91,Low,262.99,16.99
Cargo,Medium,51.23,62.0,21.65,35.86,8.31,Medium,280.69,7.78
Passenger,Large,127.63,89.0,38.26,10.0,9.79,Medium,277.16,10.08
Passenger,Small,26.81,74.0,15.65,23.0,4.38,Low,242.89,6.55
Container,Small,29.98,79.0,16.81,13.26,8.89,Medium,472.59,6.13
Cargo,Small,25.15,97.0,38.76,22.58,12.79,High,122.38,0.0
Tanker,Medium,89.55,73.0,27.78,38.45,14.22,High,53.98,0.96
Container,Medium,76.45,79.0,28.77,38.1,7.03,Medium,464.77,9.34
Container,Medium,89.8,61.0,22.51,25.79,12.0,Medium,106.52,5.82
Cargo,Medium,68.72,63.0,38.98,46.42,18.61,High,374.58,3.01
Cargo,Large,189.83,70.0,27.55,13.19,12.33,Medium,101.94,8.55
Cargo,Medium,67.5,61.0,35.8,12.02,9.76,Medium,480.09,9.39
Passenger,Small,29.87,85.0,27.98,30.69,9.77,Medium,395.56,4.37
Cargo,Small,31.75,77.0,29.4,31.06,11.47,High,459.36,2.36
Container,Large,115.08,82.0,11.62,2.33,4.95,Low,475.49,18.43
Passenger,Medium,77.6,67.0,12.14,30.39,6.86,Medium,42.21,6.12
Cargo,Large,142.16,72.0,31.32,18.72,5.05,Medium,216.69,10.12
Passenger,Medium,58.08,87.0,11.87,37.37,7.35,Medium,324.05,8.76
Cargo,Small,27.85,99.0,22.51,40.41,12.71,High,401.23,1.81
Container,Medium,54.28,62.0,9.97,27.61,4.74,Low,120.74,10.88
Cargo,Large,111.42,96.0,32.68,0.09,5.71,Medium,457.3,12.77
Passenger,Large,165.69,83.0,4.42,31.82,3.48,Low,110.49,14.7
Container,Medium,95.51,83.0,33.18,37.44,12.47,High,433.09,4.68
Cargo,Large,196.31,80.0,24.11,12.45,10.91,Medium,256.36,10.42
Passenger,Large,103.06,63.0,7.48,23.23,4.35,Low,257.71,16.1
Container,Small,33.3,64.0,21.68,48.29,5.33,Medium,187.0,2.69
Tanker,Large,178.07,84.0,11.3,14.91,4.62,Low,51.75,13.99
Passenger,Large,120.07,74.0,12.94,11.16,4.35,Low,173.55,15.23
Container,Small,22.04,97.0,14.06,10.54,7.25,Medium,213.37,3.89
Passenger,Medium,95.31,76.0,2.53,27.94,1.95,Low,239.51,12.71
Tanker,Large,147.85,66.0,39.44,47.49,9.57,High,369.55,5.82
Passenger,Medium,94.47,89.0,1.26,30.43,2.1,Low,176.04,12.08
Container,Large,105.47,72.0,26.5,15.17,4.98,Medium,203.3,10.31
Cargo,Medium,70.9,81.0,14.85,31.93,7.16,Medium,453.05,10.03
Tanker,Small,46.1,88.0,25.84,31.24,7.25,Medium,376.28,4.52
Cargo,Small,32.12,96.0,14.25,29.85,6.15,Medium,11.43,1.59
Passenger,Small,26.55,92.0,26.95,7.97,9.74,Medium,406.04,4.98
Passenger,Small,29.26,87.0,29.17,31.73,9.37,Medium,494.97,5.32
Passenger,Medium,87.06,87.0,27.62,21.51,14.61,High,469.88,5.43
Passenger,Medium,81.29,98.0,4.56,0.93,0.74,Low,417.98,15.06
Cargo,Medium,68.29,72.0,26.28,26.99,8.09,Medium,314.59,8.08
Tanker,Small,38.15,60.0,11.2,49.46,5.52,Medium,139.1,2.69
Cargo,Small,43.32,71.0,1.15,17.49,1.28,Low,327.22,8.54
Tanker,Medium,83.53,69.0,16.59,48.28,6.78,Medium,347.8,8.6
Passenger,Small,48.06,86.0,17.34,4.81,2.65,Low,140.78,5.98
Passenger,Medium,54.24,85.0,18.69,36.62,10.78,Medium,127.66,6.13
Passenger,Small,26.32,84.0,28.19,5.72,7.8,Medium,198.46,3.08
Passenger,Large,149.22,61.0,12.35,13.68,3.61,Low,320.57,16.75
Passenger,Medium,57.29,89.0,12.61,28.54,4.94,Medium,146.53,7.37
Container,Large,182.48,73.0,2.42,29.64,1.93,Low,277.83,16.67
Tanker,Large,127.79,87.0,27.47,38.76,5.79,Medium,449.62,12.17
Passenger,Large,131.52,82.0,22.71,30.77,5.16,Medium,147.55,9.61
Cargo,Medium,67.65,74.0,13.98,29.68,3.81,Low,482.99,14.36
Passenger,Medium,53.09,65.0,28.21,45.62,7.33,Medium,236.67,6.91
Passenger,Large,188.18,64.0,21.49,22.61,6.89,Medium,50.45,8.69
Container,Medium,88.79,93.0,18.77,11.26,7.12,Medium,27.52,6.0
Tanker,Large,131.05,97.0,20.45,8.09,7.59,Medium,169.34,10.15
Container,Small,44.28,86.0,25.45,20.0,3.55,Medium,129.38,2.67
Cargo,Medium,97.01,64.0,26.4,35.64,14.15,High,421.86,4.77
Cargo,Large,160.79,76.0,11.56,2.13,5.07,Low,368.82,17.36
Cargo,Small,33.97,89.0,5.63,6.45,3.06,Low,442.27,9.51
Tanker,Medium,95.79,91.0,6.27,5.31,1.8,Low,294.63,13.55
Container,Small,28.67,65.0,25.58,29.26,10.82,Medium,217.73,2.63
Passenger,Small,43.28,60.0,34.91,12.14,6.44,Medium,135.28,2.12
Container,Small,36.14,88.0,16.38,8.31,7.41,Medium,291.55,4.59
Container,Large,139.77,74.0,6.78,29.64,2.6,Low,309.01,16.7
Cargo,Large,112.52,70.0,30.26,38.07,8.88,Medium,196.47,9.2
Container,Large,192.87,61.0,33.3,16.61,10.7,Medium,468.3,12.02
Tanker,Medium,60.22,82.0,35.22,28.91,13.34,High,319.98,3.53
Cargo,Medium,70.27,94.0,24.27,4.91,8.11,Medium,418.74,9.66
Cargo,Large,109.28,98.0,34.43,46.76,7.19,Medium,310.2,10.13
Cargo,Large,186.17,83.0,0.62,16.84,1.01,Low,158.27,15.91
Container,Small,42.23,81.0,4.29,49.88,4.51,Medium,368.31,5.42
Cargo,Large,162.19,63.0,3.7,48.93,4.11,Low,115.13,14.38
Tanker,Large,168.7,82.0,28.5,38.94,11.53,High,298.3,5.63
Passenger,Large,111.05,75.0,2.78,1.0,0.96,Low,201.18,16.56
Container,Large,108.19,84.0,19.85,27.17,4.23,Medium,74.94,9.19
Container,Large,125.84,76.0,18.91,4.34,3.62,Low,206.62,15.47
Container,Small,25.88,70.0,12.43,44.76,4.74,Medium,155.14,2.96
Container,Medium,90.26,64.0,34.82,39.48,12.26,High,56.11,0.8
Cargo,Medium,61.64,73.0,6.82,48.62,5.11,Medium,411.91,9.89
Passenger,Medium,79.38,64.0,14.1,30.42,5.53,Medium,249.29,8.23
Cargo,Large,111.1,67.0,30.97,26.11,5.96,Medium,173.18,9.47
Passenger,Medium,93.66,99.0,1.22,25.95,1.63,Low,252.48,12.98
Container,Medium,63.39,78.0,26.92,19.32,5.41,Medium,377.29,9.1
Passenger,Medium,52.09,81.0,32.66,23.43,14.25,High,9.15,0.56
Passenger,Medium,65.64,95.0,37.29,31.77,7.8,Medium,273.38,7.05
Cargo,Large,198.44,100.0,35.05,46.65,12.6,High,239.58,4.45
Container,Large,183.58,83.0,12.78,29.79,6.31,Medium,446.54,13.0
Passenger,Small,32.19,92.0,23.45,42.86,6.63,Medium,277.99,3.49
Passenger,Medium,92.82,73.0,3.09,43.14,2.56,Low,68.66,10.61
Passenger,Large,144.67,72.0,10.31,25.94,4.65,Low,194.34,15.24
Tanker,Small,48.22,76.0,3.77,17.37,1.33,Low,310.53,8.24
Tanker,Small,38.45,87.0,12.61,31.98,5.82,Medium,22.97,1.78
Cargo,Small,25.19,87.0,35.01,22.29,15.17,High,442.32,1.71
Tanker,Medium,64.28,73.0,13.89,4.07,3.42,Low,33.89,10.42
Container,Medium,60.15,65.0,22.48,18.89,7.58,Medium,15.3,5.49
Passenger,Small,44.04,85.0,17.34,49.7,10.66,Medium,1.01,0.48
Container,Medium,86.57,65.0,18.36,2.43,5.42,Low,341.87,13.11
Passenger,Small,21.37,83.0,38.78,34.83,21.08,High,227.96,0.0
Tanker,Medium,82.31,88.0,11.85,42.06,4.03,Medium,51.41,6.28
Passenger,Large,180.07,88.0,25.09,32.44,11.25,Medium,428.1,11.65
Passenger,Small,37.86,90.0,16.8,28.49,7.49,Medium,101.36,2.25
Tanker,Large,107.93,95.0,2.45,35.38,2.87,Low,163.16,15.31
Cargo,Large,102.61,80.0,19.57,21.47,3.75,Low,88.86,13.91
Container,Medium,86.02,89.0,32.53,4.57,7.13,Medium,463.38,9.8
Container,Large,146.3,85.0,3.95,48.12,3.01,Low,379.03,17.13
Tanker,Small,48.36,67.0,2.78,21.62,2.4,Low,361.98,8.61
Passenger,Small,37.79,61.0,6.15,33.27,3.33,Low,22.0,4.71
Container,Large,152.92,71.0,30.58,26.57,15.52,High,261.35,5.0
Container,Large,182.52,78.0,28.96,2.73,6.44,Medium,287.73,11.13
Tanker,Small,40.62,85.0,22.6,47.64,5.78,Medium,191.26,2.65
Cargo,Large,140.0,94.0,18.73,39.63,6.08,Medium,160.88,9.67
Cargo,Small,48.69,68.0,35.53,7.45,12.41,High,425.97,2.09
Container,Medium,85.06,65.0,30.67,49.08,15.89,High,11.51,0.01
Container,Large,171.64,99.0,32.48,36.85,10.1,High,312.68,5.76
Tanker,Large,123.32,64.0,32.53,23.62,16.34,High,197.12,4.24
Container,Medium,93.0,79.0,25.71,30.57,6.61,Medium,332.98,8.37
Container,Small,37.25,83.0,18.32,5.34,7.18,Medium,98.96,2.65
Container,Large,134.32,82.0,34.59,28.02,15.04,High,119.33,3.4
Passenger,Large,195.89,63.0,37.04,3.68,7.95,Medium,293.43,10.61
Passenger,Large,180.53,62.0,0.95,27.24,1.47,Low,489.97,18.96
Passenger,Large,186.97,64.0,2.06,27.63,1.89,Low,487.34,18.83
Container,Large,158.25,83.0,38.35,43.72,6.71,Medium,124.49,8.18
Cargo,Small,22.2,82.0,11.09,36.25,6.92,Medium,51.18,1.94
Tanker,Medium,57.59,69.0,34.93,12.48,17.44,High,295.17,3.21
Passenger,Medium,76.76,86.0,15.55,44.42,8.35,Medium,209.99,7.2
Container,Small,49.98,93.0,4.76,28.66,3.29,Low,380.84,8.47
Container,Large,171.87,62.0,3.22,30.32,2.15,Low,263.99,16.46
Container,Large,174.24,80.0,6.26,8.45,1.23,Low,255.29,16.75
Tanker,Large,160.53,88.0,10.0,42.89,6.35,Medium,323.23,11.64
Cargo,Small,45.55,70.0,19.54,46.55,8.65,Medium,63.21,1.26
Container,Large,192.86,72.0,28.06,38.75,12.39,High,338.58,5.97
Passenger,Small,28.64,85.0,39.46,47.04,18.6,High,244.26,0.0
Cargo,Medium,92.92,96.0,17.66,15.11,5.41,Medium,410.07,9.97
Container,Medium,60.81,92.0,20.73,43.06,5.42,Medium,69.35,5.85
Tanker,Small,20.82,83.0,20.87,24.44,9.95,Medium,150.37,2.38
Passenger,Medium,68.86,89.0,21.58,8.2,6.48,Medium,475.12,10.46
Container,Small,45.99,75.0,20.71,33.44,10.59,Medium,276.54,3.4
Tanker,Medium,72.44,86.0,0.35,34.21,1.81,Low,464.65,14.96
Cargo,Medium,69.49,79.0,0.07,14.35,0.73,Low,344.52,14.28
Passenger,Medium,82.22,68.0,3.91,1.37,0.73,Low,463.22,15.54
Passenger,Medium,93.27,88.0,4.06,9.99,2.11,Low,158.91,12.18
Cargo,Medium,76.22,82.0,28.2,19.99,10.3,Medium,45.27,5.21
Cargo,Small,48.6,74.0,8.2,8.38,2.57,Low,401.12,8.98
Tanker,Small,26.62,96.0,35.79,9.7,11.11,Medium,402.23,4.33
Tanker,Medium,80.95,61.0,37.14,19.57,12.86,High,309.41,3.56
Container,Small,29.21,73.0,39.04,48.09,10.05,High,289.79,0.0
Container,Medium,82.39,62.0,37.56,38.21,11.35,High,457.45,4.8
Tanker,Medium,77.07,91.0,10.88,15.99,3.16,Low,88.25,10.9
Passenger,Small,31.36,88.0,20.39,47.58,7.59,Medium,308.27,3.75
Container,Small,41.66,73.0,7.02,32.28,3.72,Low,24.89,4.68
Cargo,Medium,55.65,87.0,32.25,22.77,6.6,Medium,70.43,5.58
Container,Small,32.95,76.0,35.54,23.42,10.32,Medium,218.64,2.31
Cargo,Large,188.69,90.0,34.05,20.54,9.68,Medium,410.6,11.42
Passenger,Medium,96.15,78.0,17.33,11.65,4.3,Low,366.57,13.34
Cargo,Medium,77.13,76.0,30.35,19.33,16.12,High,487.03,5.35
Cargo,Large,146.22,97.0,3.9,26.39,1.82,Low,22.42,14.12
Container,Medium,62.35,70.0,1.61,26.4,1.9,Low,190.68,12.31
Tanker,Medium,77.13,65.0,30.13,38.09,7.02,Medium,79.4,5.42
Passenger,Large,165.58,83.0,17.01,17.94,8.31,Medium,18.48,8.54
Passenger,Medium,86.7,99.0,39.82,35.84,20.34,High,132.2,0.58
Container,Medium,57.0,75.0,3.89,28.9,2.46,Low,122.24,11.4
Container,Large,190.45,62.0,34.23,48.09,17.1,High,210.01,3.72
Cargo,Large,184.98,74.0,19.2,19.26,4.8,Medium,70.04,9.28
Passenger,Small,40.24,80.0,33.09,45.06,7.42,Medium,244.28,2.55
Cargo,Medium,77.08,66.0,32.69,41.03,9.45,High,460.05,5.2
Cargo,Small,28.66,86.0,36.64,31.88,10.27,High,374.09,1.24
Cargo,Medium,82.06,100.0,11.91,32.73,4.72,Medium,421.09,10.09
Cargo,Large,140.27,78.0,37.99,4.23,9.68,Medium,402.36,11.47
Passenger,Small,30.89,74.0,6.07,47.51,3.98,Low,194.81,6.1
Cargo,Large,173.41,76.0,3.28,5.35,1.53,Low,354.48,17.92
Cargo,Small,42.04,65.0,17.26,28.16,4.83,Medium,377.13,5.26
Passenger,Small,38.98,95.0,33.13,16.5,4.38,Medium,102.82,2.0
Cargo,Small,43.35,77.0,18.94,21.49,6.68,Medium,430.13,5.66
Cargo,Medium,76.69,75.0,33.17,30.51,10.79,High,228.87,2.94
Cargo,Medium,99.8,86.0,29.19,45.44,5.89,Medium,8.18,4.72
Cargo,Small,48.09,78.0,8.38,22.88,2.43,Low,321.69,7.9
Tanker,Small,37.23,86.0,37.96,49.39,14.01,High,338.38,0.1
Passenger,Large,179.85,62.0,2.43,29.64,1.95,Low,275.88,16.65
Container,Large,152.52,93.0,35.93,8.03,16.61,High,106.21,3.44
Passenger,Large,107.07,98.0,12.18,9.5,2.54,Low,241.14,16.16
Container,Small,48.03,86.0,20.01,35.81,3.95,Medium,200.06,3.29
Container,Medium,62.89,98.0,16.89,2.52,4.84,Low,487.34,14.69
Tanker,Small,42.53,66.0,6.87,24.02,4.6,Low,412.34,8.64
Tanker,Small,22.67,79.0,14.33,7.41,5.44,Low,380.95,8.2
Passenger,Medium,65.51,84.0,7.72,21.66,2.95,Low,90.54,10.99
Passenger,Medium,66.12,83.0,8.16,37.5,2.75,Low,165.52,11.42
Cargo,Small,32.37,76.0,7.48,22.94,3.35,Low,189.86,6.53
Passenger,Large,189.43,74.0,19.56,8.17,3.98,Low,246.31,15.72
Tanker,Medium,78.14,65.0,31.92,12.6,12.09,Medium,15.11,4.69
Cargo,Large,162.6,76.0,22.76,18.38,8.5,Medium,296.5,11.01
Passenger,Medium,87.24,67.0,35.73,3.48,7.54,Medium,178.93,6.78
Tanker,Medium,50.14,89.0,25.46,29.22,4.71,Medium,280.84,8.08
Tanker,Small,20.76,68.0,27.57,30.38,12.6,High,4.49,0.0
Container,Large,117.73,62.0,26.7,3.11,9.08,Medium,160.72,9.7
Tanker,Medium,67.7,82.0,17.98,20.12,8.86,Medium,384.33,9.26
Container,Large,121.6,84.0,27.57,20.7,6.66,Medium,250.54,10.45
Tanker,Large,167.56,95.0,2.79,16.69,1.84,Low,394.44,18.09
Cargo,Medium,68.44,83.0,34.39,27.89,6.47,Medium,349.48,8.17
Tanker,Medium,52.35,74.0,31.11,17.3,7.61,Medium,427.46,9.21
Container,Medium,90.22,92.0,9.81,20.82,4.6,Low,3.72,9.87
Passenger,Medium,56.03,82.0,30.72,39.88,15.21,High,130.66,1.45
Passenger,Medium,96.2,63.0,0.51,8.11,0.52,Low,274.4,13.7
Passenger,Medium,55.76,83.0,8.69,30.96,5.19,Medium,470.51,10.73
Cargo,Medium,67.17,96.0,2.61,25.28,2.23,Low,339.9,13.74
Cargo,Small,35.78,76.0,31.21,15.25,8.24,Medium,228.29,2.99
Cargo,Small,29.9,72.0,30.23,36.38,15.44,High,65.07,0.0
Cargo,Small,41.15,66.0,32.55,27.56,11.26,High,246.61,0.16
Passenger,Large,117.16,66.0,0.18,23.87,1.26,Low,220.54,16.39
Container,Medium,61.31,77.0,20.05,33.38,7.65,Medium,389.22,9.06
Cargo,Medium,54.2,84.0,28.19,40.11,9.93,Medium,206.67,6.46
Container,Large,178.99,63.0,6.22,48.63,5.16,Medium,159.42,10.19
Passenger,Small,44.66,98.0,25.99,31.47,7.24,Medium,44.86,1.2
Container,Large,162.01,90.0,3.36,43.72,2.57,Low,23.25,13.73
Container,Large,135.08,83.0,7.25,0.05,3.28,Low,219.57,16.3
Container,Medium,66.83,93.0,19.03,26.51,9.51,Medium,173.43,6.9
Passenger,Large,112.91,63.0,26.14,10.73,6.98,Medium,277.66,10.96
Passenger,Large,114.68,79.0,5.83,4.71,1.25,Low,355.96,17.85
Cargo,Medium,51.77,85.0,7.41,26.6,4.07,Low,20.0,10.09
Container,Small,34.83,93.0,8.18,37.34,2.94,Low,248.11,6.83
Container,Small,48.41,91.0,9.55,20.61,3.6,Low,430.99,8.86
Container,Small,42.33,71.0,9.06,33.51,2.89,Low,227.58,6.66
Cargo,Large,178.88,98.0,15.81,24.49,6.59,Medium,260.62,11.07
Tanker,Small,33.4,65.0,26.15,21.85,3.99,Medium,243.4,3.69
Tanker,Medium,53.46,95.0,17.52,14.51,6.89,Medium,194.9,7.69
Container,Small,38.16,99.0,31.04,19.13,12.42,High,55.06,0.0
Container,Medium,67.39,67.0,28.77,17.49,9.36,Medium,63.18,5.51
Container,Small,44.35,89.0,5.06,32.31,2.48,Low,89.54,5.55
Cargo,Medium,92.82,62.0,1.95,5.8,0.56,Low,396.28,14.89
Passenger,Large,187.11,76.0,35.12,4.63,8.14,Medium,137.67,9.11
Container,Small,40.9,81.0,3.19,33.0,2.56,Low,474.06,9.47
Passenger,Large,114.45,83.0,5.93,27.31,3.48,Low,405.09,17.66
Cargo,Medium,59.51,97.0,0.89,21.51,1.16,Low,342.27,14.03
Tanker,Small,31.5,87.0,25.13,7.62,10.04,Medium,360.2,4.59
Cargo,Small,43.51,79.0,23.29,20.55,10.0,Medium,23.82,1.06
Passenger,Medium,76.88,92.0,39.48,39.49,12.94,High,284.19,2.78
Tanker,Small,46.8,98.0,35.48,44.48,10.65,High,470.53,1.98
Tanker,Medium,58.77,61.0,16.43,35.13,8.94,Medium,19.56,5.38
Container,Medium,87.89,99.0,14.86,3.0,6.3,Low,145.51,11.22
Cargo,Small,35.99,63.0,11.87,33.52,7.53,Medium,25.76,1.64
Tanker,Large,111.55,93.0,6.1,12.05,2.12,Low,284.87,16.89
Tanker,Small,28.52,71.0,5.52,15.76,3.34,Low,58.1,5.46
Passenger,Large,157.16,65.0,5.29,9.79,1.2,Low,239.63,16.62
Passenger,Large,138.28,78.0,4.56,38.79,3.15,Low,359.97,17.08
Tanker,Large,171.07,86.0,9.62,32.43,4.37,Low,82.22,14.06
Passenger,Large,133.34,75.0,12.27,30.59,4.92,Medium,377.68,12.46
Passenger,Medium,99.44,62.0,38.46,33.4,15.13,High,30.1,0.2
Container,Small,46.68,84.0,23.14,11.84,4.48,Medium,74.81,2.31
Tanker,Medium,72.4,96.0,39.5,22.23,18.75,High,140.06,1.11
Cargo,Large,191.03,75.0,14.9,31.66,6.36,Medium,398.05,12.37
Container,Small,30.75,69.0,18.31,31.83,10.04,Medium,425.07,5.09
Passenger,Small,28.85,78.0,12.98,39.59,3.29,Low,110.19,5.13
Tanker,Medium,73.39,62.0,7.32,14.36,3.29,Low,47.89,10.7
Container,Medium,71.4,93.0,5.73,38.52,3.44,Low,423.98,14.04
Passenger,Small,38.17,93.0,37.8,22.01,12.52,High,324.68,0.66
Cargo,Large,139.06,84.0,39.47,33.51,17.37,High,78.93,2.41
Passenger,Medium,97.98,74.0,1.8,22.79,1.48,Low,278.86,13.29
Container,Large,100.11,92.0,6.01,47.43,3.47,Low,436.19,17.57
Container,Small,25.66,82.0,16.94,8.97,6.91,Medium,34.76,2.03
Cargo,Medium,56.13,93.0,7.45,33.75,3.99,Low,41.86,10.17
Tanker,Large,144.47,85.0,14.56,28.83,4.26,Medium,136.8,10.04
Container,Large,125.62,91.0,5.16,8.64,1.95,Low,326.13,17.44
Tanker,Large,149.66,84.0,18.26,3.3,5.35,Low,89.0,14.18
Cargo,Small,49.28,77.0,10.87,39.96,6.09,Medium,408.18,5.53
Cargo,Large,158.02,98.0,14.08,7.87,1.82,Low,375.22,17.51
Container,Small,36.8,82.0,3.77,9.33,1.73,Low,280.5,8.06
Tanker,Small,45.53,84.0,17.13,48.92,8.31,Medium,58.03,1.31
Cargo,Large,155.52,69.0,39.33,35.86,17.45,High,494.11,6.51
Tanker,Medium,65.94,85.0,13.15,12.52,6.62,Medium,245.02,8.48
Passenger,Medium,79.97,83.0,35.06,29.55,11.16,High,226.04,2.8
Cargo,Large,176.13,67.0,33.73,26.71,9.33,Medium,497.78,12.22
Cargo,Large,171.61,62.0,38.08,42.22,7.48,Medium,431.93,11.22
Tanker,Large,175.36,84.0,31.6,36.47,9.24,Medium,228.18,9.45
Container,Large,133.43,91.0,26.38,41.59,5.44,Medium,209.4,9.8
Cargo,Small,26.18,81.0,34.26,10.58,14.96,High,47.95,0.0
Container,Small,28.7,69.0,3.03,32.01,2.88,Low,463.26,9.35
Passenger,Medium,76.57,87.0,18.51,2.01,5.04,Low,421.89,13.95
Passenger,Large,145.13,63.0,39.57,3.45,8.24,Medium,155.0,9.08
Passenger,Small,25.36,78.0,30.78,35.68,6.32,Medium,376.66,4.28
Container,Large,133.09,67.0,38.48,1.22,17.01,High,381.36,6.16
Passenger,Medium,51.52,67.0,31.19,28.99,15.52,High,113.96,1.45
Tanker,Small,22.06,68.0,35.0,42.02,9.33,High,306.83,0.54
Cargo,Large,141.73,75.0,28.26,19.0,10.8,Medium,127.51,8.8
Cargo,Large,192.8,62.0,30.42,2.24,6.3,Medium,394.94,12.15
Passenger,Small,26.22,76.0,20.93,35.69,5.76,Medium,76.9,1.83
Passenger,Small,37.56,80.0,36.97,46.48,6.33,Medium,334.45,3.33
Cargo,Small,37.26,79.0,33.0,35.86,12.71,High,163.01,0.0
Tanker,Medium,96.06,75.0,33.76,28.92,6.85,Medium,18.09,4.83
Cargo,Large,141.37,94.0,26.92,11.5,3.4,Low,61.85,13.5
Container,Medium,67.9,66.0,12.18,0.77,1.77,Low,327.45,13.67
Passenger,Small,33.33,80.0,1.43,34.73,2.06,Low,119.96,6.03
Cargo,Small,20.41,62.0,37.43,11.55,14.34,High,315.52,0.62
Cargo,Small,28.74,63.0,23.44,42.91,6.39,Medium,207.41,2.8
Passenger,Small,42.23,83.0,11.93,23.32,6.59,Medium,346.36,5.14
Container,Medium,74.23,83.0,5.97,26.53,2.61,Low,246.47,12.57
Tanker,Large,140.21,95.0,33.18,37.7,9.6,High,154.27,4.17
Passenger,Small,21.23,82.0,33.46,38.97,8.21,Medium,72.91,0.86
Cargo,Large,139.45,98.0,32.58,32.13,8.17,Medium,170.55,9.02
Passenger,Medium,99.28,62.0,25.8,46.92,5.69,Medium,317.45,7.98
Tanker,Medium,63.45,64.0,14.64,49.11,5.65,Medium,370.24,9.02
Passenger,Large,141.5,62.0,12.16,47.34,7.76,Medium,80.17,8.87
Container,Small,21.45,67.0,0.34,41.21,2.19,Low,332.14,8.06
Cargo,Large,113.69,82.0,33.34,35.28,16.77,High,89.64,2.85
Container,Small,24.7,86.0,3.5,33.17,2.16,Low,110.91,5.85
Cargo,Large,181.69,62.0,25.23,5.19,7.38,Medium,265.66,10.95
Passenger,Small,24.27,98.0,20.16,13.57,4.54,Low,144.6,5.51
Tanker,Large,194.61,94.0,21.07,0.28,8.2,Medium,330.8,11.83
Cargo,Medium,57.6,72.0,37.07,6.87,18.44,High,477.89,4.94
Passenger,Medium,93.78,63.0,1.26,21.96,1.63,Low,74.45,11.28
Passenger,Medium,55.83,67.0,30.94,7.33,3.9,Medium,285.26,8.37
Passenger,Medium,80.99,65.0,2.08,45.08,2.73,Low,461.65,14.54
Container,Medium,52.42,65.0,1.53,40.28,2.18,Low,88.26,10.98
Tanker,Large,193.88,81.0,17.19,3.58,2.17,Low,183.43,15.49
Cargo,Large,100.4,70.0,2.52,12.45,0.95,Low,61.81,14.95
Cargo,Medium,50.87,74.0,31.57,40.95,8.69,Medium,321.02,7.54
Passenger,Small,40.56,100.0,21.18,40.15,6.7,Medium,334.57,4.21
Passenger,Medium,51.09,87.0,1.16,47.27,2.67,Low,332.09,13.25
Passenger,Medium,96.62,98.0,1.62,49.88,2.92,Low,271.06,12.54
Cargo,Small,36.77,66.0,24.51,48.81,12.45,High,373.13,1.28
Cargo,Medium,85.64,75.0,32.24,20.51,6.07,Medium,17.94,5.15
Cargo,Large,123.04,82.0,17.51,12.52,3.48,Low,478.76,18.11
Cargo,Large,112.02,63.0,22.18,37.92,9.67,Medium,111.05,8.68
Container,Medium,52.76,60.0,31.99,14.96,11.26,Medium,60.78,5.18
Container,Large,127.06,87.0,24.42,40.32,5.96,Medium,470.57,12.48
Container,Large,114.45,86.0,8.99,26.7,5.3,Low,415.22,17.44
Tanker,Large,102.77,76.0,24.52,39.7,7.66,Medium,382.44,11.44
Cargo,Small,46.72,80.0,25.13,13.79,6.89,Medium,52.37,1.7
Tanker,Medium,65.82,77.0,29.36,25.4,9.14,Medium,403.76,8.75
Tanker,Small,30.26,61.0,24.83,28.2,7.1,Medium,304.51,3.93
Tanker,Medium,78.72,73.0,38.77,47.16,14.88,High,365.95,3.29
Container,Small,29.28,67.0,7.89,13.33,2.68,Low,489.04,9.76
Cargo,Large,128.67,64.0,38.04,46.83,10.09,High,97.22,3.12
Passenger,Small,49.72,98.0,21.53,40.24,11.95,High,252.19,0.45
Passenger,Medium,59.42,84.0,26.88,36.54,7.83,Medium,376.68,8.51
Cargo,Medium,90.11,89.0,3.98,39.34,3.48,Low,216.83,12.03
Tanker,Small,22.15,73.0,15.22,30.27,5.15,Medium,27.33,1.79
Container,Large,144.87,76.0,30.78,12.2,9.05,Medium,55.72,8.27
Cargo,Large,103.8,69.0,28.28,9.47,5.97,Medium,301.05,11.21
Container,Medium,85.17,64.0,1.61,43.32,2.81,Low,142.5,11.4
Tanker,Medium,54.48,67.0,21.86,36.26,10.45,Medium,68.92,5.43
Cargo,Medium,62.74,92.0,3.53,10.66,0.92,Low,169.95,12.42
Container,Large,192.3,87.0,39.83,30.75,6.48,Medium,100.49,8.15
Cargo,Medium,70.6,82.0,35.89,22.38,17.95,High,11.97,0.08
Container,Large,150.28,79.0,0.84,7.93,0.78,Low,75.91,15.28
Cargo,Small,20.93,97.0,34.35,26.59,11.72,High,441.54,1.99
Tanker,Medium,87.51,63.0,36.78,14.08,11.64,High,6.02,0.78
Passenger,Large,102.05,71.0,14.14,4.81,6.25,Low,386.93,17.24
Passenger,Medium,67.95,74.0,28.78,23.35,5.64,Medium,376.73,8.9
Container,Small,45.9,91.0,17.68,29.51,7.87,Medium,282.12,3.96
Passenger,Small,33.93,100.0,26.21,2.35,7.73,Medium,104.22,2.31
Container,Large,102.46,70.0,13.61,20.1,6.41,Medium,439.03,13.07
Passenger,Large,110.99,95.0,12.9,12.88,2.09,Low,237.54,16.06
Tanker,Small,46.24,93.0,16.98,1.53,5.8,Low,86.6,5.21
Passenger,Large,140.72,69.0,5.82,6.28,2.19,Low,214.51,16.31
Tanker,Small,47.02,76.0,33.25,6.95,14.86,High,97.46,0.0
Cargo,Medium,87.36,76.0,13.95,9.14,5.63,Low,188.0,11.64
Tanker,Large,119.02,99.0,16.01,40.17,9.25,Medium,248.34,10.35
Tanker,Small,25.94,67.0,35.76,21.97,17.37,High,179.95,0.0
Container,Medium,89.78,92.0,19.86,7.35,5.6,Medium,328.52,9.19
Tanker,Small,45.08,73.0,21.77,5.01,3.62,Low,467.96,8.93
Passenger,Large,158.14,89.0,38.26,14.9,14.22,High,174.07,4.11
Tanker,Large,181.23,77.0,35.47,39.9,17.94,High,177.87,3.41
Container,Large,142.99,83.0,6.78,18.22,1.79,Low,369.15,17.61
Passenger,Medium,86.2,93.0,18.93,7.99,6.52,Medium,265.3,8.49
Passenger,Medium,82.55,92.0,38.85,20.21,6.68,Medium,214.42,6.73
Container,Large,195.74,95.0,14.89,27.77,3.04,Low,406.9,17.27
Cargo,Large,108.49,62.0,14.86,1.48,5.6,Low,445.52,17.92
Passenger,Small,36.64,88.0,7.8,31.38,4.48,Low,295.29,7.29
Container,Small,27.13,66.0,4.57,19.76,2.54,Low,92.55,5.85
Container,Large,134.52,77.0,29.61,0.49,13.16,Medium,233.14,9.93
Cargo,Small,25.64,82.0,30.8,33.69,5.76,Medium,252.19,3.13
Passenger,Large,167.62,76.0,38.76,35.62,7.29,Medium,216.1,9.18
Container,Small,35.28,81.0,30.94,31.44,15.37,High,131.22,0.0
Passenger,Large,107.17,100.0,9.73,17.1,3.79,Low,236.16,15.95
Tanker,Large,173.21,65.0,1.6,26.48,1.66,Low,223.27,16.26
Container,Medium,87.73,87.0,39.42,19.36,16.55,High,104.75,1.03
Passenger,Medium,75.37,76.0,13.62,35.03,7.99,Medium,451.72,9.94
Passenger,Medium,94.17,65.0,12.48,29.18,6.15,Medium,442.67,10.2
Cargo,Large,155.78,66.0,36.24,4.09,15.31,High,379.81,6.37
Cargo,Large,192.02,98.0,23.4,32.15,6.59,Medium,200.47,9.93
Tanker,Medium,59.24,95.0,8.59,34.36,3.57,Low,185.17,11.58
Tanker,Small,28.05,96.0,35.56,18.54,16.77,High,358.23,0.76
Cargo,Large,175.92,100.0,39.73,43.79,15.93,High,304.06,4.59
Container,Small,23.27,68.0,3.47,42.15,2.78,Low,300.3,7.51
Tanker,Large,121.92,74.0,34.49,8.76,11.12,Medium,62.06,8.01
Container,Small,40.89,87.0,15.62,45.21,8.11,Medium,309.14,4.0
Container,Small,35.15,79.0,20.96,22.04,5.03,Medium,450.93,5.92
Container,Small,28.71,77.0,36.59,36.19,15.05,High,42.91,0.0
Tanker,Small,43.41,74.0,38.94,40.7,6.59,Medium,169.59,1.68
Tanker,Large,125.6,84.0,10.49,25.26,3.59,Low,254.51,15.96
Passenger,Large,120.95,83.0,8.51,19.96,4.14,Low,343.0,16.99
Passenger,Small,25.71,66.0,3.22,45.77,2.8,Low,44.82,4.89
Container,Small,29.62,79.0,22.47,11.54,4.82,Medium,436.4,5.93
Cargo,Large,175.49,82.0,0.54,12.85,0.89,Low,20.27,14.63
Container,Large,139.97,83.0,16.48,18.08,7.0,Medium,428.84,12.8
Tanker,Large,192.16,68.0,2.94,42.97,3.03,Low,13.83,13.63
Passenger,Medium,90.2,90.0,16.21,46.94,5.34,Medium,76.76,6.08
Passenger,Small,22.9,61.0,1.6,11.0,0.93,Low,400.16,9.41
Passenger,Small,40.64,74.0,33.41,43.19,13.18,High,430.08,1.45
Cargo,Medium,76.26,91.0,8.39,12.91,2.01,Low,491.13,15.23
Tanker,Small,47.03,83.0,13.13,48.53,6.27,Medium,57.86,1.72
Passenger,Large,174.63,70.0,34.8,29.87,10.67,High,263.23,5.23
Tanker,Large,189.3,88.0,29.85,0.35,8.69,Medium,38.58,8.42
Container,Large,145.23,83.0,8.76,1.71,1.33,Low,78.2,14.98
Cargo,Large,188.55,92.0,2.88,7.37,0.78,Low,87.25,15.3
Passenger,Small,24.66,89.0,28.63,9.38,14.37,High,31.69,0.0
Tanker,Large,106.82,84.0,15.63,38.38,9.61,Medium,446.49,12.35
Container,Small,33.21,80.0,30.64,11.14,8.84,Medium,63.18,1.39
Tanker,Small,49.68,65.0,17.81,48.46,9.82,Medium,314.67,3.7
Cargo,Medium,52.33,70.0,13.84,31.81,6.6,Medium,312.87,8.74
Cargo,Large,144.72,77.0,18.05,34.63,4.38,Medium,99.32,9.36
Tanker,Medium,57.82,84.0,29.94,10.89,7.09,Medium,499.21,10.17
Passenger,Medium,61.75,81.0,36.09,44.64,10.37,High,173.68,2.0
Tanker,Small,41.17,72.0,1.99,33.39,2.34,Low,452.55,9.32
Cargo,Small,40.72,60.0,20.96,43.22,9.12,Medium,474.14,5.32
Tanker,Large,154.68,80.0,1.31,47.82,3.01,Low,474.49,18.22
Container,Large,152.62,71.0,18.74,6.28,8.11,Medium,376.42,12.29
Cargo,Large,121.76,89.0,35.41,4.83,15.92,High,126.9,3.81
Container,Large,101.39,61.0,14.46,40.17,8.61,Medium,60.33,8.62
Tanker,Large,105.15,83.0,37.3,43.31,17.85,High,284.94,4.33
Tanker,Small,31.92,98.0,25.22,29.19,7.34,Medium,180.02,2.62
Tanker,Medium,89.46,67.0,37.37,18.3,7.87,Medium,415.52,8.73
Container,Large,142.83,79.0,30.29,32.63,11.59,High,372.5,6.4
Container,Large,158.53,64.0,4.14,15.28,2.32,Low,138.23,15.44
Cargo,Large,138.72,85.0,9.25,11.92,2.95,Low,8.51,13.89
Cargo,Large,164.36,82.0,15.77,24.41,8.15,Medium,118.66,9.49
Passenger,Medium,65.51,76.0,6.8,10.81,3.83,Low,283.56,13.1
Tanker,Large,174.84,81.0,19.8,24.19,7.7,Medium,39.5,8.55
Tanker,Medium,62.31,96.0,18.85,47.83,7.72,Medium,329.14,8.22
Cargo,Large,126.56,68.0,38.25,41.99,18.82,High,335.85,4.72
Container,Small,36.44,61.0,17.35,47.08,4.26,Medium,84.7,2.01
Tanker,Small,20.15,94.0,31.43,40.32,6.78,Medium,298.16,3.33
Tanker,Medium,94.73,83.0,37.68,17.74,17.4,High,303.49,3.06
Cargo,Medium,54.45,96.0,35.08,40.6,15.81,High,238.99,2.24
Passenger,Small,32.89,84.0,8.35,46.15,4.53,Medium,476.62,6.37
Container,Small,32.26,92.0,19.84,47.35,11.41,High,54.08,0.0
Cargo,Small,27.04,77.0,13.91,34.16,5.05,Medium,203.31,3.55
Container,Small,42.84,90.0,15.99,10.57,6.18,Medium,441.46,6.19
Passenger,Large,144.01,97.0,14.43,1.99,5.2,Low,193.16,15.45
Tanker,Large,176.07,83.0,33.05,7.36,6.11,Medium,212.32,10.11
Passenger,Medium,97.62,67.0,18.09,48.28,6.28,Medium,334.14,8.44
Tanker,Large,130.28,71.0,20.95,23.1,10.93,Medium,332.78,11.13
Container,Small,39.94,68.0,39.3,42.75,8.95,High,11.45,0.0
Container,Medium,63.25,70.0,2.4,23.25,1.57,Low,227.85,12.74
Passenger,Small,29.95,72.0,19.52,33.04,7.35,Medium,166.76,2.7
Container,Small,42.72,82.0,30.96,1.21,4.3,Medium,313.85,4.54
Tanker,Large,191.3,84.0,6.05,12.49,3.39,Low,277.85,16.69
Tanker,Medium,91.77,77.0,24.46,21.81,4.52,Medium,325.43,8.74
Container,Medium,73.24,85.0,9.58,31.53,4.9,Low,326.88,12.87
Tanker,Large,143.03,63.0,34.7,8.58,8.62,Medium,127.44,8.91
Tanker,Small,28.61,64.0,13.08,38.23,7.43,Medium,123.23,2.47
Tanker,Large,176.1,67.0,13.16,18.22,5.33,Low,185.14,15.1
Tanker,Medium,89.66,81.0,23.93,40.87,8.15,Medium,120.98,5.98
Container,Small,38.35,69.0,7.34,4.9,3.87,Low,341.4,8.36
Container,Large,182.3,71.0,11.4,33.99,3.14,Low,301.43,16.25
Passenger,Large,189.69,76.0,16.67,14.67,6.25,Medium,108.19,9.73
Container,Medium,76.69,92.0,14.15,39.77,9.0,Medium,442.05,9.62
Passenger,Small,44.77,61.0,21.0,20.11,8.91,Medium,230.33,3.36
Passenger,Large,106.93,86.0,23.99,33.27,11.16,Medium,63.53,8.05
Cargo,Small,42.98,87.0,22.67,46.72,4.89,Medium,106.48,1.91
Tanker,Large,155.58,92.0,26.17,1.03,2.89,Low,269.93,15.88
Cargo,Large,173.95,97.0,12.31,0.56,1.44,Low,169.21,15.72
Cargo,Medium,50.03,61.0,5.06,38.51,4.44,Low,425.61,13.99
Container,Large,136.96,66.0,30.43,32.32,16.58,High,247.37,4.65
Cargo,Medium,90.86,95.0,34.03,14.65,8.69,Medium,457.65,9.31
Passenger,Medium,76.4,78.0,10.28,24.72,3.46,Low,50.91,10.35
Cargo,Small,46.86,83.0,16.28,2.1,2.68,Low,334.3,8.02
Tanker,Large,178.75,87.0,19.94,9.62,5.1,Medium,442.89,13.13
Passenger,Large,181.64,87.0,21.33,21.22,6.35,Medium,146.47,9.74
Cargo,Small,38.82,97.0,26.38,41.7,12.62,High,67.84,0.0
Passenger,Medium,68.91,100.0,1.66,23.98,1.94,Low,228.32,12.73
Cargo,Small,40.48,89.0,28.86,29.32,12.97,High,480.67,2.48
Passenger,Large,196.47,71.0,2.48,43.69,3.07,Low,316.73,16.66
Passenger,Small,35.17,95.0,18.73,15.44,8.38,Medium,321.99,4.54
Tanker,Medium,76.3,62.0,33.11,35.03,14.84,High,335.75,3.52
Tanker,Large,127.16,69.0,18.05,43.08,7.39,Medium,19.88,8.1
Cargo,Large,179.09,96.0,5.96,10.13,1.9,Low,222.82,16.34
Tanker,Large,149.33,70.0,39.4,17.82,9.29,Medium,38.79,7.53
Cargo,Large,112.46,69.0,35.57,48.99,15.67,High,157.93,3.25
Tanker,Medium,91.85,66.0,30.85,49.16,17.38,High,410.8,3.84
Passenger,Large,118.76,94.0,16.46,11.16,6.03,Medium,328.13,12.03
Cargo,Medium,85.64,80.0,7.35,3.32,3.58,Low,497.79,15.39
Tanker,Large,143.2,87.0,37.66,13.55,4.66,Medium,86.08,8.64
Tanker,Medium,69.13,70.0,21.29,19.89,9.89,Medium,198.53,7.13
Cargo,Small,28.69,90.0,34.09,22.05,16.15,High,404.82,1.29
Container,Large,172.68,90.0,13.68,30.94,6.37,Medium,107.85,9.54
Cargo,Large,196.58,73.0,13.41,44.98,8.6,Medium,76.86,8.74
Passenger,Small,27.47,76.0,39.42,16.52,14.07,High,213.81,0.0
Cargo,Large,198.36,68.0,20.87,42.5,6.22,Medium,191.86,9.8
Passenger,Small,40.52,99.0,5.63,4.67,1.28,Low,490.1,10.2
Cargo,Small,28.56,86.0,8.79,2.09,2.94,Low,228.13,7.31
Cargo,Medium,66.05,97.0,19.28,25.2,10.18,Medium,430.47,9.42
Cargo,Large,188.2,72.0,1.7,2.98,0.37,Low,443.98,19.06
Tanker,Large,150.2,91.0,18.5,19.62,7.3,Medium,78.94,9.14
Cargo,Medium,58.29,91.0,16.76,44.84,9.08,Medium,357.65,8.53
Passenger,Medium,51.83,88.0,31.17,12.07,5.16,Medium,138.8,6.67
Passenger,Small,26.8,99.0,14.2,35.3,3.85,Medium,47.37,2.07
Cargo,Small,34.56,76.0,39.3,15.12,10.44,Medium,437.35,4.46
Cargo,Large,164.89,65.0,7.23,2.25,1.63,Low,146.22,15.69
Tanker,Small,22.31,87.0,23.64,27.83,5.63,Medium,172.68,2.83
Tanker,Medium,85.54,89.0,3.59,41.74,2.73,Low,161.99,11.53
Passenger,Large,165.91,83.0,29.35,20.47,5.49,Medium,100.15,8.98
Cargo,Medium,91.6,68.0,39.79,30.86,15.24,High,217.25,2.04
Container,Large,173.22,80.0,32.77,45.0,14.55,High,214.15,4.15
Container,Small,32.54,72.0,22.23,39.48,10.45,Medium,204.38,2.5
Tanker,Large,130.06,77.0,19.39,9.69,6.55,Medium,458.15,13.16
Cargo,Medium,61.14,86.0,33.4,36.67,17.9,High,169.88,1.51
Tanker,Medium,95.37,90.0,37.44,25.09,18.19,High,15.19,0.0
Passenger,Medium,72.31,69.0,39.57,37.3,20.98,High,89.22,0.07
Container,Medium,99.03,76.0,15.86,24.73,5.29,Medium,360.75,9.39
Tanker,Small,34.44,71.0,39.64,6.4,18.2,High,295.43,0.02
Passenger,Medium,97.17,68.0,6.24,28.5,3.95,Low,475.87,14.68
Passenger,Medium,55.23,91.0,10.14,24.61,3.62,Low,347.22,13.31
Tanker,Medium,58.82,96.0,3.56,25.9,1.8,Low,97.12,11.3
Tanker,Large,176.29,75.0,10.87,43.95,6.25,Medium,60.32,8.96
Cargo,Large,169.94,90.0,30.72,44.74,6.99,Medium,260.38,9.87
Passenger,Medium,65.75,96.0,34.12,22.68,8.56,Medium,332.63,7.91
Tanker,Large,155.26,94.0,31.16,22.79,10.49,Medium,82.82,8.17
Tanker,Large,172.83,67.0,25.24,25.76,10.68,Medium,300.85,10.56
Tanker,Large,134.64,98.0,20.56,25.98,10.97,Medium,432.51,12.08
Cargo,Medium,61.93,75.0,28.35,47.52,11.94,High,363.78,4.08
Container,Large,134.69,74.0,15.63,32.47,7.38,Medium,332.1,11.55
Tanker,Small,27.76,62.0,33.65,13.87,8.23,Medium,394.67,4.56
Passenger,Small,36.41,79.0,27.09,26.58,11.49,Medium,52.04,0.89
Passenger,Medium,68.6,64.0,27.91,31.36,9.25,Medium,101.92,5.67
Container,Large,135.9,70.0,21.44,31.99,11.09,Medium,19.05,7.77
Tanker,Large,124.41,73.0,35.41,29.26,10.56,High,72.49,3.31
Cargo,Medium,72.37,92.0,10.08,8.89,3.34,Low,456.59,14.75
Container,Large,169.7,95.0,15.25,1.68,4.25,Low,111.07,14.69
Tanker,Large,196.85,72.0,31.11,16.89,14.05,High,331.05,6.01
Tanker,Medium,56.43,94.0,19.71,21.38,10.56,Medium,345.78,8.59
Cargo,Large,146.71,94.0,35.57,3.09,8.37,Medium,322.66,10.95
Container,Large,197.05,91.0,13.86,40.75,6.06,Medium,276.96,11.06
Passenger,Large,111.72,66.0,14.77,17.2,6.51,Medium,243.07,11.1
Passenger,Medium,81.1,88.0,35.55,45.68,18.57,High,209.96,1.55
Container,Large,117.49,98.0,18.57,7.72,5.91,Medium,458.45,13.31
Container,Small,44.36,87.0,20.64,2.85,3.11,Low,4.76,4.45
Container,Large,135.11,73.0,13.31,24.12,4.5,Low,26.74,13.47
Tanker,Large,177.12,80.0,11.07,9.46,4.02,Low,246.26,16.12
Passenger,Medium,97.26,86.0,26.24,46.87,9.35,Medium,165.26,6.07
Passenger,Small,30.22,80.0,4.79,0.52,0.86,Low,204.12,7.51
Container,Large,159.45,65.0,35.17,20.63,5.07,Medium,498.92,12.71
Cargo,Large,145.43,72.0,31.17,46.34,14.0,High,387.57,5.99
Container,Small,41.56,92.0,7.63,19.22,4.75,Low,438.7,8.95
Cargo,Small,34.14,94.0,27.76,4.66,13.22,Medium,184.29,2.44
Cargo,Large,141.32,65.0,24.11,15.14,9.76,Medium,119.78,9.11
Cargo,Large,136.58,98.0,7.38,24.9,4.47,Low,384.0,17.33
Tanker,Medium,98.69,73.0,10.93,9.26,2.67,Low,403.79,14.24
Passenger,Medium,63.98,86.0,16.36,23.33,6.88,Medium,274.95,8.38
Tanker,Large,197.0,90.0,27.97,41.82,5.57,Medium,447.97,12.09
Container,Medium,61.12,92.0,25.55,43.63,11.96,High,483.66,5.49
Cargo,Large,181.14,98.0,21.29,2.46,10.51,Medium,235.51,10.59
Tanker,Medium,56.29,73.0,30.74,8.05,14.06,High,111.33,2.01
Cargo,Medium,73.33,94.0,30.32,13.76,10.2,Medium,258.56,7.37
Tanker,Large,194.33,65.0,24.71,29.74,11.75,Medium,494.77,12.34
Tanker,Small,30.42,88.0,31.48,18.05,15.94,High,146.46,0.0
Cargo,Small,33.07,90.0,13.37,42.2,4.6,Medium,308.8,4.52
Passenger,Small,34.29,87.0,35.25,35.83,16.5,High,346.99,0.34
Container,Small,27.64,70.0,24.6,5.02,5.37,Medium,106.96,2.6
Container,Small,20.77,95.0,32.89,31.23,16.39,High,294.23,0.03
Container,Small,34.94,67.0,21.85,5.65,3.33,Low,157.25,5.83
Passenger,Medium,77.96,62.0,8.74,12.75,2.13,Low,427.1,14.57
Cargo,Medium,60.44,89.0,21.7,8.89,8.87,Medium,357.38,9.02
Cargo,Small,23.89,79.0,14.84,8.65,2.95,Low,413.13,8.72
Tanker,Small,46.37,94.0,27.9,30.82,6.09,Medium,99.84,1.78
Cargo,Small,48.59,75.0,19.03,28.18,7.54,Medium,17.29,1.3
Container,Medium,81.08,67.0,33.44,8.8,14.95,High,425.26,4.91
Container,Medium,94.27,93.0,27.12,49.51,8.1,Medium,193.38,6.38
Passenger,Medium,98.28,82.0,27.38,21.09,13.0,High,89.86,1.81
Tanker,Large,146.47,68.0,8.69,4.85,3.92,Low,45.95,14.34
Container,Small,24.2,89.0,39.37,6.03,13.36,High,258.25,0.16
Tanker,Medium,95.14,80.0,33.67,29.19,13.53,High,75.06,1.13
Container,Medium,76.39,84.0,31.56,48.95,6.11,Medium,283.35,7.27
Container,Large,138.46,78.0,13.21,28.6,4.69,Medium,363.65,12.34
Cargo,Medium,94.38,93.0,21.43,47.45,6.77,Medium,267.53,7.58
Passenger,Medium,99.69,93.0,5.48,22.21,1.99,Low,451.85,14.8
Passenger,Small,41.72,88.0,21.54,21.79,6.6,Medium,77.78,2.0
Container,Medium,70.95,64.0,5.84,25.0,2.66,Low,246.98,12.61
Container,Small,33.03,94.0,22.12,34.87,10.4,Medium,81.6,1.37
Cargo,Large,139.8,87.0,25.95,18.38,9.72,Medium,437.95,12.14
Cargo,Small,24.95,88.0,15.61,43.19,9.42,Medium,466.12,5.47
Cargo,Large,190.38,75.0,19.94,1.46,3.23,Low,200.0,15.45
Container,Medium,98.39,95.0,35.03,21.99,5.44,Medium,152.87,6.39
Cargo,Large,102.4,89.0,4.34,25.55,2.64,Low,139.66,15.2
Cargo,Small,33.1,65.0,31.67,30.35,4.7,Medium,429.86,5.04
Cargo,Medium,83.88,76.0,6.83,13.8,3.53,Low,341.22,13.64
Tanker,Large,157.86,95.0,1.47,21.37,1.51,Low,440.3,18.55
Tanker,Medium,57.79,62.0,7.42,24.23,3.4,Low,58.76,10.59
Passenger,Small,45.56,98.0,30.6,34.35,9.21,Medium,238.01,2.64
Cargo,Medium,73.56,87.0,16.21,38.68,5.99,Medium,338.09,8.8
Container,Small,35.98,85.0,34.9,36.89,11.35,High,448.55,1.87
Container,Medium,67.13,71.0,20.99,17.08,3.09,Low,191.01,11.41
Container,Large,112.51,70.0,0.89,49.97,2.62,Low,156.55,15.06
Passenger,Small,37.32,98.0,28.67,42.43,10.78,High,456.48,2.2
Cargo,Medium,79.99,72.0,4.41,13.0,1.36,Low,23.77,10.82
Tanker,Medium,91.61,91.0,31.58,9.76,13.48,High,239.8,3.28
Passenger,Medium,85.4,76.0,6.72,15.7,2.19,Low,229.31,12.62
Passenger,Small,49.9,66.0,13.82,22.62,3.05,Low,73.03,5.08
Passenger,Medium,75.84,60.0,30.45,42.54,8.04,Medium,197.48,6.4
Container,Small,36.04,82.0,38.17,38.92,11.22,High,361.3,0.8
Container,Large,136.82,99.0,14.86,42.56,3.82,Medium,183.43,10.26
Container,Small,21.13,75.0,33.18,13.6,5.88,Medium,154.83,2.43
Tanker,Medium,89.46,74.0,7.63,29.67,3.23,Low,390.95,13.81
Cargo,Medium,92.91,74.0,32.29,14.16,7.95,Medium,494.36,9.85
Passenger,Large,170.43,81.0,26.3,5.45,11.32,Medium,389.68,11.74
Container,Small,25.37,78.0,7.71,34.21,5.08,Medium,423.17,6.05
Cargo,Small,35.01,95.0,12.1,7.15,2.5,Low,469.75,9.5
Container,Medium,90.1,80.0,5.27,33.38,2.46,Low,400.89,14.03
Container,Large,174.09,80.0,15.32,32.4,7.04,Medium,490.18,13.18
Container,Small,35.5,66.0,8.15,40.51,5.46,Medium,373.64,5.37
Cargo,Small,26.26,99.0,25.76,6.98,12.86,Medium,330.76,3.99
Passenger,Large,164.41,70.0,39.78,39.17,6.04,Medium,346.67,10.49
Passenger,Large,100.62,63.0,0.48,49.96,2.63,Low,450.04,18.01
Tanker,Medium,95.05,87.0,21.64,42.55,10.64,Medium,341.5,8.02
Passenger,Large,146.89,84.0,22.95,37.59,11.78,High,380.6,6.73
Tanker,Small,46.85,77.0,36.57,33.11,6.22,Medium,108.0,1.37
Cargo,Small,20.37,77.0,20.24,21.09,8.59,Medium,456.32,5.67
Passenger,Large,151.23,91.0,21.75,36.53,6.52,Medium,223.61,10.17
Passenger,Large,177.09,68.0,18.87,36.21,4.26,Medium,80.53,9.11
Container,Large,114.8,93.0,10.76,31.57,4.76,Medium,399.89,12.75
Tanker,Small,45.43,86.0,2.24,39.81,2.36,Low,178.2,6.44
Cargo,Medium,52.08,77.0,16.35,22.44,7.58,Medium,92.06,6.5
Tanker,Large,185.04,78.0,2.1,6.06,1.14,Low,128.13,15.74
Tanker,Medium,92.58,70.0,22.02,27.95,11.02,Medium,17.47,5.01
Container,Medium,66.19,90.0,12.29,13.25,3.75,Low,45.31,10.4
Passenger,Small,46.53,81.0,21.34,19.22,3.21,Low,296.31,6.99
Cargo,Large,166.93,73.0,5.37,0.87,1.14,Low,433.11,18.73
Passenger,Medium,71.43,84.0,37.31,19.14,11.67,High,224.27,2.83
Container,Small,37.34,100.0,35.78,40.44,15.53,High,313.03,0.0
Passenger,Large,106.09,77.0,7.6,27.14,3.28,Low,404.87,17.6
Container,Medium,68.78,97.0,13.74,0.49,4.34,Low,178.38,11.85
Cargo,Large,140.75,74.0,24.54,23.49,8.77,Medium,327.16,11.1
Cargo,Small,20.49,62.0,3.83,14.57,1.36,Low,175.22,6.93
Passenger,Medium,66.62,68.0,14.18,23.88,6.15,Medium,321.36,9.01
Cargo,Small,27.6,77.0,10.04,20.23,3.78,Low,108.8,5.6
Passenger,Medium,69.91,69.0,36.62,46.6,17.83,High,488.92,4.34
Tanker,Large,109.91,60.0,34.1,2.06,12.93,Medium,38.09,7.74
Container,Small,27.16,97.0,23.19,34.18,5.06,Medium,252.62,3.58
Passenger,Large,192.49,94.0,20.81,42.55,8.28,Medium,143.15,9.11
Cargo,Medium,90.37,90.0,37.23,47.96,16.58,High,300.42,2.53
Cargo,Medium,79.44,67.0,37.3,8.88,5.47,Medium,214.15,7.15
Cargo,Large,159.47,65.0,38.77,26.57,17.5,High,153.33,3.31
Cargo,Medium,83.45,63.0,5.02,2.18,1.06,Low,125.02,12.05
Tanker,Medium,72.94,89.0,6.42,24.96,3.18,Low,91.25,10.97
Tanker,Medium,56.16,97.0,27.07,6.27,13.2,Medium,391.44,8.72
Passenger,Large,153.05,77.0,21.66,41.89,9.21,Medium,111.1,8.67
Passenger,Medium,86.61,65.0,0.74,5.69,0.48,Low,386.76,14.87
Passenger,Large,140.14,80.0,2.48,25.66,1.54,Low,242.52,16.43
Cargo,Large,109.66,74.0,35.52,26.05,6.75,Medium,36.11,7.79
Container,Small,30.3,75.0,34.75,48.58,13.95,High,82.72,0.0
Cargo,Large,147.54,85.0,14.29,32.75,5.89,Medium,446.45,12.91
Tanker,Small,21.43,89.0,35.64,14.39,9.47,Medium,301.41,3.4
Cargo,Large,129.34,64.0,23.75,12.04,11.75,Medium,92.17,8.72
Container,Large,171.37,61.0,32.24,6.41,7.83,Medium,351.88,11.4
Cargo,Medium,80.02,100.0,17.1,37.83,7.28,Medium,411.63,9.38
Tanker,Small,30.02,69.0,4.54,34.54,3.21,Low,165.33,6.21
Container,Medium,65.69,62.0,17.35,30.49,6.92,Medium,278.3,8.21
Passenger,Medium,53.65,68.0,18.29,2.04,5.43,Low,146.72,11.17
Passenger,Large,140.64,62.0,22.04,38.14,7.08,Medium,40.03,8.23
Tanker,Medium,87.19,76.0,4.22,32.09,3.56,Low,199.75,11.99
Cargo,Medium,87.0,92.0,39.66,48.19,13.53,High,375.72,3.46
Cargo,Medium,79.65,74.0,9.77,29.36,4.51,Low,229.34,11.97
Container,Medium,76.99,78.0,7.94,15.2,3.64,Low,202.63,12.16
Cargo,Medium,86.93,87.0,21.07,19.08,3.63,Low,183.0,11.23
Passenger,Medium,51.12,80.0,21.49,8.79,9.3,Medium,229.46,7.71
Container,Medium,72.61,94.0,17.59,36.15,7.17,Medium,159.11,6.87
Container,Small,24.68,95.0,30.88,35.39,12.97,High,306.09,0.51
Passenger,Large,156.63,60.0,20.67,10.03,8.95,Medium,31.78,8.59
Cargo,Medium,78.73,91.0,24.39,7.92,11.36,Medium,403.69,9.12
Tanker,Medium,68.97,78.0,28.95,3.85,7.63,Medium,86.58,6.18
Cargo,Large,105.56,100.0,1.0,45.6,2.7,Low,316.72,16.74
Container,Large,167.74,79.0,22.83,11.65,5.23,Medium,224.94,10.75
Tanker,Small,45.29,99.0,35.37,17.21,13.74,High,386.75,1.38
Tanker,Small,39.67,90.0,0.7,14.03,0.8,Low,413.07,9.54
Tanker,Large,195.73,70.0,16.21,20.68,2.78,Low,102.1,14.32
Tanker,Medium,61.1,82.0,37.05,35.7,6.91,Medium,338.59,7.73
Passenger,Small,44.46,100.0,14.13,43.53,5.39,Medium,94.95,2.23
Container,Small,21.24,94.0,18.35,9.13,2.52,Low,62.0,5.07
Passenger,Medium,90.87,64.0,39.26,34.32,15.54,High,465.15,4.45
Tanker,Small,44.11,88.0,7.97,17.63,2.69,Low,82.19,5.6
Tanker,Small,45.73,74.0,2.61,49.03,3.48,Low,114.07,5.48
Passenger,Small,40.98,60.0,34.38,14.95,4.82,Medium,65.16,1.55
Tanker,Medium,69.9,76.0,34.74,0.36,6.5,Medium,235.15,7.56
Tanker,Large,158.24,69.0,18.88,25.78,6.26,Medium,459.8,12.91
Cargo,Small,41.87,93.0,20.57,7.54,5.58,Medium,132.03,2.98
Passenger,Large,164.05,73.0,33.43,2.22,5.21,Medium,270.93,10.87
Passenger,Small,32.13,93.0,29.54,34.91,16.45,High,205.73,0.0
Cargo,Large,130.31,60.0,10.61,36.61,4.1,Low,168.0,14.81
Passenger,Small,43.82,72.0,0.68,23.03,1.42,Low,286.08,8.02
Tanker,Large,170.05,70.0,19.19,33.84,5.3,Medium,279.45,11.03
Container,Large,181.95,69.0,34.36,26.91,16.85,High,179.68,3.86
Cargo,Medium,67.32,63.0,35.83,31.49,10.71,High,425.28,4.76
Container,Medium,91.37,67.0,38.25,29.84,19.1,High,26.59,0.0
Tanker,Large,128.02,82.0,35.18,33.29,9.99,High,42.62,3.0
Passenger,Large,118.79,72.0,23.2,9.98,2.9,Low,495.39,18.1
Tanker,Medium,92.99,77.0,17.78,13.44,6.13,Medium,373.84,9.57
Cargo,Medium,51.69,75.0,30.99,22.0,10.7,Medium,401.96,8.56
Cargo,Large,105.73,95.0,29.59,22.31,5.49,Medium,301.35,10.94
Tanker,Small,44.66,96.0,21.53,38.72,6.11,Medium,209.93,3.04
Cargo,Medium,60.12,80.0,3.49,18.37,2.36,Low,314.61,13.57
Container,Small,33.6,73.0,37.04,8.13,4.66,Medium,46.29,1.38
Tanker,Medium,59.11,64.0,18.22,12.57,6.02,Medium,378.88,9.62
Container,Small,36.57,98.0,14.53,10.74,5.07,Low,270.37,7.06
Passenger,Large,110.37,62.0,25.18,36.58,11.28,Medium,478.37,12.07
Cargo,Medium,90.49,72.0,26.95,23.52,4.27,Medium,318.74,8.54
Cargo,Medium,71.43,72.0,8.43,35.43,4.59,Low,75.85,10.37
Tanker,Medium,81.84,73.0,33.48,20.81,4.43,Medium,238.78,7.45
Cargo,Medium,86.8,67.0,11.6,44.49,4.61,Medium,28.91,5.96
Container,Large,119.1,91.0,7.47,49.18,4.7,Medium,372.71,12.3
Container,Small,39.27,65.0,16.26,33.49,9.23,Medium,250.92,3.5
Cargo,Small,40.46,85.0,29.22,43.19,6.56,Medium,184.83,2.27
Container,Medium,65.33,65.0,38.62,25.4,7.75,Medium,484.27,9.23
Cargo,Medium,54.88,63.0,32.37,46.73,14.24,High,470.3,4.73
Cargo,Large,165.14,96.0,37.61,41.58,11.48,High,476.42,6.9
Container,Large,167.95,68.0,5.62,49.59,4.44,Medium,110.49,9.79
Cargo,Large,127.49,93.0,2.85,31.15,2.98,Low,364.28,17.38
Tanker,Large,100.52,82.0,22.31,38.96,12.99,High,472.69,7.53
Passenger,Medium,70.34,63.0,11.61,27.14,4.16,Low,285.44,12.52
Passenger,Large,199.71,98.0,33.12,12.96,10.64,Medium,107.08,8.49
Cargo,Medium,97.44,70.0,26.88,17.74,13.3,High,408.91,5.06
Tanker,Medium,84.78,94.0,38.83,44.7,7.55,Medium,439.96,8.41
Passenger,Small,41.98,67.0,10.19,2.8,3.0,Low,351.62,8.45
Cargo,Large,166.63,94.0,19.43,29.57,6.36,Medium,146.78,9.67
Container,Large,143.95,61.0,20.05,18.62,5.3,Medium,95.35,9.45
Passenger,Medium,95.28,80.0,9.57,19.33,5.73,Low,312.13,12.88
Container,Medium,87.2,91.0,23.6,44.23,11.5,High,241.4,3.2
Cargo,Medium,92.4,97.0,17.73,42.69,6.66,Medium,334.39,8.54
Tanker,Large,123.95,96.0,17.87,29.94,9.21,Medium,55.85,8.55
Container,Large,166.19,93.0,14.51,13.65,4.98,Low,67.96,13.98
Container,Large,102.21,96.0,0.68,23.77,1.49,Low,181.44,15.96
Cargo,Medium,83.03,68.0,20.88,20.41,5.33,Medium,129.38,6.91
Tanker,Small,40.1,71.0,13.41,17.68,3.42,Low,309.67,7.53
Tanker,Small,35.23,72.0,0.05,5.14,0.27,Low,183.77,7.51
Cargo,Medium,56.77,75.0,12.32,27.16,5.24,Medium,341.99,9.34
Cargo,Small,34.15,76.0,11.15,15.09,3.17,Low,384.4,8.47
Cargo,Medium,81.18,82.0,15.74,33.04,4.15,Medium,93.58,6.67
Tanker,Small,49.14,66.0,5.27,15.96,3.42,Low,459.91,9.47
Cargo,Medium,78.6,88.0,20.31,21.56,10.42,Medium,393.58,9.05
Cargo,Large,114.99,67.0,27.7,2.62,9.94,Medium,313.39,11.1
Passenger,Small,38.98,72.0,25.21,49.63,13.99,High,454.46,1.89
Tanker,Small,33.93,80.0,32.15,25.38,16.51,High,132.93,0.0
Container,Small,42.28,92.0,18.08,1.21,6.76,Medium,210.86,3.9
Passenger,Medium,82.08,90.0,20.76,27.06,7.74,Medium,42.89,5.68
Container,Medium,74.31,86.0,32.42,43.52,16.86,High,228.09,2.1
Tanker,Small,27.48,66.0,17.11,38.63,7.53,Medium,253.2,3.55
Container,Small,20.65,82.0,28.06,35.05,5.98,Medium,308.03,3.78
Tanker,Medium,86.04,63.0,17.38,6.97,4.64,Low,32.02,10.05
Container,Small,42.4,75.0,16.71,32.89,6.3,Medium,16.23,1.44
Tanker,Large,198.41,77.0,30.41,38.31,16.33,High,209.95,4.18
Passenger,Large,140.41,62.0,6.99,28.62,3.97,Low,94.57,14.43
Container,Small,38.8,71.0,13.54,44.64,8.33,Medium,379.39,4.79
Container,Small,39.21,98.0,8.97,13.85,4.31,Low,334.37,7.99
Passenger,Small,46.76,98.0,14.36,12.11,3.82,Low,162.91,6.09
Container,Medium,64.42,74.0,9.21,43.48,5.74,Medium,22.89,5.92
Cargo,Medium,51.33,62.0,23.18,31.27,5.69,Medium,91.22,6.16
Passenger,Large,144.78,67.0,31.93,0.07,8.41,Medium,345.84,11.42
Container,Small,47.61,76.0,31.46,17.66,14.17,High,495.08,2.61
Container,Medium,52.19,98.0,14.58,42.89,7.17,Medium,163.23,6.93
Tanker,Medium,50.53,66.0,39.55,1.37,17.08,High,401.0,4.3
Container,Small,46.49,91.0,23.75,0.16,4.8,Low,433.55,8.46
Tanker,Medium,84.19,64.0,15.98,14.06,7.09,Medium,24.09,6.05
Cargo,Small,48.29,99.0,33.42,45.7,8.33,Medium,458.11,4.56
Cargo,Medium,68.95,75.0,29.19,45.07,11.54,High,233.1,2.82
Passenger,Medium,79.3,91.0,29.97,25.94,9.49,Medium,482.12,9.45
Passenger,Medium,90.93,74.0,7.85,27.66,3.92,Low,269.28,12.56
Container,Small,23.95,85.0,18.73,16.6,3.72,Low,117.57,5.34
Tanker,Small,49.52,68.0,34.47,12.19,9.04,Medium,487.33,5.4
Passenger,Large,168.82,66.0,20.16,40.76,9.43,Medium,121.65,8.85
Tanker,Medium,93.33,98.0,27.34,5.31,9.11,Medium,441.24,9.63
Container,Large,123.94,97.0,23.52,24.37,8.74,Medium,86.56,8.73
Tanker,Small,40.01,95.0,33.69,31.72,11.84,High,337.38,0.87
Tanker,Large,185.99,85.0,11.38,5.18,5.69,Low,205.65,15.61
Tanker,Large,175.14,92.0,23.02,25.98,12.21,Medium,486.01,12.37
Container,Small,43.45,63.0,4.93,28.88,2.65,Low,92.39,5.63
Tanker,Small,39.5,73.0,27.61,37.12,8.5,Medium,204.4,2.47
Passenger,Medium,95.39,73.0,29.28,11.74,10.01,Medium,319.89,8.1
Passenger,Medium,61.74,85.0,1.71,14.67,0.97,Low,488.81,15.61
Container,Medium,78.17,74.0,27.03,28.48,7.4,Medium,151.93,6.46
Passenger,Small,35.35,66.0,16.59,49.16,5.65,Medium,198.44,3.01
Container,Large,190.2,84.0,4.96,10.87,1.48,Low,230.9,16.5
Cargo,Medium,58.55,93.0,16.8,49.3,8.44,Medium,126.35,6.19
Passenger,Large,197.26,75.0,7.77,35.72,3.76,Low,408.68,17.41
Container,Small,45.21,65.0,16.62,41.3,4.86,Medium,46.0,1.72
Cargo,Large,105.62,68.0,15.37,4.48,7.22,Medium,352.39,12.34
Container,Large,164.93,69.0,29.54,15.02,14.03,High,266.96,5.49
Cargo,Medium,61.97,72.0,30.97,2.89,13.93,High,120.96,2.21
Container,Medium,60.56,86.0,24.28,18.58,7.15,Medium,246.42,7.76
Tanker,Small,26.49,84.0,0.91,49.06,2.56,Low,414.97,8.67
Tanker,Large,132.38,88.0,37.24,5.26,5.58,Medium,222.72,10.1
Passenger,Medium,84.21,75.0,27.45,28.12,7.18,Medium,60.95,5.56
Cargo,Small,26.15,93.0,1.37,0.3,0.27,Low,20.4,5.9
Container,Large,171.71,68.0,32.75,35.63,16.51,High,388.9,5.89
Cargo,Large,178.35,79.0,8.01,9.86,4.45,Low,165.22,15.41
Passenger,Small,21.66,92.0,23.17,6.48,10.21,Medium,465.62,5.75
Container,Small,35.96,67.0,18.67,16.85,8.16,Medium,308.57,4.4
Tanker,Medium,87.24,64.0,16.79,38.55,7.56,Medium,218.14,7.41
Tanker,Small,29.15,95.0,35.59,5.33,14.79,High,282.23,0.46
Cargo,Small,45.84,74.0,17.49,11.49,8.95,Medium,228.57,3.69
Tanker,Small,39.53,87.0,3.01,0.42,1.05,Low,452.91,10.07
Tanker,Small,31.62,61.0,37.87,48.42,8.55,High,229.01,0.0
Cargo,Small,42.77,88.0,36.82,29.61,7.58,Medium,52.03,0.73
Cargo,Medium,91.54,73.0,27.38,35.99,10.93,High,298.54,3.8
Container,Medium,90.07,62.0,18.72,32.57,6.0,Medium,311.49,8.53
Passenger,Small,30.78,84.0,3.71,7.22,2.08,Low,382.67,9.09
Tanker,Large,176.7,70.0,31.63,29.75,12.39,High,466.64,7.25
Cargo,Large,193.06,75.0,3.02,6.57,1.45,Low,221.54,16.59
Passenger,Medium,57.45,63.0,2.74,20.06,1.28,Low,176.04,12.29
Container,Large,151.76,66.0,21.5,28.45,7.86,Medium,245.39,10.42
Tanker,Large,169.4,72.0,6.41,27.94,3.14,Low,450.1,18.11
Passenger,Small,49.13,64.0,0.31,5.95,0.42,Low,489.99,10.52
Passenger,Small,38.17,96.0,16.92,1.72,4.37,Low,485.62,9.34
Tanker,Large,176.54,60.0,5.49,39.91,4.69,Low,114.85,14.41
Container,Large,158.28,79.0,6.42,36.3,4.18,Low,248.45,15.82
Passenger,Medium,70.58,65.0,3.08,4.09,1.33,Low,129.74,12.13
Tanker,Small,37.95,72.0,8.2,6.37,4.15,Low,183.99,6.69
Passenger,Small,25.99,97.0,28.62,44.63,16.49,High,15.84,0.0
Cargo,Small,35.26,66.0,32.36,38.46,7.72,Medium,80.3,1.04
Cargo,Large,130.82,99.0,18.1,49.81,10.17,Medium,198.54,9.47
Cargo,Small,49.1,68.0,20.26,12.7,3.98,Low,182.35,5.96
Tanker,Small,27.69,90.0,1.31,24.39,1.59,Low,139.42,6.48
Container,Small,21.45,82.0,2.77,11.82,0.98,Low,115.15,6.48
Tanker,Large,165.22,95.0,10.3,31.14,5.16,Medium,374.48,12.49
Cargo,Large,127.58,82.0,21.76,5.77,6.54,Medium,147.27,10.02
Cargo,Small,46.6,81.0,29.58,6.36,10.71,Medium,353.27,4.26
Cargo,Small,28.38,68.0,24.2,3.59,9.16,Medium,184.31,3.05
Container,Small,28.41,67.0,15.69,34.68,7.19,Medium,400.99,5.21
Container,Medium,59.52,97.0,4.73,24.7,2.26,Low,83.62,11.08
Cargo,Small,45.23,73.0,31.23,30.89,15.12,High,78.8,0.0
Cargo,Medium,73.54,75.0,14.55,43.97,6.86,Medium,339.84,8.71
Tanker,Large,102.25,90.0,29.44,37.02,10.56,High,457.46,7.31
Cargo,Small,47.56,74.0,20.52,23.09,11.31,Medium,71.49,1.5
Container,Large,154.21,98.0,29.55,49.22,8.77,Medium,36.85,7.43
Cargo,Small,29.66,90.0,36.29,22.81,12.43,High,467.32,2.16
Cargo,Medium,63.76,84.0,36.84,5.62,14.02,High,58.66,1.23
Cargo,Small,34.4,95.0,21.4,49.63,5.69,Medium,125.18,2.02
Tanker,Medium,59.8,62.0,20.46,1.14,5.0,Low,464.75,14.3
Container,Small,30.55,70.0,10.63,27.49,5.85,Medium,401.46,5.75
Container,Medium,64.56,79.0,37.43,15.45,8.06,Medium,171.38,6.33
Container,Large,123.21,69.0,18.32,25.18,6.71,Medium,477.26,13.08
Cargo,Large,157.99,90.0,5.1,27.94,3.19,Low,284.02,16.51
Cargo,Medium,99.37,97.0,17.31,12.0,6.98,Medium,36.12,6.16
Container,Small,35.06,77.0,5.08,27.84,3.38,Low,351.53,8.17
Cargo,Small,46.2,74.0,20.1,37.8,10.86,Medium,268.64,3.24
Container,Large,110.2,98.0,22.45,13.33,6.44,Medium,286.29,11.23
Container,Small,25.76,78.0,13.51,19.17,6.13,Medium,497.05,6.7
Cargo,Medium,59.13,80.0,2.87,13.41,1.8,Low,76.26,11.37
Tanker,Small,22.36,74.0,37.74,41.03,10.36,High,328.4,0.54
Cargo,Large,112.2,96.0,30.93,36.25,16.88,High,229.37,4.33
Tanker,Large,130.34,83.0,33.56,43.56,17.15,High,135.95,3.1
Tanker,Small,43.05,90.0,14.67,8.5,3.59,Low,346.77,8.01
Cargo,Small,44.79,92.0,30.43,3.68,11.44,Medium,334.11,4.0
Tanker,Medium,51.38,74.0,19.41,5.97,7.81,Medium,428.25,10.01
Container,Medium,68.83,77.0,8.04,8.05,2.59,Low,439.43,14.77
Tanker,Small,42.67,94.0,4.98,26.65,3.55,Low,280.91,7.47
Tanker,Large,161.38,75.0,13.8,48.55,7.62,Medium,162.79,9.6
Tanker,Medium,94.29,92.0,5.5,17.86,2.89,Low,264.79,12.93
Cargo,Small,47.72,98.0,39.93,47.93,9.92,High,179.63,0.0
Cargo,Medium,86.83,85.0,1.97,1.91,0.61,Low,138.68,12.39
Passenger,Large,178.83,90.0,17.65,46.34,7.15,Medium,275.79,10.63
Container,Medium,97.85,92.0,18.08,9.06,7.57,Medium,328.97,9.05
Tanker,Medium,86.9,94.0,12.03,45.62,6.46,Medium,295.29,8.39
Cargo,Large,161.69,76.0,22.85,2.81,3.21,Low,477.21,18.05
Container,Large,140.88,62.0,6.0,47.41,3.71,Low,149.32,14.67
Cargo,Small,25.83,76.0,31.36,10.04,9.57,Medium,186.17,2.54
Container,Medium,97.26,87.0,13.3,15.14,6.01,Medium,333.82,9.37
Passenger,Large,139.14,78.0,23.65,24.55,10.63,Medium,300.18,10.67
Cargo,Medium,68.25,90.0,28.63,19.04,9.43,Medium,0.93,4.85
Passenger,Small,31.26,74.0,35.56,33.38,6.89,Medium,156.14,1.83
Cargo,Medium,74.45,85.0,33.43,48.74,9.7,High,126.88,1.65
Tanker,Large,158.69,67.0,24.33,30.32,6.43,Medium,419.96,12.13
Cargo,Medium,74.54,90.0,15.54,36.07,8.21,Medium,433.12,9.61
Container,Medium,98.77,82.0,20.13,4.4,3.68,Low,141.95,11.16
Tanker,Medium,71.14,68.0,30.75,31.39,10.36,Medium,51.04,4.91
Cargo,Large,118.45,72.0,35.1,22.69,14.06,High,102.6,3.41
Passenger,Small,23.32,90.0,4.15,44.29,4.23,Low,88.28,5.17
Passenger,Small,23.93,79.0,15.39,19.41,8.66,Medium,118.72,2.56
Tanker,Small,22.96,69.0,31.04,33.97,16.63,High,117.32,0.0
Container,Small,23.3,99.0,17.27,11.41,7.26,Medium,239.92,3.98
Container,Large,166.05,89.0,13.29,12.97,5.95,Low,159.82,14.88
Container,Large,132.31,98.0,16.45,18.81,7.58,Medium,279.91,11.24
Cargo,Large,184.63,77.0,24.11,15.2,11.49,Medium,172.07,9.46
Cargo,Small,39.06,79.0,39.99,12.69,19.86,High,407.34,0.83
Passenger,Medium,86.4,96.0,19.72,2.48,5.61,Low,475.4,14.36
Passenger,Small,42.88,81.0,8.34,41.84,4.32,Medium,201.96,3.73
Container,Medium,57.89,88.0,6.51,3.22,2.01,Low,24.73,10.86
Tanker,Large,191.22,70.0,1.69,44.37,2.83,Low,119.79,14.74
Tanker,Large,124.57,78.0,22.35,6.27,9.48,Medium,50.93,8.72
Passenger,Medium,89.88,65.0,21.78,3.26,9.93,Medium,172.38,7.18
Passenger,Large,167.42,68.0,8.21,28.15,3.73,Low,322.56,16.68
Cargo,Medium,50.33,60.0,27.81,25.12,8.08,Medium,259.45,7.49
Passenger,Small,44.33,62.0,29.64,24.56,15.85,High,121.44,0.0
Container,Medium,72.86,99.0,10.36,28.73,3.43,Low,383.63,13.6
Passenger,Large,120.77,70.0,13.76,14.35,3.32,Low,65.74,14.15
Passenger,Small,35.66,87.0,39.62,33.15,16.96,High,114.1,0.0
Container,Medium,74.24,94.0,14.97,25.12,3.83,Low,338.02,12.95
Passenger,Medium,85.71,82.0,30.43,16.74,8.74,Medium,98.62,5.86
Tanker,Medium,70.35,66.0,18.11,41.33,6.0,Medium,339.38,8.66
Cargo,Large,114.45,89.0,31.73,36.39,7.13,Medium,488.47,12.26
Cargo,Small,27.83,84.0,30.76,19.68,11.19,Medium,415.68,4.51
Container,Medium,95.96,89.0,26.71,42.38,8.78,Medium,80.01,5.34
Cargo,Small,25.68,91.0,34.19,46.01,12.04,High,260.25,0.0
Tanker,Large,171.81,99.0,37.57,26.84,8.04,Medium,211.16,9.29
Passenger,Medium,77.24,83.0,23.2,10.75,9.98,Medium,495.83,10.19
Tanker,Medium,64.06,74.0,9.5,45.79,4.44,Medium,482.2,10.59
Cargo,Small,29.87,86.0,15.95,9.47,4.26,Low,63.56,5.02
Passenger,Small,37.7,63.0,30.33,2.42,6.21,Medium,454.37,5.76
Container,Small,30.47,96.0,26.04,16.37,7.95,Medium,96.71,1.94
Passenger,Small,32.67,65.0,7.11,36.35,3.85,Low,159.73,5.93
Cargo,Large,158.96,73.0,2.05,46.16,2.95,Low,176.7,15.25
Passenger,Medium,77.16,93.0,27.32,31.86,14.9,High,143.41,1.94
Container,Large,107.55,84.0,10.04,47.59,7.02,Medium,426.62,12.51
Cargo,Small,40.1,76.0,19.99,4.62,7.1,Medium,164.97,3.25
Tanker,Medium,86.23,79.0,29.87,3.04,3.6,Low,408.37,13.37
Cargo,Medium,88.61,94.0,22.51,30.21,9.27,Medium,497.19,9.92
Tanker,Medium,57.6,74.0,3.33,48.31,2.87,Low,420.38,13.98
Tanker,Small,49.96,95.0,7.42,25.14,4.11,Low,173.07,6.25
Cargo,Medium,70.0,64.0,8.77,2.58,2.37,Low,355.63,14.03
Container,Large,173.49,91.0,10.31,11.06,5.04,Low,266.96,16.23
Container,Medium,88.79,94.0,22.62,12.24,11.4,Medium,393.26,9.02
Tanker,Small,48.0,67.0,20.16,16.89,6.22,Medium,76.55,2.2
Tanker,Large,139.65,77.0,8.13,2.18,2.42,Low,319.07,17.3
Tanker,Small,28.73,67.0,2.7,45.24,3.17,Low,386.83,8.31
Tanker,Medium,67.55,88.0,6.86,25.78,2.52,Low,380.62,13.9
Container,Large,192.6,81.0,39.38,33.55,20.22,High,481.8,6.16
Container,Large,128.91,85.0,18.74,3.36,5.29,Low,29.21,13.56
Passenger,Small,22.16,68.0,34.69,2.71,5.92,Medium,172.89,2.75
Tanker,Large,168.59,68.0,33.95,29.32,15.22,High,238.28,4.58
Cargo,Small,28.23,62.0,20.46,44.36,6.06,Medium,154.88,2.43
Container,Large,140.45,73.0,28.27,26.42,5.77,Medium,154.89,9.43
Tanker,Large,174.61,82.0,7.71,43.89,4.7,Medium,88.06,9.55
Tanker,Large,119.23,94.0,27.54,40.55,12.18,High,406.48,6.66
Cargo,Medium,58.01,87.0,10.9,3.79,3.76,Low,454.03,14.74
Tanker,Large,131.16,77.0,33.28,10.1,12.57,High,41.16,3.29
Cargo,Medium,99.44,98.0,3.35,32.89,2.13,Low,77.45,10.94
Tanker,Small,35.58,89.0,30.93,22.18,10.09,Medium,114.23,1.54
Cargo,Small,47.46,97.0,4.0,14.53,1.7,Low,254.49,7.68
Tanker,Medium,86.45,81.0,35.25,20.93,18.3,High,395.59,3.94
Container,Large,152.32,70.0,12.17,22.26,2.57,Low,35.73,13.85
Passenger,Medium,74.6,62.0,26.18,45.53,8.02,Medium,318.41,7.76
Cargo,Small,25.31,89.0,19.5,5.17,9.56,Medium,74.67,2.11
Container,Small,34.03,65.0,14.65,13.99,7.93,Medium,485.73,6.45
Container,Large,186.29,72.0,25.82,26.88,12.45,High,449.39,7.42
Tanker,Large,111.82,81.0,37.9,34.91,6.69,Medium,474.79,11.89
Passenger,Large,148.2,83.0,1.65,31.53,2.11,Low,53.08,14.41
Tanker,Large,121.53,84.0,36.75,47.08,11.91,High,244.02,4.47
Passenger,Large,108.13,67.0,24.36,39.78,12.28,High,82.62,3.58
Cargo,Medium,71.38,75.0,32.29,27.85,5.33,Medium,300.18,7.9
Tanker,Medium,59.97,85.0,15.35,10.73,3.28,Low,116.37,11.05
Tanker,Small,36.55,99.0,18.87,22.54,6.71,Medium,385.32,5.19
Tanker,Large,130.79,89.0,34.75,34.67,7.4,Medium,322.0,10.45
Passenger,Small,42.81,97.0,16.59,41.9,8.35,Medium,285.8,3.76
Tanker,Large,132.36,90.0,21.39,47.99,11.56,High,412.61,6.94
Cargo,Medium,76.9,84.0,0.81,30.27,1.82,Low,250.14,12.87
Tanker,Medium,62.99,68.0,6.34,26.35,3.07,Low,134.93,11.4
Container,Medium,92.42,87.0,25.67,0.88,11.63,Medium,310.35,8.24
Cargo,Large,113.8,85.0,28.68,3.6,4.63,Medium,478.53,13.22
Container,Medium,82.87,84.0,23.3,7.81,5.15,Medium,300.58,8.77
Tanker,Large,150.38,80.0,5.73,2.74,1.83,Low,314.81,17.42
Tanker,Medium,71.86,81.0,17.82,20.04,3.22,Low,467.38,14.26
Cargo,Medium,50.8,73.0,14.2,16.84,2.81,Low,257.64,12.45
Tanker,Small,42.13,81.0,19.83,31.87,6.73,Medium,498.18,6.08
Container,Medium,62.3,68.0,34.81,26.78,17.96,High,79.83,0.73
Cargo,Medium,66.09,92.0,31.03,29.8,15.87,High,268.52,2.95
Cargo,Small,23.38,67.0,3.36,23.6,2.14,Low,106.45,6.01
Container,Large,191.4,63.0,35.61,13.89,6.28,Medium,226.66,9.98
Passenger,Small,22.32,77.0,18.87,47.64,5.61,Medium,85.29,1.8
Cargo,Small,28.75,86.0,29.75,4.32,7.68,Medium,111.26,2.17
Tanker,Small,24.77,78.0,5.6,46.94,3.38,Low,105.4,5.3
Passenger,Medium,73.38,71.0,26.83,15.56,4.35,Medium,160.02,7.11
Cargo,Large,133.52,82.0,9.45,25.63,4.77,Low,67.3,14.01
Passenger,Medium,67.27,74.0,17.54,5.44,6.11,Medium,404.67,10.05
Container,Medium,67.28,97.0,0.67,3.55,0.32,Low,110.34,12.17
Tanker,Large,185.24,97.0,6.06,21.48,3.57,Low,208.28,15.79
Container,Medium,59.91,80.0,3.68,37.08,3.36,Low,8.03,10.02
Tanker,Small,38.51,73.0,9.59,13.47,3.52,Low,52.44,5.22
Cargo,Large,106.55,89.0,4.0,28.12,1.96,Low,448.14,18.32
Tanker,Large,139.23,61.0,27.68,13.93,13.63,High,418.58,7.16
Cargo,Medium,50.11,79.0,1.16,19.43,1.4,Low,420.46,14.82
Container,Medium,67.38,73.0,24.71,45.32,7.18,Medium,205.68,6.8
Container,Medium,70.11,97.0,5.63,42.79,4.08,Low,70.77,10.36
Cargo,Large,181.19,60.0,37.81,25.8,11.2,High,53.95,3.01
Tanker,Large,164.45,82.0,37.32,11.91,13.81,High,302.8,5.54
Container,Medium,56.0,90.0,9.02,9.66,3.09,Low,414.1,14.39
Cargo,Small,36.24,79.0,24.58,47.7,9.62,Medium,450.06,4.76
Cargo,Small,25.2,63.0,1.12,10.14,0.95,Low,144.37,6.89
Passenger,Small,24.3,99.0,37.27,40.41,14.9,High,160.51,0.0
Cargo,Small,28.96,81.0,20.92,18.45,3.68,Low,50.44,4.52
Passenger,Small,23.72,85.0,1.73,49.28,2.68,Low,387.2,8.33
Passenger,Medium,72.39,69.0,13.7,18.41,3.96,Low,137.85,11.13
Passenger,Large,113.03,79.0,3.07,17.58,1.71,Low,240.46,16.53
Tanker,Small,23.57,77.0,15.72,31.87,4.9,Medium,464.45,6.13
Cargo,Large,166.45,63.0,26.8,48.08,12.07,High,376.11,6.25
Tanker,Medium,59.5,64.0,18.8,48.81,5.79,Medium,26.37,5.37
Passenger,Medium,69.53,93.0,15.35,35.36,7.63,Medium,4.08,5.4
Tanker,Small,39.3,70.0,4.77,37.73,3.84,Low,393.7,8.36
Cargo,Large,121.63,68.0,9.8,28.17,2.88,Low,276.25,16.22
Passenger,Small,22.33,80.0,4.01,37.79,3.33,Low,360.17,8.11
Cargo,Large,139.24,91.0,32.3,42.99,17.8,High,78.41,2.53
Cargo,Medium,63.87,62.0,5.41,24.3,2.17,Low,436.02,14.59
Tanker,Medium,68.6,83.0,23.81,30.99,12.59,High,386.66,4.8
Tanker,Small,49.96,65.0,13.71,26.87,6.04,Medium,445.42,6.03
Container,Medium,63.83,61.0,9.04,28.12,4.45,Low,170.55,11.45
Container,Medium,87.7,62.0,25.58,44.5,5.31,Medium,137.85,6.28
Cargo,Medium,71.39,93.0,18.28,17.78,8.19,Medium,75.87,6.27
Container,Large,102.62,65.0,16.01,10.41,5.18,Low,465.04,17.92
Cargo,Medium,79.06,62.0,23.71,22.81,10.35,Medium,88.41,5.81
Cargo,Medium,73.39,78.0,19.65,10.4,8.85,Medium,59.66,6.12
Container,Medium,68.27,94.0,12.14,24.92,5.0,Low,96.34,10.56
Cargo,Large,107.36,70.0,22.36,45.18,6.85,Medium,385.69,11.55
Cargo,Small,27.72,77.0,26.78,30.87,5.74,Medium,444.76,5.32
Passenger,Small,42.03,62.0,1.07,42.77,2.31,Low,405.46,8.71
Tanker,Large,154.32,78.0,18.63,8.31,8.74,Medium,281.62,11.24
Cargo,Medium,92.41,83.0,2.31,45.04,2.6,Low,496.94,14.89
Cargo,Large,175.85,83.0,7.46,30.09,3.4,Low,34.43,13.83
Tanker,Small,21.83,73.0,22.42,1.59,5.32,Low,433.6,8.45
Passenger,Medium,64.31,73.0,34.65,31.66,17.04,High,213.86,2.07
Container,Medium,91.96,64.0,35.31,47.57,12.66,High,227.56,2.29
Cargo,Small,22.5,75.0,2.8,3.96,1.59,Low,63.8,6.06
Cargo,Large,161.58,64.0,16.76,29.12,8.07,Medium,16.72,8.34
Cargo,Small,31.41,91.0,23.32,45.77,12.56,High,158.31,0.0
Tanker,Medium,95.24,99.0,5.88,0.48,0.84,Low,87.43,11.69
Passenger,Small,35.01,99.0,30.62,31.55,7.74,Medium,241.67,2.88
Cargo,Small,39.22,95.0,29.77,23.75,5.78,Medium,73.67,1.6
Passenger,Medium,64.29,84.0,36.13,17.35,11.18,High,68.96,1.42
Passenger,Small,22.35,88.0,0.34,31.38,1.7,Low,438.49,9.37
Cargo,Large,164.06,71.0,8.67,2.64,1.59,Low,460.65,18.76
Container,Small,23.72,85.0,33.09,37.65,6.91,Medium,482.11,5.12
Cargo,Large,105.97,78.0,26.82,0.22,9.29,Medium,340.25,11.53
Tanker,Small,38.18,79.0,35.78,15.35,7.64,Medium,385.51,4.4
Container,Small,32.58,90.0,2.29,25.2,1.93,Low,417.89,9.17
Passenger,Large,100.05,71.0,23.88,18.85,3.82,Medium,329.46,11.74
Container,Medium,95.44,73.0,22.76,15.37,9.24,Medium,165.12,6.88
Cargo,Large,156.47,97.0,1.43,41.54,2.53,Low,78.19,14.43
Passenger,Large,165.38,62.0,20.54,46.74,9.71,Medium,118.64,8.65
Passenger,Medium,62.04,79.0,24.38,43.69,7.31,Medium,420.21,8.98
Container,Small,30.88,97.0,7.65,26.12,2.92,Low,348.05,8.08
Passenger,Small,47.67,84.0,10.93,44.21,6.81,Medium,227.9,3.57
Passenger,Medium,65.77,82.0,25.61,46.04,12.22,High,14.7,0.72
Tanker,Small,23.92,70.0,18.73,20.46,7.24,Medium,133.1,2.66
Cargo,Medium,82.21,74.0,34.32,14.17,12.76,High,364.45,4.37
Cargo,Medium,79.28,94.0,13.7,4.91,2.13,Low,256.19,12.77
Cargo,Medium,73.73,82.0,10.67,23.95,5.92,Medium,217.77,8.17
Cargo,Large,112.05,81.0,39.39,47.31,18.44,High,156.84,2.81
Tanker,Medium,86.32,64.0,36.45,28.05,13.66,High,303.47,3.29
Tanker,Medium,85.34,61.0,1.16,33.38,2.21,Low,483.19,15.09
Tanker,Large,163.49,99.0,30.83,5.64,5.44,Medium,450.56,12.71
Passenger,Medium,94.93,75.0,4.41,7.18,2.01,Low,15.25,10.79
Passenger,Small,37.9,84.0,1.1,23.22,1.69,Low,240.48,7.52
Passenger,Small,45.88,63.0,10.95,47.56,4.83,Medium,164.73,3.07
Container,Large,125.55,87.0,10.77,18.04,2.04,Low,255.3,16.25
Container,Large,177.64,97.0,32.77,43.87,15.1,High,303.11,5.01
Cargo,Large,179.05,83.0,28.43,6.01,3.22,Low,100.01,13.94
Cargo,Small,28.66,65.0,39.26,30.85,19.17,High,390.78,0.41
Container,Medium,75.48,83.0,28.46,30.03,4.99,Medium,237.53,7.45
Tanker,Small,45.6,91.0,16.73,42.99,8.19,Medium,496.0,5.84
Passenger,Large,198.0,76.0,27.96,0.17,7.02,Medium,12.56,8.42
Cargo,Small,36.28,95.0,39.98,9.5,7.72,Medium,94.86,1.39
Cargo,Medium,84.41,86.0,28.41,10.98,13.6,High,344.81,4.45
Container,Large,192.2,96.0,30.47,47.5,14.52,High,347.59,5.55
Container,Small,44.11,85.0,37.53,7.68,9.25,Medium,291.09,3.36
Passenger,Small,24.42,65.0,4.55,1.85,1.06,Low,485.98,10.29
Cargo,Small,41.82,72.0,28.19,26.72,12.45,High,207.66,0.0
Passenger,Medium,57.77,68.0,34.03,26.43,16.11,High,208.52,2.24
Cargo,Large,115.68,96.0,38.18,42.2,16.86,High,455.24,6.11
Container,Medium,79.35,90.0,8.44,47.44,5.38,Medium,269.22,8.38
Passenger,Large,170.55,87.0,20.16,26.93,5.2,Medium,176.86,10.1
Tanker,Medium,97.75,72.0,27.22,46.5,14.33,High,359.47,3.87
Tanker,Small,27.29,67.0,9.9,36.26,5.77,Medium,309.84,4.7
Container,Medium,98.82,90.0,24.02,13.23,8.03,Medium,153.21,6.86
Passenger,Small,44.88,79.0,10.3,46.42,5.46,Medium,148.96,2.9
Tanker,Medium,75.8,69.0,13.34,33.37,6.04,Medium,197.81,7.64
Container,Medium,83.01,85.0,17.66,20.7,8.65,Medium,35.81,5.8
Passenger,Medium,66.05,62.0,21.17,34.01,10.1,Medium,471.31,9.56
Tanker,Large,187.72,73.0,17.97,20.07,8.96,Medium,91.51,9.12
Passenger,Large,178.62,79.0,19.73,5.71,6.26,Medium,96.91,9.64
Tanker,Small,23.54,66.0,11.94,35.95,5.97,Medium,323.52,4.72
Cargo,Medium,76.86,99.0,6.36,41.2,4.87,Medium,362.12,9.59
Tanker,Large,197.18,68.0,1.89,36.44,2.19,Low,368.42,17.44
Passenger,Small,47.52,65.0,7.84,11.46,2.75,Low,187.54,6.78
Cargo,Large,109.74,68.0,23.28,47.83,10.5,Medium,436.66,11.6
Passenger,Large,187.05,91.0,31.44,1.26,14.72,High,272.0,5.65
Tanker,Small,23.89,77.0,6.77,16.63,1.55,Low,219.29,7.17
Tanker,Medium,66.32,83.0,4.34,13.0,1.45,Low,405.19,14.63
Cargo,Medium,95.69,61.0,29.97,2.41,5.93,Medium,121.78,6.68
Tanker,Small,35.93,61.0,12.21,20.29,3.83,Low,430.09,8.7
Cargo,Medium,88.01,78.0,38.06,31.16,9.65,High,269.41,3.2
Cargo,Medium,95.87,93.0,28.57,44.13,11.81,High,450.03,5.01
Cargo,Small,30.47,95.0,13.07,49.48,8.41,Medium,100.81,1.92
Cargo,Small,23.75,63.0,11.58,40.4,6.13,Medium,468.03,6.08
Passenger,Small,31.29,82.0,20.95,23.43,5.29,Medium,343.94,4.79
Tanker,Small,32.82,97.0,3.17,36.19,3.22,Low,309.16,7.69
Container,Medium,85.17,76.0,4.71,42.18,3.77,Low,211.03,11.85
Passenger,Medium,71.71,93.0,7.03,23.27,2.48,Low,478.16,14.92
Passenger,Large,162.43,65.0,30.99,39.25,9.54,Medium,221.96,9.33
Passenger,Large,142.92,97.0,20.55,24.13,9.76,Medium,249.27,10.41
Tanker,Medium,88.84,90.0,0.42,19.32,1.13,Low,390.75,14.59
Tanker,Medium,94.54,98.0,26.94,26.3,10.22,Medium,142.42,6.13
Tanker,Medium,95.42,87.0,16.95,33.79,4.37,Medium,145.75,7.1
Tanker,Small,38.05,75.0,20.43,36.34,10.42,Medium,387.65,4.49
Container,Small,27.74,98.0,8.56,17.84,2.8,Low,64.29,5.38
Passenger,Large,138.3,71.0,22.07,28.57,10.45,Medium,411.48,11.79
Cargo,Large,130.56,73.0,39.17,45.49,16.34,High,312.59,4.62
Passenger,Large,105.36,88.0,2.94,48.82,3.05,Low,269.54,16.07
Container,Large,179.55,91.0,11.36,11.36,2.67,Low,114.55,14.88
Tanker,Large,183.66,97.0,9.72,9.64,1.96,Low,393.18,17.86
Passenger,Large,155.66,68.0,9.94,33.83,3.65,Low,402.48,17.29
Tanker,Small,21.7,92.0,15.15,20.73,3.51,Low,241.47,6.69
Tanker,Small,42.33,90.0,32.72,1.21,11.41,Medium,194.58,2.54
Container,Medium,93.71,63.0,36.51,17.34,13.26,High,123.08,1.73
Tanker,Medium,73.41,75.0,8.09,40.34,4.72,Medium,377.12,9.69
Container,Medium,66.57,71.0,21.72,39.87,9.74,Medium,319.73,7.94
Container,Large,137.75,72.0,25.48,24.73,12.09,Medium,103.32,8.46
Tanker,Large,149.72,99.0,20.87,23.63,10.89,Medium,397.23,11.77
Tanker,Large,113.62,86.0,17.36,28.98,4.78,Medium,441.1,12.89
Container,Small,42.06,89.0,7.68,10.97,3.12,Low,29.62,5.18
Container,Large,189.4,99.0,19.53,26.3,3.88,Medium,386.21,12.37
Cargo,Small,20.65,75.0,16.05,0.55,2.4,Low,426.4,9.01
Passenger,Large,186.36,92.0,31.82,23.78,12.7,High,495.75,7.62
Cargo,Large,120.96,77.0,30.54,16.8,9.84,Medium,118.8,8.74
Container,Medium,54.4,95.0,5.36,33.74,3.85,Low,185.5,11.73
Container,Large,103.87,67.0,3.54,31.92,2.55,Low,483.1,18.56
Container,Small,26.99,98.0,36.33,19.04,6.44,Medium,47.01,1.03
Container,Medium,53.26,69.0,21.42,0.36,9.63,Medium,261.85,8.18
Passenger,Small,27.1,73.0,34.31,12.61,5.2,Medium,253.37,3.45
Container,Small,39.28,90.0,2.33,31.67,1.99,Low,303.27,7.88
Passenger,Small,32.7,76.0,21.06,3.62,4.62,Low,165.4,5.87
Container,Small,49.76,84.0,21.58,5.38,11.02,Medium,462.96,5.74
Passenger,Small,23.3,78.0,34.43,32.35,10.8,High,135.03,0.0
Container,Large,137.88,90.0,3.9,37.79,3.06,Low,324.85,16.79
Container,Small,39.54,69.0,9.62,16.08,4.73,Low,247.96,7.0
Passenger,Large,127.58,62.0,16.26,24.48,6.99,Medium,133.34,9.73
Tanker,Medium,60.67,72.0,34.63,47.29,17.48,High,94.43,0.52
Container,Medium,69.38,79.0,37.56,47.28,13.43,High,478.28,4.62
Tanker,Small,33.99,67.0,39.71,15.38,20.18,High,280.65,0.0
Passenger,Medium,74.4,74.0,38.37,40.5,18.09,High,302.1,2.48
Tanker,Large,117.83,76.0,0.24,29.7,1.55,Low,391.45,17.95
Cargo,Small,23.58,62.0,1.91,48.77,2.92,Low,40.61,4.84
Container,Medium,90.94,83.0,5.9,23.88,3.98,Low,356.88,13.6
Tanker,Large,192.0,95.0,13.95,38.74,7.15,Medium,82.57,9.04
Container,Large,113.2,66.0,33.2,38.41,13.49,High,370.24,5.93
Passenger,Small,46.99,84.0,35.71,24.87,15.64,High,70.66,0.0
Cargo,Medium,55.36,87.0,7.47,39.78,4.41,Low,416.25,13.75
Passenger,Small,34.2,77.0,24.79,13.05,4.71,Medium,340.51,4.83
Cargo,Large,174.24,88.0,36.69,6.11,8.66,Medium,192.95,9.51
Container,Large,154.26,76.0,18.55,21.26,7.06,Medium,179.42,10.14
Passenger,Small,42.75,80.0,4.14,47.18,2.8,Low,74.47,5.11
Passenger,Small,23.73,60.0,18.31,25.04,6.29,Medium,452.03,5.87
Cargo,Large,110.62,88.0,15.03,31.76,7.63,Medium,59.26,8.84
Container,Small,40.47,86.0,23.11,31.21,5.39,Medium,236.04,3.44
Cargo,Medium,73.78,62.0,17.55,6.63,2.54,Low,118.26,11.12
Tanker,Large,154.0,75.0,0.69,19.51,1.28,Low,498.16,19.23
Cargo,Small,21.71,99.0,39.76,35.35,15.56,High,292.92,0.0
Container,Small,28.87,77.0,21.74,48.6,6.14,Medium,74.79,1.47
Tanker,Small,34.24,80.0,18.95,8.4,8.43,Medium,333.78,4.78
Container,Medium,78.52,96.0,38.18,20.52,14.89,High,495.8,5.15
Cargo,Large,166.24,89.0,6.23,4.75,1.69,Low,302.52,17.25
Tanker,Small,28.39,83.0,7.57,12.12,2.5,Low,228.69,7.22
Passenger,Medium,73.29,92.0,32.32,18.84,6.19,Medium,146.64,6.45
Passenger,Medium,66.23,95.0,10.43,27.03,5.88,Medium,46.06,6.41
Cargo,Large,194.84,78.0,31.97,11.53,10.28,Medium,114.12,8.68
Container,Large,130.84,79.0,10.86,11.38,4.07,Low,276.81,16.39
Tanker,Large,135.25,75.0,1.33,38.89,2.55,Low,376.89,17.47
Cargo,Medium,54.69,99.0,20.68,48.13,4.61,Medium,438.97,9.53
Cargo,Small,41.07,88.0,7.87,16.18,1.81,Low,396.86,8.87
Cargo,Medium,53.97,63.0,30.31,34.4,6.71,Medium,62.73,5.35
Cargo,Small,45.56,95.0,25.65,12.9,3.52,Low,386.73,7.77
Tanker,Medium,98.19,79.0,36.94,46.4,15.74,High,290.8,2.56
Tanker,Small,36.69,63.0,31.32,33.65,12.76,High,234.55,0.0
Cargo,Medium,52.06,82.0,7.23,40.13,3.34,Low,286.38,12.57
Cargo,Medium,69.58,77.0,32.01,2.47,5.24,Medium,4.04,5.47
Cargo,Medium,79.61,95.0,25.67,29.93,5.56,Medium,33.87,5.5
Cargo,Medium,76.57,68.0,26.76,26.38,14.2,High,262.92,3.34
Passenger,Medium,64.11,93.0,33.29,14.65,13.3,High,86.81,1.58
Passenger,Small,48.56,82.0,22.95,13.12,8.33,Medium,272.77,3.88
Passenger,Large,127.88,62.0,18.64,29.0,5.72,Medium,177.11,10.09
Cargo,Large,152.9,99.0,25.47,35.32,8.72,Medium,453.71,12.09
Tanker,Small,31.06,81.0,11.92,1.66,1.7,Low,474.84,9.75
Cargo,Small,27.49,72.0,7.3,28.37,5.06,Low,489.89,9.26
Container,Small,45.88,79.0,24.66,8.52,10.34,Medium,449.47,5.46
Cargo,Large,158.87,94.0,9.35,7.02,3.61,Low,492.95,18.76
Passenger,Large,107.74,72.0,3.2,31.16,2.63,Low,353.07,17.28
Passenger,Medium,94.83,68.0,0.02,15.54,0.78,Low,480.27,15.61
Passenger,Large,110.25,65.0,24.33,22.04,6.04,Medium,320.9,11.35
Cargo,Large,191.35,72.0,14.49,18.0,3.66,Low,404.61,17.4
Tanker,Small,24.42,91.0,30.09,32.42,11.24,High,65.95,0.0
Cargo,Medium,65.07,79.0,15.01,23.51,3.1,Low,341.3,13.08
Passenger,Medium,54.76,69.0,19.44,48.17,4.93,Medium,465.55,9.83
Cargo,Large,142.07,67.0,16.28,17.62,6.16,Medium,270.02,11.32
Passenger,Medium,64.31,73.0,26.02,37.01,14.03,High,93.41,1.49
Tanker,Medium,60.5,98.0,14.25,12.86,7.28,Medium,263.44,8.54
Tanker,Small,32.96,74.0,38.55,25.44,5.29,Medium,353.47,3.97
Container,Medium,95.78,100.0,37.45,27.63,6.74,Medium,384.89,8.35
Tanker,Small,38.45,79.0,33.92,16.46,12.13,High,261.85,0.38
Tanker,Large,112.36,67.0,36.81,23.59,17.35,High,108.68,3.04
Tanker,Small,32.84,96.0,17.97,13.96,9.36,Medium,463.34,5.92
Passenger,Large,176.57,78.0,21.46,0.3,9.55,Medium,386.81,12.23
Cargo,Large,116.79,88.0,29.68,10.78,11.55,Medium,135.34,8.9
Passenger,Medium,66.01,99.0,27.85,35.0,6.77,Medium,405.91,8.89
Passenger,Small,49.9,62.0,35.63,38.55,6.53,Medium,173.93,1.93
Tanker,Small,42.88,64.0,28.65,14.01,4.11,Medium,156.22,2.84
Tanker,Small,39.33,89.0,39.92,20.4,14.79,High,431.54,1.43
Passenger,Small,22.92,71.0,13.94,1.87,1.69,Low,436.62,9.26
Passenger,Medium,57.73,67.0,33.32,11.85,13.78,High,199.24,2.71
Passenger,Small,28.91,62.0,27.91,38.96,12.69,High,4.46,0.0
Container,Large,113.55,61.0,27.66,30.3,5.16,Medium,93.28,8.83
Cargo,Small,43.62,91.0,13.03,10.29,6.54,Medium,454.65,6.44
Tanker,Small,22.89,65.0,31.42,12.87,10.35,Medium,449.37,5.03
Passenger,Medium,88.13,79.0,36.02,40.84,18.68,High,226.67,1.78
Passenger,Medium,67.15,84.0,8.74,10.45,4.55,Low,152.06,11.62
Container,Small,30.75,77.0,25.02,16.71,5.31,Medium,151.37,2.8
Container,Small,22.35,61.0,15.69,33.22,5.62,Medium,448.6,5.88
Tanker,Large,141.53,91.0,39.58,28.06,7.49,Medium,162.37,8.73
Container,Large,190.74,60.0,19.15,23.04,9.0,Medium,255.79,10.64
Cargo,Medium,57.09,90.0,9.13,44.99,5.0,Medium,365.51,9.4
Tanker,Medium,97.16,96.0,15.27,10.99,7.75,Medium,104.74,6.89
Container,Small,21.1,77.0,26.15,37.07,6.65,Medium,126.92,1.96
Passenger,Large,123.57,81.0,3.04,7.95,1.54,Low,179.03,16.13
Container,Small,27.36,79.0,24.14,30.79,13.51,High,327.11,1.1
Cargo,Small,42.12,76.0,37.25,43.53,15.82,High,408.75,0.77
Tanker,Small,31.47,95.0,34.01,22.9,5.48,Medium,273.35,3.43
Cargo,Large,174.02,96.0,2.71,36.21,2.72,Low,66.46,14.33
Container,Large,138.6,73.0,39.74,41.02,8.88,High,223.12,4.54
Passenger,Medium,68.8,85.0,27.95,6.8,3.48,Low,63.85,9.96
Tanker,Medium,50.9,97.0,6.49,35.29,3.28,Low,44.15,10.28
Cargo,Large,116.25,98.0,0.5,45.99,2.4,Low,294.81,16.56
Tanker,Medium,53.42,80.0,6.85,28.82,4.29,Low,478.11,14.63
Tanker,Medium,86.04,78.0,33.53,9.31,8.83,Medium,418.81,9.04
Container,Medium,86.33,71.0,0.87,6.35,0.66,Low,387.24,14.84
Container,Large,151.39,98.0,9.33,12.99,1.64,Low,363.53,17.55
Passenger,Small,44.89,66.0,30.29,5.18,3.47,Medium,448.56,5.92
Tanker,Large,100.67,83.0,23.44,25.67,3.9,Medium,376.42,12.09
Tanker,Medium,94.39,71.0,31.31,3.49,6.05,Medium,313.44,8.49
Container,Large,152.86,71.0,29.85,11.17,8.01,Medium,182.34,9.71
Container,Small,28.55,76.0,2.02,22.0,1.79,Low,50.47,5.58
Cargo,Large,136.49,100.0,35.7,23.7,18.83,High,230.52,4.16
Cargo,Medium,70.04,62.0,9.08,28.27,3.61,Low,462.39,14.44
Container,Medium,55.8,83.0,22.14,35.28,4.47,Medium,291.55,8.26
Container,Large,111.87,63.0,25.77,2.36,4.7,Medium,92.25,9.52
Cargo,Small,43.84,66.0,6.75,4.03,3.3,Low,324.51,8.3
Passenger,Large,188.76,78.0,39.05,3.04,14.98,High,232.73,4.82
Container,Small,35.54,80.0,19.53,21.16,9.18,Medium,465.69,5.74
Cargo,Small,31.15,70.0,2.31,2.09,0.45,Low,80.47,6.4
Container,Medium,81.27,73.0,37.49,37.3,7.64,Medium,356.01,7.78
Passenger,Small,33.97,63.0,23.45,11.15,3.96,Low,340.8,7.42
Container,Small,34.51,72.0,27.97,46.96,14.74,High,491.77,2.11
Passenger,Medium,89.51,99.0,21.01,24.32,5.08,Medium,282.46,8.38
Cargo,Small,33.33,98.0,33.39,22.32,13.04,High,435.79,1.94
Tanker,Medium,53.48,73.0,1.33,39.03,2.36,Low,12.36,10.24
Tanker,Small,43.02,83.0,10.74,35.66,5.2,Medium,61.45,2.24
Container,Large,109.38,96.0,18.79,30.37,4.87,Medium,172.97,10.1
Container,Medium,54.72,60.0,3.06,46.76,3.42,Low,309.66,12.87
Container,Small,40.68,92.0,28.24,21.11,4.37,Medium,224.54,3.37
Passenger,Medium,84.29,98.0,15.75,40.43,9.86,Medium,101.35,6.03
Cargo,Medium,58.86,64.0,10.91,19.0,2.16,Low,294.6,13.0
Cargo,Medium,74.4,66.0,0.14,41.92,2.11,Low,283.35,12.98
Container,Medium,84.4,98.0,28.79,12.97,7.27,Medium,262.22,7.8
Cargo,Small,48.23,82.0,33.35,14.46,15.15,High,45.28,0.0
Tanker,Small,26.87,61.0,15.8,33.89,4.9,Medium,463.51,6.08
Cargo,Small,40.25,70.0,22.57,10.64,7.05,Medium,296.13,4.31
Passenger,Large,173.01,78.0,9.11,11.46,1.55,Low,132.0,15.28
Cargo,Small,25.19,88.0,24.89,15.26,4.04,Medium,343.71,4.88
Container,Medium,54.88,89.0,0.49,33.95,1.87,Low,158.95,11.9
Container,Small,37.85,100.0,19.55,44.47,5.7,Medium,252.93,3.49
Cargo,Small,48.87,72.0,25.77,33.73,11.42,Medium,170.57,2.0
Container,Large,143.14,82.0,36.73,41.39,17.28,High,440.2,6.01
Passenger,Large,100.29,81.0,15.25,27.18,8.07,Medium,496.99,13.26
Passenger,Medium,53.25,76.0,30.61,3.45,4.87,Medium,80.59,6.32
Tanker,Medium,52.52,67.0,23.91,5.02,7.0,Medium,11.79,5.72
Passenger,Large,186.78,99.0,37.08,27.72,19.14,High,109.66,2.77
Cargo,Large,112.09,94.0,15.94,16.39,7.34,Medium,294.98,11.49
Tanker,Small,33.63,80.0,12.76,11.03,2.42,Low,86.98,5.57
Passenger,Large,156.98,84.0,35.49,23.31,11.85,High,405.74,6.63
Tanker,Small,21.91,69.0,1.97,33.32,2.59,Low,204.34,6.82
Tanker,Large,157.08,82.0,5.46,19.25,2.47,Low,305.27,16.95
Cargo,Large,143.2,88.0,3.3,40.13,3.44,Low,227.81,15.77
Tanker,Medium,66.8,81.0,33.72,36.93,11.91,High,451.66,4.9
Passenger,Large,156.0,100.0,0.42,36.75,1.9,Low,17.57,14.03
Container,Small,39.73,84.0,34.47,49.26,7.95,Medium,364.65,3.54
Passenger,Small,45.9,75.0,18.05,14.76,2.88,Low,326.09,7.58
Passenger,Small,23.31,91.0,0.16,32.24,1.64,Low,324.76,8.23
Passenger,Medium,94.94,67.0,16.07,42.77,9.49,Medium,206.99,7.06
Cargo,Large,162.57,75.0,7.47,28.98,4.14,Low,7.84,13.51
Tanker,Small,27.55,74.0,24.98,39.48,11.85,High,344.62,1.22
Tanker,Small,39.68,77.0,27.17,20.72,10.51,Medium,414.74,4.72
Container,Small,48.52,91.0,19.5,29.52,6.44,Medium,42.62,1.62
Passenger,Medium,88.95,79.0,1.62,2.78,0.44,Low,220.81,13.23
Passenger,Medium,91.67,92.0,26.25,49.29,14.81,High,81.3,1.03
Passenger,Large,118.7,83.0,33.68,40.0,12.3,High,305.47,5.34
Container,Large,115.44,74.0,28.81,43.44,10.6,High,392.8,6.56
Cargo,Small,44.97,92.0,33.2,34.71,18.28,High,333.35,0.15
Container,Medium,88.86,70.0,8.02,9.3,2.5,Low,159.03,11.95
Container,Medium,63.12,69.0,35.56,1.55,15.78,High,69.87,1.31
Passenger,Small,48.9,80.0,12.89,43.23,7.9,Medium,397.13,5.07
Passenger,Small,49.65,70.0,0.54,19.82,1.1,Low,161.96,6.89
Passenger,Medium,74.28,60.0,33.74,13.19,5.31,Medium,11.07,5.23
Tanker,Medium,88.23,86.0,37.67,28.08,19.87,High,285.71,2.42
Passenger,Large,175.26,80.0,26.22,21.04,8.14,Medium,123.34,9.09
Cargo,Medium,97.51,78.0,9.26,32.58,2.56,Low,420.6,14.04
Container,Medium,67.64,99.0,10.07,24.19,4.23,Low,71.63,10.51
Cargo,Large,184.94,83.0,18.66,34.86,8.23,Medium,217.4,10.12
Container,Medium,89.96,95.0,35.91,42.67,16.87,High,126.57,0.93
Passenger,Medium,73.19,66.0,5.98,9.78,3.34,Low,344.8,13.82
Tanker,Medium,68.46,83.0,33.04,16.47,16.22,High,274.27,3.14
Cargo,Large,180.32,95.0,11.65,21.84,6.64,Medium,395.49,12.67
Container,Medium,70.54,83.0,32.34,48.1,6.05,Medium,229.31,6.71
Passenger,Small,22.8,89.0,36.81,18.27,15.07,High,2.4,0.0
Tanker,Medium,97.7,75.0,17.1,19.05,4.21,Low,107.6,10.62
Container,Large,194.91,64.0,14.6,32.67,4.19,Medium,499.58,13.59
Tanker,Medium,93.05,78.0,32.09,20.96,14.53,High,202.67,2.55
Passenger,Medium,52.58,76.0,21.18,47.56,8.03,Medium,310.12,7.89
Passenger,Small,44.77,95.0,27.38,44.72,15.01,High,452.47,1.76
Tanker,Medium,66.02,70.0,24.91,25.67,4.2,Medium,10.26,5.52
Passenger,Small,49.73,99.0,6.12,32.24,4.19,Low,329.8,7.73
Container,Medium,65.76,98.0,33.79,2.9,5.37,Medium,144.19,6.76
Container,Small,42.45,70.0,7.83,34.79,3.08,Low,139.62,5.8
Container,Medium,97.04,74.0,37.29,35.36,12.62,High,112.43,1.29
Cargo,Medium,72.88,96.0,10.02,17.96,3.49,Low,411.36,14.1
Tanker,Large,198.82,99.0,29.36,10.98,9.19,Medium,186.47,9.66
Tanker,Large,183.92,78.0,11.39,45.75,7.71,Medium,33.56,8.48
Cargo,Medium,96.37,73.0,12.71,21.34,5.68,Medium,48.43,6.45
Tanker,Large,173.46,81.0,12.4,32.69,4.31,Medium,74.31,9.44
Container,Large,150.65,88.0,29.92,1.67,5.14,Medium,449.46,12.85
Passenger,Large,175.8,71.0,22.27,20.7,7.0,Medium,213.72,10.31
Container,Medium,79.93,89.0,35.32,40.86,11.96,High,458.02,4.8
Tanker,Small,21.16,62.0,12.29,19.38,5.15,Low,408.74,8.37
Cargo,Medium,66.08,62.0,27.68,30.16,7.22,Medium,418.94,9.08
Passenger,Large,176.41,75.0,30.12,10.49,12.78,Medium,143.42,8.84
Cargo,Medium,93.5,74.0,6.06,20.83,1.89,Low,135.66,11.65
Cargo,Small,29.95,73.0,16.02,46.38,7.51,Medium,280.03,3.72
Passenger,Large,175.74,80.0,19.31,28.32,8.16,Medium,208.96,10.14
Cargo,Medium,78.24,73.0,14.23,45.1,4.86,Medium,254.53,8.05
Passenger,Large,153.78,68.0,12.88,45.1,7.8,Medium,26.6,8.34
Passenger,Medium,87.72,72.0,27.46,47.21,11.87,High,485.8,5.35
Passenger,Medium,92.71,99.0,8.63,44.77,5.33,Medium,29.08,6.03
Passenger,Small,42.43,76.0,28.38,0.16,8.5,Medium,89.42,2.02
Tanker,Small,41.83,78.0,37.4,46.7,19.68,High,339.1,0.0
Passenger,Small,24.94,83.0,22.61,6.87,8.88,Medium,77.75,2.02
Passenger,Small,44.85,99.0,24.46,2.0,6.28,Medium,53.43,2.04
Container,Large,172.08,70.0,2.76,2.77,0.68,Low,76.81,15.31
Passenger,Medium,51.81,87.0,34.58,17.45,5.31,Medium,30.96,5.3
Passenger,Small,24.58,89.0,11.42,31.04,3.45,Low,125.66,5.52
Container,Small,38.08,84.0,24.6,20.12,13.23,High,135.56,0.0
Cargo,Medium,68.44,64.0,39.16,1.28,10.35,Medium,249.31,7.07
Passenger,Medium,93.13,87.0,23.82,23.82,12.14,Medium,219.36,6.91
Passenger,Medium,87.42,63.0,28.99,22.11,5.98,Medium,236.86,7.48
Passenger,Medium,64.99,84.0,17.81,37.84,6.7,Medium,308.02,8.36
Tanker,Small,49.4,90.0,2.41,13.98,1.87,Low,115.48,6.37
Cargo,Large,143.91,68.0,31.9,10.88,4.9,Medium,67.35,8.77
Tanker,Small,38.01,94.0,1.4,12.8,1.11,Low,439.44,9.76
Container,Large,173.19,61.0,28.03,15.19,13.87,High,316.97,6.08
Cargo,Large,181.39,94.0,0.92,29.96,1.94,Low,30.33,14.26
Passenger,Small,23.02,78.0,34.49,23.58,16.3,High,480.53,1.98
Passenger,Medium,67.14,69.0,6.31,16.84,3.63,Low,346.53,13.65
Tanker,Large,199.88,65.0,20.57,18.72,8.36,Medium,75.85,8.92
Cargo,Large,161.46,98.0,23.89,18.55,5.42,Medium,484.57,13.14
Passenger,Medium,75.03,63.0,18.3,48.62,9.61,Medium,182.7,6.58
Cargo,Medium,65.62,68.0,13.63,11.65,7.28,Medium,492.26,10.88
Tanker,Large,178.23,74.0,18.71,40.9,7.85,Medium,51.64,8.38
Tanker,Small,39.47,85.0,12.46,35.41,4.32,Medium,79.98,2.44
Passenger,Medium,81.23,82.0,17.52,0.28,5.78,Low,328.71,13.03
Container,Large,116.4,65.0,14.36,49.66,7.89,Medium,11.07,8.01
Cargo,Small,25.31,72.0,22.65,37.82,6.04,Medium,9.34,1.0
Container,Medium,71.07,70.0,9.52,34.12,5.4,Medium,395.99,9.86
Passenger,Medium,66.86,69.0,39.55,20.27,14.26,High,83.89,1.03
Passenger,Small,27.03,76.0,20.03,27.76,8.3,Medium,459.39,5.61
Tanker,Small,44.53,88.0,7.77,12.66,2.36,Low,212.95,7.05
Tanker,Small,21.45,69.0,19.08,1.77,3.18,Low,436.83,8.86
Tanker,Small,26.65,75.0,34.66,41.8,14.2,High,208.88,0.0
Container,Medium,54.44,76.0,0.87,44.82,2.53,Low,265.12,12.66
Container,Large,104.97,99.0,27.18,8.12,6.8,Medium,158.26,9.78
Cargo,Medium,76.66,98.0,21.92,39.35,6.75,Medium,329.04,8.33
Cargo,Small,33.89,92.0,6.78,37.06,3.47,Low,159.1,5.96
Tanker,Medium,70.08,70.0,32.7,8.92,10.12,Medium,111.59,5.89
Tanker,Medium,71.59,63.0,14.76,21.09,8.29,Medium,40.52,6.02
Container,Medium,71.99,73.0,11.75,21.14,5.82,Medium,28.83,6.3
Passenger,Medium,64.2,71.0,33.13,38.0,16.5,High,152.99,1.46
Cargo,Large,110.05,80.0,25.54,41.88,9.81,Medium,368.24,10.99
Passenger,Small,42.7,91.0,35.93,4.74,11.39,Medium,102.81,1.4
Container,Medium,50.21,94.0,25.2,28.15,5.99,Medium,149.61,6.67
Cargo,Large,159.53,94.0,29.63,38.09,13.41,High,452.59,6.94
Passenger,Large,165.05,74.0,33.46,39.31,10.95,High,319.58,5.64
Passenger,Medium,54.02,87.0,2.19,7.4,1.24,Low,459.86,15.42
Container,Large,113.44,73.0,31.04,26.28,9.5,Medium,455.61,11.93
Cargo,Large,132.95,62.0,24.55,42.88,5.66,Medium,31.71,8.07
Container,Small,46.0,88.0,2.78,15.93,1.27,Low,477.5,9.99
Tanker,Small,28.84,60.0,20.34,21.26,9.7,Medium,25.59,1.24
Passenger,Small,32.08,76.0,3.3,40.22,2.68,Low,462.81,9.19
Passenger,Large,137.13,73.0,29.44,4.47,6.28,Medium,273.37,10.94
Container,Medium,51.52,88.0,21.86,42.97,12.46,High,266.59,3.47
Tanker,Large,113.53,91.0,38.14,15.56,14.62,High,356.63,5.89
Passenger,Medium,60.99,72.0,7.33,0.07,1.07,Low,439.61,15.12
Tanker,Large,170.96,92.0,24.24,11.71,4.4,Medium,308.5,11.6
Container,Large,131.88,72.0,8.46,4.48,1.99,Low,212.7,16.22
Cargo,Medium,89.74,78.0,24.56,4.62,8.52,Medium,55.94,5.99
Cargo,Medium,58.93,89.0,28.91,34.64,13.33,High,394.6,4.47
Container,Large,169.19,88.0,28.89,10.7,6.6,Medium,64.15,8.72
Container,Medium,64.85,99.0,32.6,46.74,16.95,High,363.18,3.37
Tanker,Small,23.04,69.0,34.14,25.82,6.2,Medium,263.96,3.2
Tanker,Large,173.33,86.0,3.09,23.0,1.72,Low,192.92,15.94
Passenger,Large,132.87,84.0,13.73,21.71,7.79,Medium,306.49,11.57
Cargo,Medium,97.34,97.0,27.48,34.63,5.96,Medium,386.18,8.8
Container,Medium,63.14,66.0,19.94,22.61,10.21,Medium,470.57,9.84
Cargo,Large,170.83,90.0,7.63,6.43,3.23,Low,132.35,15.29
Tanker,Medium,96.17,83.0,22.11,44.01,5.06,Medium,473.57,9.84
Tanker,Medium,73.87,71.0,16.3,21.42,5.85,Medium,480.47,10.58
Passenger,Medium,52.63,79.0,15.6,3.7,4.98,Low,406.82,13.92
Tanker,Medium,74.59,73.0,32.39,26.47,16.64,High,440.72,4.59
Cargo,Small,20.1,83.0,16.3,32.37,5.99,Medium,346.21,4.8
Container,Small,34.69,96.0,1.06,13.78,0.98,Low,19.55,5.57
Tanker,Small,22.33,83.0,2.32,40.02,2.34,Low,287.54,7.53
Tanker,Large,170.63,85.0,34.25,33.49,13.86,High,373.6,5.97
Cargo,Medium,69.59,81.0,38.42,32.52,8.71,Medium,470.85,8.87
Cargo,Large,194.65,62.0,27.54,21.04,4.66,Medium,285.23,10.99
Cargo,Medium,62.65,69.0,14.57,48.1,9.67,Medium,397.1,8.91
Tanker,Small,33.49,80.0,37.54,13.71,8.49,Medium,352.52,3.92
Cargo,Medium,75.95,72.0,26.51,28.89,5.59,Medium,140.4,6.54
Container,Medium,93.59,67.0,33.77,15.45,13.6,High,77.36,1.42
Passenger,Small,35.9,80.0,30.63,37.24,14.99,High,375.45,0.98
Passenger,Small,33.04,73.0,15.17,2.39,2.03,Low,116.88,5.96
Cargo,Small,42.74,70.0,19.15,2.29,2.84,Low,122.35,5.74
Container,Medium,80.96,79.0,7.45,40.54,3.04,Low,321.97,12.93
Tanker,Small,49.79,65.0,11.68,21.71,2.47,Low,394.53,8.48
Tanker,Small,41.1,97.0,31.13,17.06,12.18,High,291.17,0.8
Tanker,Small,35.11,95.0,35.76,30.38,13.51,High,442.49,1.68
Tanker,Medium,99.79,88.0,28.98,35.09,12.34,High,105.72,1.67
Cargo,Large,129.83,64.0,18.61,10.06,6.13,Medium,126.21,9.92
Passenger,Small,39.5,91.0,3.46,9.27,1.94,Low,318.48,8.43
Container,Small,29.52,92.0,2.28,47.91,3.12,Low,414.68,8.56
Tanker,Medium,51.82,91.0,14.97,29.48,8.47,Medium,269.68,8.11
Tanker,Medium,74.03,65.0,18.55,19.51,6.43,Medium,5.19,5.69
Tanker,Small,42.61,86.0,24.36,40.07,12.14,High,338.47,1.15
Cargo,Large,156.1,93.0,0.26,26.26,1.38,Low,406.79,18.19
Cargo,Medium,87.06,83.0,39.59,12.08,11.46,High,138.27,2.02
Passenger,Large,110.53,86.0,14.56,10.34,6.92,Medium,27.1,9.04
Tanker,Large,122.31,78.0,33.92,19.84,5.84,Medium,258.98,10.31
Cargo,Large,161.81,81.0,21.4,42.99,9.13,Medium,21.08,7.77
Container,Small,45.57,61.0,5.22,3.07,2.19,Low,208.01,7.34
Container,Large,130.09,86.0,31.9,10.93,13.31,High,8.91,2.94
Container,Large,183.85,63.0,28.39,44.66,11.79,High,112.48,3.63
Cargo,Medium,90.31,77.0,21.1,6.09,6.2,Medium,194.41,7.75
Tanker,Small,27.43,72.0,20.58,31.48,5.78,Medium,55.85,1.72
Container,Small,39.81,82.0,3.5,10.68,2.16,Low,57.08,5.77
Passenger,Medium,54.48,65.0,26.23,30.29,8.02,Medium,413.53,9.02
Container,Medium,66.12,88.0,36.45,19.16,16.25,High,20.71,0.38
Passenger,Small,41.12,92.0,3.73,5.08,0.67,Low,344.48,8.89
Container,Medium,81.65,67.0,10.54,29.12,3.49,Low,407.24,13.81
Tanker,Medium,50.08,64.0,36.09,34.15,10.31,High,65.36,1.14
Container,Medium,85.14,66.0,11.37,34.01,5.89,Medium,97.69,6.74
Tanker,Medium,76.17,95.0,26.16,31.85,7.55,Medium,320.75,8.11
Tanker,Large,193.89,81.0,21.39,25.01,3.74,Medium,157.82,10.03
Container,Large,113.58,79.0,23.85,25.97,5.34,Medium,238.21,10.54
Tanker,Medium,70.17,64.0,16.63,31.78,4.98,Medium,418.0,9.81
Container,Small,36.66,86.0,12.0,34.51,3.77,Low,68.99,4.82
Passenger,Medium,65.32,95.0,1.94,32.74,1.99,Low,309.83,13.35
Container,Medium,62.47,93.0,29.77,29.35,13.6,High,471.2,5.28
Container,Medium,67.15,85.0,29.84,7.79,8.29,Medium,28.73,5.41
Container,Large,137.79,63.0,26.83,10.53,7.56,Medium,30.0,8.39
Container,Small,35.96,64.0,25.75,13.01,13.18,Medium,277.37,3.31
Tanker,Medium,93.19,62.0,9.75,45.98,5.02,Medium,480.04,10.49
Container,Small,36.51,70.0,0.89,37.97,2.32,Low,110.24,5.87
Tanker,Medium,92.38,65.0,32.35,27.64,8.49,Medium,165.4,6.23
Cargo,Small,36.75,70.0,19.65,12.6,5.74,Medium,49.32,2.08
Passenger,Large,134.92,75.0,12.27,5.54,3.45,Low,181.12,15.54
Passenger,Medium,95.19,98.0,4.08,44.94,3.55,Low,22.17,9.96
Tanker,Medium,93.97,84.0,2.51,44.63,3.07,Low,194.55,11.82
Cargo,Large,129.31,93.0,13.95,5.53,3.06,Low,277.74,16.46
Tanker,Medium,62.35,88.0,32.19,39.86,15.43,High,487.5,4.93
Passenger,Medium,98.4,65.0,36.75,22.33,12.09,High,409.19,4.6
Cargo,Medium,55.97,89.0,35.87,16.2,4.5,Medium,411.03,9.14
Cargo,Large,146.51,71.0,36.8,36.96,14.23,High,114.07,3.14
Cargo,Large,129.88,86.0,36.31,30.72,16.76,High,43.62,2.33
Passenger,Medium,95.42,74.0,21.09,39.0,6.17,Medium,301.54,8.16
Passenger,Small,39.5,100.0,8.78,3.72,1.2,Low,260.57,7.77
Passenger,Large,159.75,71.0,31.92,15.93,14.29,High,258.25,5.24
Cargo,Small,29.72,71.0,8.55,15.97,4.99,Low,54.5,5.1
Tanker,Medium,71.52,97.0,10.69,16.49,2.22,Low,246.94,12.58
Passenger,Small,37.4,61.0,9.33,25.12,5.69,Medium,75.18,2.61
Cargo,Large,150.02,88.0,20.6,14.15,5.73,Medium,211.06,10.62
Cargo,Large,140.34,89.0,12.87,22.22,7.24,Medium,31.08,8.9
Cargo,Large,118.23,93.0,6.17,18.39,3.14,Low,428.45,18.09
Container,Small,47.89,99.0,18.13,36.76,10.11,Medium,6.59,0.81
Tanker,Small,23.01,99.0,34.96,30.18,15.99,High,469.66,1.75
Passenger,Medium,93.52,63.0,22.82,32.68,4.17,Medium,431.45,9.7
Cargo,Large,109.73,93.0,35.13,10.53,4.96,Medium,376.3,11.7
Cargo,Small,22.03,86.0,7.83,16.28,3.24,Low,491.28,9.67
Tanker,Medium,83.02,86.0,6.68,1.06,1.07,Low,26.91,11.01
Container,Large,107.47,65.0,23.02,5.42,6.82,Medium,320.8,11.67
Container,Medium,83.01,86.0,18.53,13.25,9.59,Medium,424.65,9.7
Cargo,Small,33.19,99.0,26.41,3.27,5.92,Medium,63.31,2.06
Container,Large,116.19,96.0,31.79,30.13,10.9,High,292.39,5.64
Cargo,Medium,96.4,78.0,30.05,49.91,10.12,High,196.96,2.46
Cargo,Small,39.24,62.0,37.69,5.04,13.52,High,217.91,0.0
Passenger,Medium,51.25,74.0,15.93,41.06,4.88,Medium,456.26,10.06
Passenger,Large,165.9,93.0,8.26,5.94,1.98,Low,269.33,16.76
Passenger,Large,124.43,88.0,22.04,33.5,11.45,Medium,46.63,7.95
Container,Small,38.36,78.0,4.43,32.16,3.49,Low,468.61,9.27
Cargo,Medium,92.26,62.0,11.55,45.14,7.06,Medium,92.61,6.34
Tanker,Large,103.19,77.0,8.32,5.7,3.68,Low,446.32,18.37
Cargo,Medium,53.07,79.0,15.86,15.77,5.29,Medium,485.46,10.82
Tanker,Large,197.8,97.0,4.45,4.54,1.97,Low,438.92,18.68
Passenger,Medium,55.85,86.0,1.27,20.37,1.34,Low,338.57,13.98
Container,Medium,78.07,72.0,26.27,45.58,5.96,Medium,371.78,8.5
Tanker,Medium,68.23,81.0,24.41,39.08,8.24,Medium,349.93,8.27
Passenger,Large,175.13,63.0,28.33,36.15,6.44,Medium,230.26,9.92
Passenger,Medium,63.11,99.0,26.42,26.65,8.11,Medium,137.21,6.31
Passenger,Large,182.84,74.0,4.57,44.17,3.21,Low,142.5,14.79
Cargo,Medium,92.16,79.0,11.64,22.47,5.08,Low,365.58,13.32
Tanker,Small,33.93,74.0,5.18,7.48,1.64,Low,313.02,8.36
Passenger,Large,130.0,87.0,33.72,41.88,14.98,High,292.44,4.9
Passenger,Large,110.73,86.0,29.88,13.98,9.81,Medium,326.3,10.91
Tanker,Small,43.18,89.0,8.06,2.68,3.9,Low,387.39,8.83
Container,Large,114.82,71.0,13.65,6.3,2.18,Low,374.17,17.52
Cargo,Large,149.02,73.0,38.66,30.45,16.02,High,52.7,2.38
Container,Large,179.46,65.0,23.77,30.35,10.29,Medium,181.52,9.39
Cargo,Medium,58.36,86.0,32.05,13.01,16.04,High,131.98,1.85
Cargo,Large,169.38,62.0,10.58,36.36,4.45,Medium,269.12,11.39
Passenger,Small,44.1,84.0,8.4,38.68,3.8,Low,30.71,4.53
Cargo,Large,153.63,95.0,31.36,46.03,7.6,Medium,381.23,10.96
Tanker,Medium,78.39,96.0,27.43,29.25,7.12,Medium,53.26,5.46
Cargo,Small,35.84,78.0,27.24,38.97,10.14,Medium,135.7,1.6
Container,Small,34.05,78.0,22.11,37.65,11.5,Medium,391.37,4.31
Passenger,Large,188.71,63.0,22.54,12.89,5.46,Medium,25.78,8.73
Tanker,Small,26.23,87.0,29.43,15.51,5.58,Medium,330.1,4.36
Cargo,Medium,54.75,93.0,10.8,23.92,3.45,Low,462.24,14.46
Passenger,Large,191.52,70.0,14.11,0.95,2.03,Low,308.82,16.96
Container,Large,107.59,77.0,34.87,14.87,17.16,High,356.33,5.81
Container,Small,38.63,94.0,12.35,23.69,6.73,Medium,396.13,5.6
Cargo,Large,106.21,95.0,21.85,5.4,5.15,Medium,111.12,9.8
Cargo,Large,198.56,70.0,28.11,6.31,5.9,Medium,290.48,11.18
Passenger,Large,191.23,82.0,40.0,23.16,19.64,High,154.53,3.12
Cargo,Medium,55.09,68.0,17.41,36.55,3.58,Medium,124.75,6.89
Container,Medium,82.95,64.0,17.12,41.69,7.91,Medium,96.23,6.08
Passenger,Large,128.06,96.0,33.7,27.32,17.08,High,292.72,4.99
Tanker,Large,150.37,93.0,32.22,23.74,10.96,Medium,397.27,11.19
Cargo,Large,191.07,90.0,29.24,19.21,3.92,Medium,437.94,12.54
Tanker,Large,170.93,62.0,18.53,9.65,3.96,Low,214.29,15.43
Passenger,Small,46.52,94.0,12.96,7.33,6.44,Low,186.45,6.23
Cargo,Medium,86.26,78.0,24.35,39.59,4.58,Medium,343.65,8.57
Cargo,Small,49.68,74.0,35.05,23.25,10.2,Medium,390.18,4.06
Passenger,Medium,50.19,82.0,35.35,39.52,16.68,High,126.66,1.04
Passenger,Medium,64.62,64.0,4.34,35.2,3.65,Low,148.65,11.4
Container,Small,28.73,90.0,17.13,9.69,5.47,Low,266.7,6.87
Cargo,Medium,78.17,83.0,18.59,25.52,4.86,Medium,222.19,7.9
Cargo,Medium,63.96,67.0,39.1,22.2,14.4,High,352.89,3.69
Cargo,Small,34.33,68.0,27.12,21.19,6.63,Medium,252.24,3.48
Cargo,Large,114.66,67.0,16.29,27.13,4.65,Medium,55.8,9.14
Tanker,Large,113.2,62.0,1.04,49.1,2.89,Low,82.98,14.31
Container,Large,120.15,84.0,22.62,40.65,5.69,Medium,450.95,12.4
Cargo,Small,39.17,94.0,3.84,45.19,2.65,Low,113.7,5.58
Container,Large,161.28,61.0,33.38,1.48,7.91,Medium,25.04,8.16
Container,Large,162.87,62.0,30.1,7.02,9.27,Medium,365.73,11.48
Passenger,Small,20.64,83.0,18.42,4.24,7.25,Medium,342.01,5.09
Container,Medium,62.12,93.0,17.17,13.16,7.74,Medium,300.04,8.7
Cargo,Small,21.86,73.0,35.89,22.09,14.22,High,251.13,0.0
Cargo,Large,139.17,74.0,11.54,32.1,5.65,Medium,484.79,13.46
Cargo,Medium,58.64,84.0,9.96,25.04,4.9,Low,59.92,10.31
Tanker,Medium,71.46,71.0,37.57,45.16,10.1,High,255.08,2.76
Cargo,Large,157.24,61.0,32.37,46.99,10.54,High,282.02,5.21
Passenger,Medium,64.35,89.0,32.83,8.18,11.79,Medium,11.25,4.73
Passenger,Small,26.42,85.0,7.81,42.65,3.12,Low,206.0,6.3
Container,Large,114.54,83.0,5.73,24.09,2.45,Low,391.4,17.7
Passenger,Large,110.73,90.0,1.04,22.67,1.41,Low,235.55,16.51
Container,Large,110.48,87.0,9.48,39.25,4.93,Medium,437.64,13.02
Cargo,Small,28.41,68.0,30.97,4.66,9.36,Medium,322.4,4.05
Tanker,Medium,99.04,74.0,9.6,44.12,5.92,Medium,383.04,9.48
Container,Large,187.68,65.0,29.16,33.54,10.12,Medium,402.24,11.28
Tanker,Large,197.71,65.0,10.08,43.76,6.84,Medium,344.75,11.78
Container,Large,127.48,87.0,15.81,49.72,6.47,Medium,374.69,11.71
Cargo,Medium,98.31,94.0,39.33,25.9,13.49,High,347.66,3.64
Passenger,Small,28.1,99.0,9.79,4.66,1.22,Low,275.23,7.85
Passenger,Medium,56.31,85.0,15.05,8.33,3.79,Low,283.27,12.73
Cargo,Large,103.93,67.0,12.04,16.18,6.19,Medium,94.94,9.8
Container,Small,29.66,64.0,4.38,5.18,1.28,Low,413.72,9.49
Cargo,Medium,93.53,93.0,19.6,40.77,5.98,Medium,156.07,6.77
Container,Large,187.34,83.0,15.15,14.84,5.55,Medium,267.87,11.47
Tanker,Small,25.81,85.0,27.8,48.79,6.09,Medium,124.77,1.67
Tanker,Large,151.2,91.0,32.7,35.13,11.98,High,347.93,5.94
Passenger,Medium,97.76,88.0,21.77,8.67,5.25,Medium,487.58,10.69
Cargo,Small,43.97,93.0,1.29,23.8,1.52,Low,400.97,9.12
Container,Small,29.66,62.0,24.76,23.34,11.48,Medium,309.55,3.64
Container,Large,162.26,90.0,2.22,24.63,2.04,Low,283.75,16.83
Passenger,Large,159.68,94.0,24.65,26.78,8.2,Medium,244.89,10.26
Tanker,Large,102.17,71.0,27.4,1.56,9.15,Medium,102.49,9.11
Tanker,Large,108.98,86.0,7.91,34.32,4.93,Low,174.01,14.97
Tanker,Small,38.26,73.0,32.77,24.36,14.27,High,203.2,0.0
Tanker,Small,35.44,98.0,36.44,39.55,8.32,Medium,472.28,4.68
Passenger,Small,27.82,61.0,32.52,40.77,9.2,Medium,212.79,2.17
Tanker,Large,183.42,83.0,12.2,11.53,3.5,Low,293.1,16.54
Container,Small,22.46,67.0,23.47,2.42,4.23,Low,461.21,8.77
Passenger,Medium,65.09,88.0,36.59,35.16,5.59,Medium,259.21,7.1
Passenger,Large,196.13,67.0,12.83,48.89,4.62,Medium,125.72,9.58
Passenger,Large,174.57,69.0,32.8,22.33,15.0,High,190.5,4.32
Passenger,Medium,51.63,80.0,0.38,12.98,0.77,Low,187.77,12.72
Tanker,Small,35.32,97.0,0.15,7.83,0.43,Low,357.36,9.17
Tanker,Large,123.35,68.0,30.39,14.37,11.15,Medium,148.06,8.96
Tanker,Medium,65.57,66.0,30.46,16.4,12.88,High,365.14,4.51
Container,Medium,57.66,90.0,31.56,21.19,8.69,Medium,444.62,9.18
Tanker,Large,188.39,80.0,37.2,32.77,12.29,High,168.04,3.94
Cargo,Small,22.58,96.0,4.72,13.66,1.28,Low,67.67,5.84
Container,Large,199.4,66.0,9.28,2.55,3.27,Low,319.28,17.15
Cargo,Medium,79.03,86.0,36.15,18.66,9.7,Medium,180.43,6.25
Tanker,Large,140.24,69.0,7.09,42.78,4.08,Low,266.99,15.85
Passenger,Medium,64.22,66.0,27.29,24.92,8.59,Medium,317.08,8.05
Cargo,Medium,59.88,87.0,21.22,48.24,9.9,Medium,203.87,6.62
Container,Medium,64.89,84.0,3.33,25.18,2.35,Low,462.35,14.92
Tanker,Large,152.05,90.0,11.41,13.79,3.76,Low,199.81,15.58
Passenger,Medium,99.42,72.0,20.81,9.67,2.71,Low,153.69,11.23
Cargo,Medium,61.01,78.0,34.09,34.73,13.61,High,442.84,4.67
Passenger,Medium,54.84,76.0,28.3,26.82,14.13,High,68.15,1.32
Tanker,Small,20.01,99.0,24.88,30.2,11.66,Medium,62.1,1.01
Cargo,Small,40.46,72.0,19.84,37.76,11.66,Medium,467.85,5.17
Cargo,Small,27.19,72.0,11.95,36.3,3.67,Low,104.48,5.15
Cargo,Large,140.42,74.0,4.77,2.17,1.01,Low,74.22,15.16
Container,Large,163.18,83.0,16.36,40.13,7.17,Medium,267.58,10.74
Container,Large,158.68,70.0,1.14,26.64,1.55,Low,23.39,14.29
Container,Medium,84.75,97.0,8.44,19.59,1.94,Low,310.01,13.29
Container,Small,25.56,71.0,17.3,26.88,5.86,Medium,226.47,3.68
Passenger,Large,193.59,96.0,16.74,30.62,5.13,Medium,320.21,11.64
Container,Large,182.89,64.0,1.77,7.48,0.74,Low,141.97,15.91
Tanker,Small,39.11,86.0,23.56,20.87,12.38,Medium,452.74,5.09
Container,Small,29.74,96.0,21.99,16.78,5.14,Medium,135.29,2.8
Cargo,Small,21.94,67.0,3.12,17.52,1.35,Low,318.78,8.35
Container,Large,178.45,99.0,37.73,4.57,5.89,Medium,472.55,12.56
Passenger,Small,40.08,78.0,3.98,7.99,2.08,Low,200.4,7.24
Cargo,Medium,83.79,98.0,34.19,8.09,13.6,High,80.71,1.58
Container,Medium,54.97,87.0,0.01,18.66,0.93,Low,34.19,11.08
Tanker,Medium,60.24,72.0,35.29,44.72,8.87,High,481.51,5.27
Passenger,Large,155.21,68.0,0.79,10.3,0.83,Low,381.85,18.29
Passenger,Medium,77.34,72.0,30.31,20.81,7.4,Medium,459.48,9.52
Tanker,Small,40.87,64.0,14.47,15.58,7.91,Medium,349.42,5.07
Passenger,Large,193.45,66.0,29.53,39.37,11.31,High,171.22,4.32
Container,Large,175.83,64.0,16.07,2.51,2.97,Low,61.51,14.26
Container,Medium,99.93,77.0,2.84,9.83,1.75,Low,464.65,15.33
Tanker,Medium,74.8,92.0,30.7,10.53,7.52,Medium,244.81,7.55
Container,Large,110.19,66.0,2.85,49.65,3.1,Low,198.25,15.34
Container,Large,114.95,65.0,36.88,28.54,9.95,High,288.9,5.48
Cargo,Medium,97.92,86.0,2.04,6.95,1.18,Low,53.28,11.37
Tanker,Small,32.93,68.0,19.17,13.61,3.93,Low,154.6,5.72
Passenger,Small,21.1,64.0,28.92,8.39,7.73,Medium,318.94,4.2
Passenger,Large,167.95,67.0,15.73,6.23,2.08,Low,50.06,14.18
Cargo,Large,159.95,97.0,8.69,39.86,5.74,Medium,67.62,9.27
Passenger,Medium,81.53,93.0,30.36,24.79,8.41,Medium,255.29,7.3
Cargo,Medium,51.17,74.0,31.37,31.56,7.83,Medium,311.73,7.73
Tanker,Medium,96.92,86.0,36.91,16.56,13.08,High,93.5,1.45
Passenger,Large,182.96,81.0,15.05,27.68,7.13,Medium,16.54,8.55
Passenger,Small,41.44,87.0,20.25,12.88,9.25,Medium,479.18,6.0
Passenger,Medium,78.38,87.0,14.53,15.4,4.24,Low,13.75,9.88
Passenger,Small,43.98,85.0,10.28,32.61,6.0,Medium,1.03,1.64
Passenger,Large,157.73,71.0,30.04,7.52,8.97,Medium,161.67,9.47
Passenger,Medium,60.87,62.0,13.59,30.86,3.45,Low,111.23,10.67
Passenger,Small,49.97,78.0,17.13,42.61,9.64,Medium,286.79,3.6
Tanker,Large,128.38,96.0,16.15,6.02,5.45,Low,447.1,17.8
Passenger,Small,37.78,83.0,28.51,44.87,11.97,High,240.55,0.0
Container,Large,178.11,93.0,36.71,3.97,17.64,High,386.65,6.19
Cargo,Medium,79.61,100.0,26.67,17.45,9.5,Medium,454.61,9.51
Tanker,Small,48.65,67.0,18.86,30.53,3.45,Medium,94.7,2.45
Passenger,Small,22.31,88.0,31.17,27.97,15.37,High,244.16,0.0
Cargo,Large,103.5,87.0,25.64,4.82,5.73,Medium,321.03,11.66
Tanker,Large,159.28,99.0,2.42,39.95,2.73,Low,165.94,15.27
Passenger,Small,45.21,99.0,3.83,48.66,3.13,Low,369.88,8.02
Tanker,Large,196.5,87.0,1.52,9.06,0.79,Low,352.66,17.99
Cargo,Small,45.02,70.0,18.27,44.76,9.08,Medium,210.55,2.79
Cargo,Medium,98.49,92.0,33.03,27.84,10.37,Medium,43.98,4.79
Passenger,Medium,93.74,64.0,12.52,46.8,6.73,Medium,5.78,5.42
Passenger,Medium,76.41,91.0,15.37,8.8,7.04,Medium,184.67,7.8
Passenger,Medium,95.99,96.0,36.38,39.6,10.58,High,41.03,0.74
Tanker,Medium,79.8,75.0,33.48,2.99,11.11,Medium,390.81,8.66
Cargo,Large,169.45,85.0,26.6,44.16,13.14,High,167.16,4.14
Passenger,Small,27.82,77.0,10.67,33.71,5.8,Medium,333.05,4.94
Tanker,Small,31.45,78.0,4.68,18.51,2.4,Low,173.19,6.69
Tanker,Large,159.16,72.0,0.64,9.52,0.64,Low,397.97,18.49
Passenger,Large,143.4,90.0,4.28,40.83,3.17,Low,444.21,17.89
Passenger,Small,44.26,97.0,11.7,30.16,4.71,Medium,418.76,5.93
Container,Medium,65.99,98.0,22.07,18.02,6.19,Medium,242.24,7.94
Container,Large,189.05,67.0,2.56,22.19,2.08,Low,41.98,14.44
Passenger,Small,45.92,95.0,5.45,41.33,2.88,Low,185.86,6.27
Tanker,Medium,51.8,89.0,7.24,16.95,4.37,Low,212.23,12.18
Container,Medium,71.66,70.0,25.28,4.48,10.63,Medium,480.13,9.98
Passenger,Small,23.33,63.0,24.63,45.56,7.68,Medium,282.75,3.32
Container,Small,49.36,71.0,22.03,19.37,3.55,Low,320.42,7.16
Container,Medium,57.25,96.0,10.02,17.42,4.72,Low,391.0,13.79
Container,Medium,60.12,85.0,14.84,10.22,6.35,Medium,284.1,8.86
Cargo,Small,37.78,89.0,3.87,44.87,4.12,Low,299.24,7.29
Cargo,Medium,96.26,70.0,9.06,10.88,2.37,Low,122.66,11.52
Cargo,Medium,81.53,89.0,35.91,31.83,6.37,Medium,29.43,4.83
Passenger,Small,47.48,61.0,39.19,44.04,20.47,High,360.69,0.0
Container,Large,165.99,75.0,25.91,1.75,5.36,Medium,424.34,12.78
Passenger,Small,34.93,85.0,36.67,41.44,16.32,High,206.0,0.0
Cargo,Medium,50.81,66.0,25.71,20.53,4.22,Medium,274.46,8.23
Cargo,Medium,99.0,93.0,1.33,32.9,2.18,Low,153.64,11.79
Passenger,Medium,73.95,69.0,39.87,18.62,6.94,Medium,225.11,6.79
Cargo,Medium,53.22,86.0,3.96,34.78,3.24,Low,104.44,11.03
Container,Medium,87.75,76.0,27.31,12.71,9.18,Medium,379.94,8.86
Tanker,Medium,62.69,84.0,10.11,1.1,4.93,Low,245.96,12.64
Container,Large,173.52,64.0,15.68,47.39,4.17,Medium,273.58,10.99
Cargo,Small,47.21,61.0,25.84,0.82,5.64,Medium,18.54,1.71
Container,Medium,94.15,96.0,17.46,41.2,4.29,Medium,311.2,8.59
Container,Medium,77.88,71.0,10.02,8.46,4.95,Low,101.33,11.05
Container,Medium,94.8,93.0,13.38,19.61,5.5,Medium,191.7,7.91
Passenger,Small,43.49,100.0,13.66,41.12,6.35,Medium,206.36,3.32
Passenger,Small,25.92,68.0,38.37,10.3,6.37,Medium,224.37,2.88
Container,Small,23.89,71.0,31.94,43.29,11.61,High,113.72,0.0
Container,Small,36.59,87.0,18.34,24.89,6.0,Medium,425.06,5.64
Cargo,Small,39.69,99.0,7.99,18.31,2.72,Low,213.93,6.9
Cargo,Small,35.79,97.0,32.44,33.12,14.92,High,306.07,0.28
Tanker,Large,192.55,80.0,6.29,17.07,1.64,Low,306.97,17.05
Container,Medium,79.87,92.0,8.42,17.36,3.89,Low,303.49,13.08
Cargo,Medium,57.81,65.0,14.64,36.68,8.12,Medium,279.66,8.12
Container,Large,149.77,99.0,35.21,15.49,17.07,High,411.31,6.34
Container,Large,136.02,99.0,5.27,10.04,2.6,Low,406.31,18.14
Tanker,Medium,82.23,67.0,4.89,40.38,3.06,Low,208.57,11.93
Passenger,Large,180.27,72.0,19.76,40.27,8.74,Medium,317.92,10.91
Tanker,Medium,65.15,64.0,11.06,24.88,2.98,Low,51.41,10.37
Passenger,Small,40.67,71.0,22.75,26.33,4.66,Medium,45.39,1.72
Container,Large,159.14,93.0,18.07,34.8,8.16,Medium,239.96,10.38
Passenger,Medium,89.74,75.0,17.4,25.46,8.94,Medium,450.1,9.83
Passenger,Small,40.95,64.0,4.48,20.85,1.61,Low,325.0,8.25
Container,Small,30.46,74.0,5.64,49.74,3.29,Low,334.61,7.54
Container,Medium,82.35,99.0,32.84,7.38,11.08,Medium,78.84,5.49
Passenger,Large,195.46,85.0,35.44,29.64,8.12,Medium,226.65,9.49
Tanker,Large,193.29,77.0,9.39,44.29,5.45,Medium,200.4,10.5
Passenger,Small,26.67,67.0,4.54,34.36,2.56,Low,391.49,8.54
Container,Small,44.32,99.0,2.14,44.05,2.52,Low,68.91,5.25
Tanker,Medium,51.11,93.0,24.33,16.82,8.58,Medium,269.6,7.89
Cargo,Large,181.91,71.0,28.61,13.6,13.41,High,455.68,7.51
Passenger,Small,41.66,63.0,14.91,42.56,7.71,Medium,446.23,5.49
Passenger,Large,118.57,62.0,27.19,19.71,12.61,High,426.17,7.25
Container,Small,43.58,65.0,28.52,35.48,7.66,Medium,187.49,2.37
Cargo,Medium,88.7,83.0,37.41,7.39,17.37,High,470.55,4.95
Container,Large,169.41,97.0,2.59,37.79,2.54,Low,402.65,17.69
Container,Large,125.05,80.0,7.69,27.45,4.76,Low,425.57,17.65
Cargo,Large,137.26,94.0,2.74,13.43,1.46,Low,466.18,18.91
Container,Medium,58.32,78.0,34.72,24.73,8.43,Medium,468.5,9.21
Cargo,Medium,96.88,88.0,31.7,34.85,8.21,Medium,120.03,5.7
Tanker,Small,48.97,89.0,22.99,0.59,7.55,Medium,63.84,2.12
Tanker,Large,134.64,67.0,3.35,31.87,2.03,Low,345.44,17.25
Cargo,Medium,96.13,74.0,10.93,27.08,6.51,Medium,281.61,8.68
Passenger,Medium,79.43,85.0,11.91,11.01,3.03,Low,163.71,11.72
Cargo,Medium,98.81,63.0,22.43,37.65,7.14,Medium,342.22,8.43
Passenger,Small,32.72,74.0,10.32,15.17,2.75,Low,31.0,5.02
Container,Large,138.45,81.0,2.92,13.84,0.99,Low,23.6,14.51
Cargo,Medium,55.01,100.0,29.23,23.56,12.2,High,177.16,2.62
Tanker,Small,41.14,79.0,11.96,33.81,5.71,Medium,96.92,2.52
Passenger,Medium,83.55,93.0,18.09,46.44,9.99,Medium,359.28,8.36
Passenger,Large,120.52,77.0,5.11,7.07,0.95,Low,474.01,19.05
Tanker,Medium,61.08,92.0,32.1,19.82,16.12,High,330.81,3.69
Tanker,Small,47.77,84.0,22.62,3.35,5.42,Medium,327.39,4.93
Cargo,Small,46.03,95.0,36.06,37.93,18.67,High,3.3,0.0
Tanker,Large,162.55,76.0,19.82,22.39,3.95,Medium,256.14,11.13
Passenger,Large,140.64,84.0,37.66,35.35,16.74,High,408.55,5.82
Container,Large,141.33,85.0,35.67,16.11,12.64,High,327.06,5.9
Container,Medium,54.19,77.0,23.06,42.22,7.72,Medium,113.89,5.97
Cargo,Small,27.64,66.0,37.36,26.74,6.26,Medium,424.24,4.61
Container,Small,33.47,64.0,12.92,47.18,6.78,Medium,482.19,5.95
Container,Large,144.16,61.0,14.63,3.94,1.81,Low,139.5,15.2
Container,Medium,97.59,95.0,1.82,25.71,1.83,Low,103.55,11.45
Cargo,Small,32.25,69.0,23.57,38.32,9.97,Medium,169.26,2.15
Tanker,Large,188.23,68.0,28.88,30.01,12.85,High,31.58,2.99
Passenger,Small,33.1,89.0,30.94,1.16,15.42,High,436.72,2.26
Container,Medium,93.29,73.0,5.99,48.62,3.65,Low,464.65,14.21
Tanker,Small,28.04,80.0,17.77,14.91,4.81,Low,316.65,7.3
Container,Small,26.02,67.0,7.07,12.46,2.29,Low,382.17,8.79
Container,Small,28.17,98.0,26.49,24.28,11.61,Medium,334.33,3.77
Tanker,Small,30.51,94.0,6.32,27.11,4.34,Low,188.68,6.39
Tanker,Large,184.15,95.0,36.17,38.31,19.63,High,316.02,4.62
Passenger,Large,107.3,76.0,9.23,19.66,5.4,Low,418.16,17.59
Container,Small,33.07,90.0,11.66,22.0,6.37,Medium,404.95,5.79
Passenger,Large,137.23,66.0,34.04,26.75,18.23,High,40.53,2.35
Container,Large,198.32,60.0,18.34,19.72,5.58,Medium,231.3,10.84
Passenger,Small,23.43,61.0,0.96,45.73,2.75,Low,198.66,6.55
Tanker,Small,46.82,83.0,19.78,42.56,10.13,Medium,376.0,4.31
Cargo,Small,31.94,78.0,3.38,22.75,1.7,Low,250.69,7.51
Container,Small,43.26,81.0,39.41,0.01,4.66,Medium,174.85,2.71
Tanker,Small,46.71,60.0,23.52,45.05,6.62,Medium,353.17,4.19
Tanker,Small,42.81,77.0,10.26,6.22,4.53,Low,236.79,7.08
Container,Large,117.17,89.0,22.55,12.23,8.56,Medium,128.31,9.45
Passenger,Large,159.36,78.0,3.07,7.62,0.96,Low,445.21,18.85
Container,Medium,85.32,89.0,32.0,8.99,13.15,High,56.52,1.47
Cargo,Medium,92.66,69.0,37.01,40.14,7.8,Medium,9.04,4.26
Cargo,Medium,84.42,93.0,34.98,28.98,16.45,High,71.96,0.75
Tanker,Medium,96.28,84.0,13.67,47.8,8.1,Medium,81.82,5.97
Passenger,Medium,81.53,68.0,13.03,11.57,6.95,Medium,269.02,8.71
Tanker,Small,45.84,69.0,1.4,24.28,1.44,Low,312.43,8.22
Tanker,Small,40.26,85.0,26.06,48.87,14.5,High,224.31,0.0
Passenger,Medium,59.02,93.0,21.4,41.32,7.13,Medium,102.09,6.01
Passenger,Small,22.94,77.0,18.37,36.43,6.72,Medium,66.1,1.74
Passenger,Medium,90.07,70.0,36.31,9.45,10.91,Medium,246.08,6.97
Tanker,Medium,83.71,95.0,6.72,38.47,4.28,Low,282.74,12.49
Tanker,Small,22.05,87.0,0.39,17.38,1.06,Low,151.98,6.85
Tanker,Medium,57.19,78.0,2.93,26.53,2.32,Low,110.22,11.39
Passenger,Medium,87.95,80.0,8.93,30.46,5.73,Medium,40.3,6.37
Container,Large,117.88,68.0,1.33,30.47,1.79,Low,13.12,14.08
Tanker,Medium,92.85,85.0,20.11,36.33,7.03,Medium,52.87,5.69
Passenger,Medium,82.58,74.0,12.56,33.09,5.45,Medium,371.04,9.48
Passenger,Medium,78.86,100.0,7.22,3.42,1.83,Low,172.01,12.31
Cargo,Small,27.79,79.0,30.0,22.87,15.87,High,13.71,0.0
Tanker,Large,129.18,79.0,8.18,33.2,4.85,Low,254.08,15.78
Cargo,Medium,59.74,83.0,27.5,14.8,8.76,Medium,268.03,7.73
Cargo,Medium,80.74,97.0,13.97,15.65,6.38,Medium,214.34,8.09
Tanker,Medium,50.08,92.0,20.47,6.23,6.19,Medium,55.34,6.39
Cargo,Medium,60.85,78.0,37.35,20.93,5.04,Medium,377.48,8.58
Container,Medium,52.03,89.0,1.49,49.34,2.94,Low,344.54,13.29
Tanker,Small,47.86,83.0,20.01,14.27,7.72,Medium,197.36,3.32
Tanker,Small,34.53,80.0,34.18,26.57,18.16,High,190.41,0.0
Tanker,Small,38.73,68.0,23.52,37.16,4.59,Medium,77.97,1.8
Passenger,Small,28.25,79.0,11.07,0.67,3.41,Low,376.77,8.66
Passenger,Medium,83.68,70.0,15.91,45.02,4.47,Medium,299.79,8.46
Cargo,Large,160.89,97.0,27.21,19.33,5.31,Medium,42.9,8.55
Cargo,Large,172.39,73.0,35.63,43.46,14.44,High,189.03,3.8
Passenger,Small,28.86,98.0,1.64,1.95,0.41,Low,451.78,10.16
Passenger,Small,24.05,81.0,2.86,7.28,1.51,Low,226.19,7.62
Passenger,Small,48.15,85.0,13.0,16.13,4.78,Low,162.46,5.97
Container,Large,115.42,82.0,9.31,17.27,2.61,Low,321.89,16.95
Tanker,Small,31.81,65.0,10.6,42.39,5.27,Medium,101.49,2.51
Passenger,Medium,71.35,75.0,8.85,0.56,0.92,Low,261.9,13.27
Tanker,Small,44.12,64.0,7.83,32.06,5.09,Low,334.76,7.61
Tanker,Small,32.45,85.0,5.22,6.57,0.88,Low,427.44,9.59
Container,Large,199.65,78.0,37.36,41.16,5.9,Medium,346.25,10.58
Cargo,Medium,51.14,91.0,5.77,38.93,3.93,Low,192.2,11.66
Container,Large,195.11,69.0,8.18,25.0,5.25,Low,383.9,17.21
Passenger,Large,122.27,67.0,9.85,10.63,4.89,Low,449.2,18.1
Passenger,Medium,89.9,76.0,37.32,31.72,9.08,Medium,238.88,6.58
Tanker,Small,21.16,97.0,30.23,7.81,5.79,Medium,2.25,1.18
Passenger,Medium,96.62,88.0,31.59,9.5,11.55,Medium,440.46,9.08
Passenger,Small,36.9,77.0,4.19,31.33,3.36,Low,82.72,5.46
Container,Small,34.18,81.0,33.45,49.56,10.67,High,63.16,0.0
Tanker,Small,24.16,63.0,16.33,44.55,6.68,Medium,153.84,2.56
Passenger,Small,31.7,99.0,10.51,29.66,3.02,Low,189.99,6.28
Container,Large,194.03,87.0,23.03,26.93,5.06,Medium,399.69,12.2
Passenger,Large,132.12,71.0,32.89,49.92,13.26,High,194.59,3.98
Tanker,Large,100.94,83.0,31.15,27.37,5.76,Medium,24.41,7.96
Container,Small,21.39,64.0,35.6,21.01,7.49,Medium,317.98,3.63
Container,Medium,58.6,99.0,37.13,45.48,9.47,High,335.61,3.64
Cargo,Small,22.57,67.0,9.52,11.71,3.23,Low,407.11,8.84
Cargo,Small,46.68,86.0,16.95,4.88,2.25,Low,199.43,6.62
Passenger,Small,47.13,70.0,0.59,31.7,1.76,Low,43.04,5.39
Passenger,Small,27.19,89.0,35.17,4.79,16.82,High,276.53,0.23
Passenger,Medium,92.6,91.0,6.18,18.66,1.61,Low,60.5,10.96
Cargo,Medium,53.14,87.0,34.46,21.18,13.2,High,8.54,0.62
Tanker,Medium,93.08,85.0,13.18,27.38,7.09,Medium,389.29,9.58
Passenger,Medium,85.29,96.0,14.73,49.58,5.79,Medium,201.71,7.31
Cargo,Large,122.13,63.0,1.57,11.05,0.79,Low,262.5,17.05
Passenger,Small,46.53,73.0,13.08,18.79,2.47,Low,331.42,7.84
Container,Medium,74.22,70.0,35.53,6.61,13.03,High,200.51,2.79
Cargo,Large,131.08,100.0,1.02,30.38,1.85,Low,25.57,14.21
Tanker,Large,196.19,76.0,16.25,36.38,4.93,Medium,126.37,9.63
Tanker,Large,163.85,89.0,1.26,24.1,1.75,Low,97.17,15.05
Tanker,Small,25.82,87.0,14.84,12.29,6.46,Medium,488.7,6.65
Tanker,Large,113.84,68.0,6.91,31.04,3.01,Low,369.75,17.23
Tanker,Large,142.79,70.0,10.09,26.96,5.4,Medium,225.77,11.07
Tanker,Small,44.54,71.0,35.1,8.56,7.38,Medium,31.68,1.05
Tanker,Large,106.07,76.0,17.44,20.28,7.47,Medium,57.93,8.95
Tanker,Medium,66.79,69.0,10.95,21.76,2.7,Low,406.45,14.01
Passenger,Large,139.16,61.0,23.57,49.13,11.34,High,472.72,7.43
Cargo,Small,34.73,95.0,5.68,42.46,3.23,Low,15.68,4.5
Passenger,Large,101.1,99.0,10.38,36.72,5.25,Medium,455.2,13.17
Container,Medium,87.88,74.0,21.85,44.44,5.91,Medium,190.28,6.93
Passenger,Large,155.36,74.0,9.5,36.77,5.55,Medium,106.82,9.7
Container,Medium,77.61,60.0,27.17,45.17,5.64,Medium,51.12,5.29
Passenger,Small,26.45,87.0,19.66,2.73,3.4,Low,385.87,8.28
Cargo,Small,26.53,93.0,30.88,22.8,6.5,Medium,234.46,3.09
Container,Small,37.7,66.0,37.93,37.34,6.29,Medium,416.21,4.29
Tanker,Large,113.99,66.0,4.63,29.16,3.3,Low,113.08,14.79
Container,Large,162.99,92.0,13.39,8.76,7.03,Medium,339.28,12.25
Passenger,Small,21.3,85.0,12.78,17.02,6.11,Medium,59.06,2.4
Container,Medium,73.91,62.0,6.05,15.89,3.48,Low,44.88,10.68
Cargo,Medium,89.64,85.0,32.41,13.07,3.97,Medium,66.7,5.99
Tanker,Small,25.77,72.0,30.4,17.16,5.33,Medium,404.45,5.05
Cargo,Small,22.4,75.0,19.38,25.74,7.56,Medium,327.81,4.44
Passenger,Small,20.37,91.0,21.51,42.74,12.7,High,82.98,0.0
Tanker,Large,127.18,92.0,2.38,37.1,2.72,Low,192.39,15.59
Tanker,Large,156.46,76.0,22.22,41.76,7.64,Medium,381.84,11.51
Container,Large,103.14,98.0,31.65,44.18,7.22,Medium,142.84,8.64
Cargo,Large,161.5,76.0,22.95,20.81,4.74,Medium,460.63,12.97
Container,Medium,53.94,91.0,10.61,17.3,3.47,Low,457.3,14.55
Tanker,Small,30.29,79.0,26.7,2.88,10.44,Medium,276.45,3.73
Tanker,Large,136.61,96.0,14.46,46.52,3.96,Medium,315.99,11.51
Tanker,Medium,64.32,96.0,21.79,3.29,9.77,Medium,326.61,8.73
Tanker,Small,31.68,63.0,19.5,37.06,11.15,Medium,129.23,1.86
Tanker,Small,46.76,97.0,15.25,18.91,7.89,Medium,182.66,3.3
Cargo,Small,32.12,93.0,28.76,47.44,15.75,High,67.97,0.0
Passenger,Small,20.49,92.0,35.36,20.98,4.8,Medium,462.44,5.36
Passenger,Large,128.5,68.0,0.21,40.83,2.14,Low,361.92,17.38
Container,Medium,94.47,92.0,37.34,14.13,9.91,Medium,23.18,4.69
Passenger,Small,21.97,94.0,20.46,14.95,9.91,Medium,274.69,3.83
Cargo,Large,136.45,72.0,28.03,29.78,6.39,Medium,171.54,9.48
Container,Medium,85.09,98.0,34.22,49.9,12.03,High,407.64,4.16
Cargo,Medium,78.28,62.0,18.68,25.88,3.49,Low,171.9,11.12
Passenger,Small,30.84,66.0,33.4,46.82,6.22,Medium,322.08,3.39
Tanker,Small,38.4,82.0,7.1,39.31,5.35,Medium,82.87,2.55
Tanker,Medium,56.4,83.0,6.37,39.79,4.69,Low,279.38,12.41
Cargo,Small,40.78,86.0,26.3,21.8,9.29,Medium,146.94,2.19
Container,Small,47.62,61.0,34.81,19.33,11.76,High,82.44,0.0
Cargo,Large,103.95,98.0,35.7,9.6,14.74,High,309.63,5.65
Container,Small,42.19,62.0,25.75,48.2,8.5,Medium,319.32,3.49
Container,Large,172.61,66.0,21.02,47.97,10.91,Medium,491.68,12.22
Cargo,Large,187.27,61.0,13.26,37.35,5.77,Medium,334.55,11.76
Tanker,Medium,59.0,83.0,39.2,14.81,14.66,High,257.85,2.86
Container,Large,167.2,97.0,12.79,12.26,6.83,Medium,456.31,13.4
Passenger,Small,48.26,87.0,29.77,49.43,11.06,High,414.14,1.56
Container,Medium,70.5,93.0,21.28,3.33,5.86,Medium,274.37,8.63
Cargo,Medium,97.56,61.0,24.34,42.18,13.36,High,255.67,3.16
Tanker,Medium,90.22,82.0,15.74,17.77,8.15,Medium,470.98,10.35
Passenger,Small,41.44,78.0,38.59,20.94,20.22,High,308.56,0.0
Cargo,Large,189.33,80.0,22.87,41.6,9.41,Medium,356.89,11.05
Cargo,Small,29.06,63.0,37.51,4.53,9.14,Medium,43.34,0.95
Container,Large,115.52,87.0,0.3,17.71,0.94,Low,359.15,17.93
Cargo,Medium,79.01,80.0,22.91,47.6,4.98,Medium,132.34,6.33
Passenger,Small,40.74,91.0,28.69,34.95,12.96,High,57.77,0.0
Container,Small,42.44,79.0,29.8,37.75,7.65,Medium,424.83,4.64
Container,Large,187.1,66.0,36.2,37.88,14.3,High,345.6,5.46
Cargo,Medium,81.78,86.0,0.18,3.03,0.24,Low,203.78,13.14
Tanker,Small,38.47,67.0,0.01,10.16,0.51,Low,215.71,7.7
Tanker,Small,22.03,95.0,18.89,24.56,3.15,Low,98.56,5.03
Tanker,Medium,77.93,85.0,1.17,18.41,1.19,Low,4.78,10.7
Passenger,Medium,92.14,66.0,38.98,20.55,17.98,High,174.68,1.59
Container,Medium,82.43,98.0,8.88,39.07,4.75,Medium,74.21,6.64
Container,Large,119.32,81.0,18.91,0.73,8.04,Medium,210.86,10.74
Container,Medium,61.27,63.0,2.45,33.02,2.73,Low,416.91,14.31
Container,Medium,84.14,85.0,20.88,0.01,5.79,Low,57.38,10.15
Tanker,Small,29.59,70.0,15.2,3.15,3.86,Low,45.88,5.05
Container,Large,183.41,92.0,1.79,20.41,1.53,Low,451.05,18.66
Container,Small,33.07,93.0,13.4,42.05,6.94,Medium,372.57,4.92
Container,Medium,51.9,99.0,15.66,7.25,4.23,Low,26.53,10.11
Tanker,Medium,80.17,80.0,39.6,27.73,17.62,High,39.79,0.1
Container,Small,25.17,78.0,8.32,33.93,5.54,Medium,342.46,5.18
Container,Small,39.37,90.0,21.79,11.48,5.21,Medium,185.17,3.41
Cargo,Medium,52.6,65.0,39.49,25.62,20.47,High,362.09,3.09
Container,Large,171.3,82.0,31.68,45.57,13.34,High,202.23,4.19
Container,Large,150.38,82.0,39.73,25.61,19.21,High,483.89,6.42
Container,Large,127.3,64.0,38.73,7.87,5.88,Medium,347.21,11.19
Passenger,Medium,68.59,77.0,19.58,31.39,5.5,Medium,23.31,5.68
Passenger,Large,166.61,94.0,27.86,29.61,7.84,Medium,165.25,9.28
Container,Medium,98.3,94.0,4.42,1.35,1.04,Low,281.8,13.67
Passenger,Large,187.57,64.0,17.65,4.53,3.2,Low,70.94,14.22
Passenger,Medium,57.0,64.0,32.36,7.84,14.87,High,1.26,0.75
Passenger,Medium,97.84,71.0,20.21,6.81,5.75,Medium,39.65,6.27
Container,Medium,97.9,95.0,28.11,12.97,14.29,High,262.13,3.53
Cargo,Small,40.81,65.0,29.83,22.71,11.08,Medium,316.13,3.51
Tanker,Medium,93.25,89.0,10.14,18.59,2.5,Low,46.45,10.54
Cargo,Large,150.64,64.0,35.03,44.53,13.38,High,332.58,5.35
Tanker,Medium,70.32,85.0,18.39,30.61,10.68,Medium,308.56,8.09
Passenger,Medium,78.28,74.0,8.41,43.81,4.93,Medium,469.95,10.51
Container,Large,188.45,92.0,34.62,26.35,4.81,Medium,420.34,11.86
Container,Medium,86.86,69.0,16.71,4.49,8.13,Medium,471.62,10.58
Passenger,Small,36.38,86.0,30.01,23.16,6.98,Medium,483.05,5.57
Container,Large,161.05,69.0,21.92,41.1,10.28,Medium,220.4,9.66
Passenger,Large,118.26,89.0,15.27,9.71,5.16,Low,243.96,15.77
Cargo,Medium,54.11,95.0,32.4,4.56,7.69,Medium,140.81,6.53
Passenger,Large,100.45,65.0,23.38,16.47,5.8,Medium,254.22,10.86
Cargo,Small,39.83,95.0,15.62,19.44,8.34,Medium,75.36,2.15
Cargo,Small,24.11,84.0,4.38,15.31,2.8,Low,335.72,8.35
Cargo,Large,107.18,65.0,35.82,6.76,11.27,Medium,12.47,7.47
Passenger,Medium,57.58,77.0,1.42,12.54,0.92,Low,117.81,11.96
Container,Small,48.09,66.0,34.53,34.11,6.57,Medium,104.04,1.37
Tanker,Small,48.44,88.0,14.4,19.3,3.31,Low,468.94,9.05
Container,Medium,51.83,90.0,25.57,31.63,9.48,Medium,72.45,5.47
Container,Large,164.81,64.0,36.89,26.82,9.57,Medium,445.39,11.52
Tanker,Medium,63.37,80.0,6.07,27.45,2.08,Low,62.18,10.76
Cargo,Large,176.9,93.0,22.68,12.43,7.02,Medium,325.35,11.57
Passenger,Small,31.89,97.0,30.58,26.08,13.49,High,159.94,0.0
Tanker,Medium,70.75,81.0,30.3,1.18,13.9,High,158.0,2.65
Container,Large,168.69,98.0,21.03,21.59,8.11,Medium,499.14,13.1
Cargo,Medium,94.61,81.0,24.99,28.63,11.16,Medium,113.02,5.79
Container,Medium,69.69,76.0,30.3,9.1,7.9,Medium,101.28,6.13
Tanker,Large,171.66,94.0,33.64,12.83,10.68,Medium,294.67,10.34
Tanker,Large,156.41,80.0,30.47,10.98,12.49,Medium,370.38,11.11
Tanker,Medium,59.84,79.0,14.16,3.53,5.71,Low,491.25,14.76
Passenger,Medium,90.37,80.0,39.87,17.39,11.63,High,350.71,4.0
Container,Small,39.21,94.0,17.38,48.95,7.97,Medium,280.94,3.56
Cargo,Medium,96.01,93.0,0.98,17.69,1.34,Low,204.57,12.71
Container,Large,136.14,76.0,14.5,23.03,6.27,Medium,297.56,11.56
Container,Large,191.12,73.0,5.11,32.65,3.46,Low,300.42,16.55
Passenger,Large,147.45,80.0,4.86,32.42,3.63,Low,108.86,14.63
Tanker,Large,141.84,83.0,11.26,47.49,4.02,Medium,335.6,11.84
Container,Small,46.28,70.0,2.14,42.88,2.81,Low,102.21,5.58
Tanker,Large,156.78,92.0,27.54,39.7,15.31,High,244.98,4.75
Passenger,Small,48.67,79.0,2.96,47.58,3.1,Low,129.93,5.69
Passenger,Large,162.11,73.0,8.13,11.54,2.35,Low,156.4,15.49
Container,Large,122.15,64.0,3.72,30.85,2.81,Low,306.94,16.79
Cargo,Medium,91.59,70.0,2.53,44.36,2.69,Low,32.24,10.24
Passenger,Medium,77.43,98.0,10.71,31.21,5.01,Medium,6.02,6.0
Tanker,Small,45.11,72.0,22.88,48.87,6.16,Medium,65.31,1.32
Tanker,Medium,91.0,67.0,38.59,5.02,13.06,High,84.35,1.51
Cargo,Large,148.69,78.0,35.02,21.97,13.04,High,98.94,3.49
Cargo,Medium,83.69,72.0,35.04,48.87,11.81,High,386.97,3.96
Passenger,Small,24.58,61.0,7.04,18.98,2.73,Low,223.43,7.03
Tanker,Large,149.5,73.0,10.6,36.98,3.95,Low,234.97,15.49
Cargo,Small,33.86,82.0,3.06,1.52,0.79,Low,322.17,8.76
Passenger,Medium,51.62,82.0,31.14,34.74,11.06,High,364.55,4.29
Cargo,Large,187.04,74.0,2.79,46.73,2.89,Low,1.75,13.45
Passenger,Large,155.08,78.0,22.27,19.14,10.16,Medium,428.36,12.17
Cargo,Large,119.85,99.0,9.92,1.06,3.86,Low,494.22,18.84
Cargo,Small,30.12,75.0,9.74,1.4,2.09,Low,60.9,5.68
Tanker,Large,101.45,70.0,39.63,44.6,7.74,High,325.54,5.61
Tanker,Large,174.2,70.0,30.27,36.13,4.84,Medium,1.21,7.69
Tanker,Large,101.44,78.0,33.48,5.33,11.61,Medium,24.51,7.7
Container,Small,30.14,90.0,22.88,2.73,4.36,Low,142.5,5.59
Cargo,Medium,78.1,68.0,34.84,40.24,5.67,Medium,423.2,8.72
Container,Medium,55.18,88.0,25.82,40.49,8.32,Medium,326.25,7.93
Container,Large,111.82,61.0,37.85,6.03,18.65,High,222.91,4.35
Container,Small,28.64,77.0,11.25,15.08,4.98,Low,219.3,6.63
Tanker,Small,32.74,91.0,23.81,39.0,12.5,High,233.03,0.11
Container,Medium,75.44,74.0,27.61,26.27,5.67,Medium,155.52,6.68
Tanker,Large,181.51,83.0,15.72,47.83,4.42,Medium,438.86,12.6
Tanker,Medium,89.64,68.0,35.19,24.05,4.88,Medium,283.93,7.71
Passenger,Small,47.45,90.0,39.19,33.85,20.59,High,241.97,0.0
Container,Medium,51.0,62.0,19.75,25.49,5.62,Medium,232.54,7.87
Passenger,Large,173.01,94.0,15.63,47.15,6.79,Medium,467.91,12.68
Cargo,Small,35.78,68.0,18.88,19.93,5.86,Medium,361.83,5.09
Cargo,Large,196.86,95.0,34.11,11.49,13.95,High,72.41,3.39
Passenger,Large,170.87,74.0,25.82,16.33,6.6,Medium,218.49,10.31
Tanker,Large,196.54,89.0,1.79,42.64,2.69,Low,144.19,15.03
Cargo,Small,25.74,73.0,21.69,24.9,12.05,Medium,493.43,5.55
Tanker,Medium,58.4,96.0,0.69,17.71,1.08,Low,207.7,12.78
Container,Medium,53.61,65.0,31.14,27.21,11.34,High,33.94,1.1
Tanker,Large,131.26,67.0,13.13,6.66,4.29,Low,205.61,15.64
Passenger,Small,30.61,80.0,18.88,0.27,7.97,Medium,160.68,3.26
Cargo,Small,30.96,63.0,31.95,14.03,7.31,Medium,299.79,3.79
Container,Small,27.16,68.0,1.86,30.25,1.83,Low,113.04,6.05
Passenger,Large,110.07,98.0,6.34,35.58,4.33,Low,17.99,13.52
Cargo,Large,172.54,99.0,15.92,41.33,6.31,Medium,47.94,8.63
Passenger,Medium,54.62,75.0,9.2,46.33,6.6,Medium,141.57,6.97
Tanker,Large,140.06,97.0,13.52,20.61,5.87,Medium,174.16,10.47
Tanker,Small,34.62,82.0,39.93,37.03,14.86,High,417.23,0.95
Container,Medium,60.79,71.0,33.02,3.73,4.42,Medium,135.03,6.78
Cargo,Medium,98.62,88.0,35.36,2.88,14.01,High,15.75,0.93
Passenger,Small,29.47,86.0,37.48,6.24,14.35,High,390.37,1.47
Tanker,Large,124.1,100.0,13.64,22.43,5.98,Medium,434.46,13.02
Container,Large,110.68,71.0,11.88,10.56,2.99,Low,246.15,16.16
Passenger,Small,47.0,87.0,9.36,14.35,5.2,Low,142.46,5.95
Passenger,Small,42.11,62.0,33.2,32.39,9.21,Medium,386.07,4.03
Passenger,Small,49.46,65.0,27.18,17.93,5.27,Medium,4.45,1.2
Tanker,Small,47.39,60.0,9.45,27.87,6.07,Medium,462.01,6.38
Tanker,Large,162.81,100.0,15.08,20.62,7.04,Medium,432.77,12.86
Cargo,Small,37.38,92.0,20.27,8.45,5.81,Medium,272.42,4.36
Container,Medium,96.53,91.0,21.13,3.7,10.21,Medium,138.79,6.84
Passenger,Small,35.35,80.0,35.55,11.81,5.44,Medium,16.42,1.01
Cargo,Medium,77.11,72.0,15.22,2.89,2.2,Low,499.91,15.16
Passenger,Medium,88.11,66.0,36.34,30.93,15.1,High,381.04,3.86
Passenger,Medium,50.14,71.0,17.65,39.79,5.01,Medium,169.35,7.11
Cargo,Medium,76.56,75.0,29.85,16.99,14.79,High,9.64,0.79
Passenger,Medium,67.25,90.0,37.21,19.36,17.2,High,319.65,3.23
Tanker,Medium,74.73,82.0,36.3,40.81,10.12,High,493.45,5.29
Tanker,Small,44.12,63.0,2.28,11.13,1.6,Low,353.54,8.84
Container,Large,170.2,61.0,8.23,5.96,1.26,Low,41.86,14.56
Tanker,Large,141.25,64.0,19.08,25.06,7.35,Medium,201.14,10.22
Cargo,Medium,78.84,76.0,17.26,32.31,9.8,Medium,54.59,5.66
Container,Medium,59.16,97.0,25.64,29.98,12.84,High,456.08,5.4
Cargo,Large,199.4,85.0,37.79,35.69,10.95,High,165.21,3.95
Tanker,Medium,97.83,92.0,4.5,2.84,0.92,Low,366.69,14.49
Tanker,Large,108.95,79.0,18.07,21.41,4.4,Medium,42.35,9.05
Container,Medium,90.77,74.0,7.7,11.93,2.95,Low,64.21,10.92
Cargo,Large,101.53,64.0,35.76,37.96,14.01,High,339.74,5.45
Passenger,Large,102.62,95.0,38.58,43.64,6.55,Medium,421.74,11.16
Container,Small,41.64,91.0,19.15,14.07,5.79,Medium,100.72,2.59
Passenger,Small,23.6,67.0,4.16,4.76,2.04,Low,209.17,7.38
Tanker,Medium,95.01,80.0,31.41,12.67,9.36,Medium,309.71,7.94
Tanker,Large,149.22,79.0,27.89,5.2,4.94,Medium,398.14,12.39
Tanker,Large,105.11,85.0,14.19,16.12,7.64,Medium,314.1,11.75
Passenger,Medium,78.44,98.0,35.5,26.91,8.68,Medium,47.71,4.9
Tanker,Large,157.96,83.0,39.03,48.68,18.8,High,271.41,3.91
Container,Medium,79.77,82.0,22.31,19.97,4.96,Medium,442.3,10.01
Passenger,Medium,95.26,62.0,22.63,11.0,6.64,Medium,434.01,9.92
Passenger,Small,20.47,63.0,11.9,8.34,3.94,Low,292.51,7.57
Container,Medium,82.68,67.0,23.38,8.65,7.45,Medium,497.85,10.49
Cargo,Medium,72.36,61.0,17.59,9.63,5.87,Medium,52.56,6.47
Cargo,Small,44.45,90.0,12.09,38.11,4.2,Medium,239.3,4.01
Tanker,Small,33.21,89.0,2.69,3.05,0.98,Low,387.56,9.38
Tanker,Small,32.3,65.0,10.11,49.87,5.45,Medium,70.52,2.06
Container,Large,129.41,93.0,7.91,26.13,2.76,Low,486.37,18.47
Tanker,Medium,83.74,66.0,21.68,27.21,12.1,Medium,177.02,6.53
Tanker,Small,34.15,72.0,24.07,17.88,11.63,Medium,175.07,2.43
Tanker,Medium,69.38,70.0,24.34,34.51,12.8,High,106.6,1.88
Container,Small,23.06,75.0,15.53,23.57,6.99,Medium,144.01,2.89
Container,Medium,54.31,70.0,16.85,16.45,3.59,Low,288.79,12.56
Passenger,Small,48.09,80.0,33.37,13.26,11.58,Medium,214.68,2.46
Passenger,Large,123.15,76.0,19.05,46.28,10.48,Medium,96.69,8.44
Container,Small,24.41,99.0,39.51,14.55,5.29,Medium,404.57,4.65
Passenger,Small,26.06,62.0,17.58,21.82,6.34,Medium,31.12,1.76
Passenger,Medium,82.17,66.0,25.98,17.52,7.59,Medium,417.33,9.36
Cargo,Large,143.75,62.0,2.01,4.31,0.59,Low,137.47,15.93
Cargo,Medium,72.45,85.0,26.13,9.3,7.03,Medium,247.95,7.88
Cargo,Small,39.91,62.0,34.06,9.48,17.28,High,190.53,0.0
Passenger,Small,38.14,93.0,37.7,34.68,16.41,High,285.3,0.0
Cargo,Medium,61.82,80.0,39.89,20.33,9.78,Medium,397.99,8.2
Container,Large,171.84,81.0,11.29,39.1,5.82,Medium,494.66,13.42
Cargo,Medium,50.73,82.0,23.01,35.45,6.34,Medium,153.03,6.64
Container,Medium,97.0,67.0,18.03,9.6,6.69,Medium,276.9,8.61
Passenger,Medium,61.84,68.0,22.55,28.15,11.75,Medium,233.0,7.06
Container,Large,126.8,73.0,6.3,37.15,3.89,Low,499.46,18.35
Passenger,Small,29.38,84.0,34.25,31.65,15.05,High,404.46,1.19
Passenger,Medium,83.76,68.0,36.38,30.0,11.73,High,198.54,2.39
Container,Small,24.88,65.0,17.99,36.98,7.42,Medium,238.44,3.4
Tanker,Large,135.83,99.0,11.22,2.84,4.38,Low,122.98,14.97
Container,Medium,68.12,61.0,5.63,36.57,4.22,Low,377.62,13.54
Cargo,Medium,80.74,92.0,27.35,13.63,10.63,Medium,422.61,9.12
Tanker,Small,35.09,92.0,12.49,28.59,7.56,Medium,482.49,6.27
Cargo,Medium,98.54,72.0,36.38,12.12,16.17,High,282.91,3.15
Cargo,Large,127.81,65.0,26.84,41.94,13.12,High,335.34,5.86
Tanker,Large,178.13,66.0,25.83,24.03,12.52,High,223.03,5.21
Container,Large,131.17,88.0,22.38,32.15,6.36,Medium,304.56,11.05
Tanker,Medium,97.27,86.0,1.83,39.7,2.48,Low,174.37,11.81
Tanker,Medium,80.55,91.0,37.28,44.77,14.38,High,368.84,3.49
Tanker,Small,39.88,97.0,25.12,36.6,8.99,Medium,11.35,0.63
Passenger,Small,34.07,88.0,39.76,7.44,17.83,High,14.23,0.0
Passenger,Large,196.87,66.0,21.49,42.73,4.52,Medium,358.06,11.6
Container,Small,26.96,70.0,28.4,30.93,6.76,Medium,465.34,5.34
Cargo,Small,24.14,94.0,2.25,30.47,2.54,Low,316.12,7.99
Cargo,Large,192.99,68.0,25.27,46.07,5.43,Medium,363.26,11.3
Container,Small,36.31,63.0,30.59,12.44,6.46,Medium,411.97,5.1
Container,Large,136.11,88.0,31.14,11.98,8.09,Medium,180.84,9.6
Cargo,Medium,64.8,76.0,30.8,25.66,13.61,High,54.06,1.13
Cargo,Medium,72.56,97.0,9.05,37.54,4.81,Medium,466.55,10.58
Tanker,Large,163.42,86.0,39.02,22.36,19.92,High,469.29,6.3
Passenger,Small,40.57,64.0,39.81,31.69,9.19,High,220.92,0.0
Tanker,Small,28.0,98.0,3.02,22.63,2.49,Low,108.58,6.03
Tanker,Large,115.89,70.0,37.46,30.52,9.51,High,446.18,7.03
Container,Small,31.47,73.0,11.58,41.11,4.35,Medium,354.21,5.11
Tanker,Large,101.1,76.0,27.57,9.02,8.7,Medium,4.11,8.01
Passenger,Medium,66.26,62.0,13.52,34.77,3.48,Low,53.86,10.02
Container,Medium,76.31,80.0,38.71,39.37,11.79,High,491.6,5.01
Cargo,Medium,63.41,65.0,4.06,22.36,2.1,Low,19.06,10.53
Cargo,Medium,69.08,76.0,19.91,16.16,4.07,Low,141.28,10.89
Container,Large,105.56,74.0,17.12,0.68,7.64,Medium,274.25,11.51
Cargo,Large,119.53,91.0,13.04,39.86,5.31,Medium,92.18,9.34
Container,Medium,71.71,92.0,25.82,16.4,13.54,High,116.03,2.19
Passenger,Medium,68.78,66.0,5.24,17.87,3.3,Low,176.48,12.02
Passenger,Small,33.46,75.0,28.67,16.8,5.94,Medium,134.78,2.38
Passenger,Medium,72.08,75.0,39.22,24.94,13.09,High,401.68,4.25
Passenger,Large,161.33,66.0,32.18,35.12,12.72,High,250.14,4.92
Tanker,Small,21.81,92.0,34.4,38.59,16.64,High,139.31,0.0
Tanker,Large,126.77,88.0,14.39,19.63,7.52,Medium,156.55,10.1
Passenger,Small,27.48,68.0,13.0,33.16,6.2,Medium,19.93,1.67
Container,Large,134.49,75.0,20.68,36.03,4.16,Medium,24.7,8.48
Passenger,Large,149.69,64.0,1.83,14.85,1.28,Low,358.95,17.87
Container,Medium,70.61,85.0,37.81,4.83,17.4,High,56.46,0.84
Passenger,Medium,93.01,65.0,5.75,44.73,4.45,Medium,237.9,8.35
Tanker,Small,39.23,99.0,36.12,33.86,17.88,High,421.18,0.94
Tanker,Large,103.0,91.0,3.34,32.41,2.86,Low,184.23,15.54
Passenger,Large,162.4,76.0,32.9,2.95,4.02,Medium,172.88,10.02
Container,Large,163.79,83.0,6.08,40.89,5.01,Medium,436.52,13.14
Cargo,Medium,91.07,96.0,1.53,28.3,2.13,Low,432.43,14.67
Tanker,Small,48.99,82.0,28.78,42.39,6.45,Medium,440.07,4.87
Container,Large,197.53,67.0,11.21,48.73,4.06,Medium,285.96,11.32
Tanker,Large,135.24,75.0,28.58,47.86,11.41,High,476.15,7.23
Cargo,Medium,97.5,94.0,22.2,42.8,11.08,Medium,409.48,8.62
Container,Small,41.27,86.0,4.35,0.55,1.13,Low,207.82,7.54
Passenger,Medium,69.16,86.0,37.29,44.29,7.98,Medium,314.78,7.2
Tanker,Large,123.09,95.0,18.09,3.75,5.69,Low,60.89,13.86
Container,Large,124.45,96.0,29.38,42.56,9.03,Medium,275.67,9.93
Passenger,Medium,71.15,97.0,20.04,14.01,5.52,Medium,131.57,7.08
Cargo,Large,184.27,64.0,24.17,30.5,10.18,Medium,141.77,8.98
Container,Large,192.81,82.0,12.11,1.9,5.6,Low,62.86,14.23
Cargo,Large,192.05,90.0,8.01,38.56,4.52,Low,179.1,14.97
Passenger,Medium,59.78,90.0,21.7,5.59,8.42,Medium,240.7,7.97
Tanker,Large,145.11,84.0,17.61,20.53,7.44,Medium,300.18,11.37
Tanker,Large,117.53,67.0,15.6,40.87,7.04,Medium,152.43,9.62
Tanker,Large,151.2,92.0,26.9,34.77,7.77,Medium,396.12,11.54
Passenger,Small,25.31,89.0,27.62,0.3,6.95,Medium,260.48,3.92
Container,Large,137.86,63.0,1.84,20.15,1.42,Low,319.03,17.35
Tanker,Small,45.04,79.0,13.55,2.1,6.43,Low,139.07,5.83
Tanker,Medium,55.45,67.0,16.47,33.67,8.78,Medium,407.07,9.3
Cargo,Medium,86.8,73.0,3.88,48.45,3.71,Low,312.14,12.79
Container,Large,190.24,61.0,9.44,32.76,6.03,Medium,431.17,12.98
Passenger,Medium,81.69,76.0,2.07,11.22,1.5,Low,79.98,11.52
Passenger,Small,47.85,82.0,39.85,17.76,19.66,High,190.33,0.0
Container,Small,39.46,85.0,29.46,48.83,8.0,Medium,56.51,0.72
Tanker,Small,29.64,87.0,3.5,11.2,1.91,Low,107.76,6.29
Passenger,Medium,98.65,93.0,0.81,28.08,1.68,Low,197.27,12.4
Tanker,Medium,90.48,69.0,28.77,20.02,12.32,High,447.29,5.4
Container,Small,38.62,65.0,17.57,38.42,5.53,Medium,278.52,3.99
Container,Medium,52.63,94.0,31.47,43.37,14.06,High,165.19,1.8
Passenger,Large,195.85,66.0,36.94,17.04,10.6,Medium,373.45,10.89
Cargo,Medium,77.77,99.0,23.97,33.02,12.05,High,9.84,1.03
Container,Small,47.87,94.0,7.48,27.45,4.5,Low,185.05,6.28
Passenger,Small,46.86,80.0,31.29,13.92,6.47,Medium,300.42,3.91
Cargo,Medium,75.17,99.0,38.23,13.6,7.31,Medium,291.62,7.6
Cargo,Small,29.98,64.0,23.21,26.93,10.33,Medium,303.78,3.71
Cargo,Medium,59.73,72.0,27.28,7.7,9.12,Medium,105.75,6.23
Container,Medium,69.92,86.0,13.5,40.54,6.39,Medium,168.54,7.16
Passenger,Large,128.46,74.0,15.26,3.45,6.29,Low,465.78,18.0
Container,Small,28.04,97.0,29.39,4.73,13.23,Medium,486.99,5.38
Container,Small,49.24,63.0,37.11,17.11,8.11,Medium,156.02,1.95
Container,Large,156.41,82.0,25.16,5.9,8.4,Medium,322.25,11.41
Cargo,Medium,85.43,84.0,31.59,23.79,14.82,High,120.65,1.67
Tanker,Large,147.91,86.0,6.87,19.98,4.08,Low,184.26,15.49
Cargo,Medium,76.98,70.0,8.48,36.09,3.63,Low,396.17,13.65
Cargo,Large,161.16,75.0,21.28,47.65,5.4,Medium,250.59,10.35
Tanker,Small,33.18,94.0,7.06,37.68,3.25,Low,424.79,8.62
Container,Large,139.33,68.0,25.4,8.97,12.59,Medium,314.37,10.84
Passenger,Small,34.3,93.0,11.67,46.78,5.66,Medium,314.46,4.46
Passenger,Small,43.49,83.0,31.66,19.61,9.45,Medium,16.94,0.65
Tanker,Small,32.13,90.0,32.32,23.71,4.59,Medium,374.84,4.6
Container,Small,47.42,89.0,18.55,21.08,3.29,Low,488.93,9.01
Passenger,Medium,81.32,68.0,7.23,14.03,3.36,Low,236.51,12.59
Passenger,Small,39.35,83.0,25.87,44.75,10.93,High,79.29,0.0
Tanker,Small,25.3,95.0,39.71,16.61,13.94,High,488.49,2.17
Container,Large,186.73,77.0,24.9,28.93,5.04,Medium,145.06,9.52
Tanker,Medium,89.52,99.0,1.43,12.0,0.94,Low,204.6,12.84
Tanker,Large,174.59,78.0,0.69,39.87,2.29,Low,38.68,14.13
Container,Large,175.32,66.0,12.81,38.71,4.11,Medium,55.42,9.13
Cargo,Small,23.15,76.0,7.83,14.82,4.29,Low,108.28,5.77
Container,Large,189.75,98.0,32.52,34.08,6.54,Medium,274.23,10.18
Container,Medium,75.65,73.0,33.79,35.19,7.42,Medium,278.89,7.25
Passenger,Large,140.48,95.0,10.34,28.13,4.42,Low,303.12,16.31
Tanker,Medium,98.48,95.0,13.03,30.03,7.73,Medium,291.91,8.49
Tanker,Large,123.38,74.0,9.45,28.72,3.63,Low,247.62,15.87
Tanker,Small,27.76,63.0,36.34,4.09,13.41,High,401.05,1.77
Container,Medium,86.01,89.0,20.11,33.51,8.42,Medium,466.95,9.75
Container,Medium,95.14,72.0,26.25,23.49,5.37,Medium,134.88,6.63
Tanker,Small,29.59,91.0,16.62,21.92,4.41,Low,65.1,4.74
Tanker,Medium,71.89,78.0,25.24,43.0,14.06,High,212.54,2.6
Cargo,Medium,71.29,79.0,15.43,1.16,2.74,Low,13.21,10.26
Tanker,Medium,92.33,91.0,13.59,12.57,5.77,Low,441.66,14.11
Container,Large,144.68,75.0,25.38,6.07,12.64,Medium,119.85,8.94
Passenger,Medium,82.63,78.0,23.64,1.77,3.58,Low,274.65,12.37
Cargo,Medium,72.47,75.0,11.74,13.78,3.74,Low,57.55,10.54
Tanker,Small,44.11,75.0,5.97,49.42,3.6,Low,276.63,6.92
Container,Medium,76.01,81.0,14.74,13.51,3.46,Low,19.5,10.04
Container,Large,110.12,92.0,16.61,33.19,4.11,Medium,384.4,12.34
Container,Small,21.2,74.0,25.15,5.91,9.34,Medium,477.71,5.87
Tanker,Small,46.32,81.0,36.58,30.09,16.08,High,153.49,0.0
Container,Large,112.06,87.0,1.45,49.22,3.0,Low,129.11,14.73
Passenger,Large,108.89,71.0,9.75,14.59,5.31,Low,224.0,15.73
Passenger,Large,147.09,71.0,7.75,42.4,3.35,Low,309.99,16.33
Container,Large,138.11,97.0,20.09,49.88,7.07,Medium,94.48,8.64
Passenger,Small,35.63,89.0,17.19,29.43,5.56,Medium,401.65,5.41
Passenger,Small,32.17,83.0,29.16,15.47,6.4,Medium,99.27,1.99
Cargo,Large,184.08,86.0,9.7,33.68,3.21,Low,2.74,13.35
Passenger,Large,113.32,61.0,23.78,42.24,9.12,Medium,262.13,10.08
Cargo,Large,180.54,85.0,35.35,8.57,15.76,High,57.57,3.06
Passenger,Small,37.59,80.0,36.43,22.63,18.68,High,349.12,0.35
Container,Medium,94.23,82.0,38.35,15.96,6.62,Medium,83.73,5.54
Tanker,Small,40.74,74.0,30.93,14.17,13.99,High,408.69,1.86
Passenger,Large,125.51,63.0,36.24,43.04,17.73,High,235.18,3.91
Passenger,Large,105.8,68.0,9.38,21.08,3.45,Low,283.14,16.4
Container,Small,25.2,98.0,7.9,16.95,1.99,Low,93.29,5.8
Passenger,Large,101.58,76.0,0.26,30.18,1.64,Low,73.34,14.75
Tanker,Small,20.32,79.0,28.27,10.97,10.79,Medium,315.65,3.84
Passenger,Small,33.98,62.0,37.5,11.49,19.06,High,127.73,0.0
Passenger,Medium,84.2,62.0,7.48,26.01,3.5,Low,192.96,11.89
Passenger,Large,109.0,89.0,25.48,20.46,7.6,Medium,239.72,10.35
Cargo,Medium,86.91,82.0,29.86,14.75,6.68,Medium,114.82,6.29
Tanker,Medium,88.8,80.0,37.1,2.7,18.44,High,397.71,4.22
Tanker,Medium,63.63,70.0,25.87,26.04,6.51,Medium,469.71,9.83
Tanker,Large,128.37,90.0,38.81,40.83,6.29,Medium,215.95,9.17
Passenger,Large,106.91,67.0,13.79,42.57,6.33,Medium,458.77,12.81
Container,Large,110.79,68.0,14.0,11.77,4.1,Low,441.34,17.87
Container,Medium,64.28,78.0,21.72,29.98,5.94,Medium,83.02,6.15
Tanker,Small,47.82,71.0,15.34,42.79,7.57,Medium,86.69,1.89
Cargo,Medium,78.97,70.0,0.06,20.44,1.04,Low,238.7,13.07
Passenger,Medium,80.91,86.0,29.27,46.61,9.97,High,262.93,3.24
Cargo,Medium,52.13,86.0,30.07,45.15,5.54,Medium,170.56,6.35
Passenger,Small,20.92,93.0,29.88,10.41,10.55,Medium,156.46,2.21
Cargo,Medium,53.85,77.0,13.8,12.95,2.7,Low,215.68,12.14
Passenger,Small,35.58,63.0,20.89,9.02,4.33,Low,345.24,7.59
Cargo,Medium,67.21,71.0,14.4,9.8,6.06,Low,42.2,10.1
Container,Small,26.61,99.0,0.64,45.39,2.41,Low,355.29,8.17
Tanker,Medium,61.59,84.0,22.5,46.56,6.05,Medium,463.12,9.57
Passenger,Medium,63.43,88.0,4.95,2.59,1.77,Low,381.75,14.54
Passenger,Large,163.85,60.0,3.2,29.68,2.08,Low,95.84,14.8
Passenger,Small,47.99,81.0,30.22,28.21,7.71,Medium,43.74,0.99
Container,Large,187.98,62.0,0.38,19.53,1.11,Low,245.19,16.73
Passenger,Medium,75.93,83.0,38.36,31.58,16.77,High,478.2,4.56
Container,Small,45.08,97.0,20.61,47.37,10.53,Medium,409.53,4.46
Passenger,Medium,92.23,99.0,39.32,8.51,11.94,High,281.37,3.48
Tanker,Medium,63.66,82.0,2.32,6.02,0.95,Low,71.49,11.58
Container,Small,42.14,78.0,23.34,1.67,9.77,Medium,356.92,4.79
Passenger,Medium,71.78,98.0,13.97,18.19,3.39,Low,406.5,13.86
Passenger,Small,25.16,87.0,33.74,16.88,6.27,Medium,467.53,5.42
Container,Large,140.43,63.0,14.45,21.54,6.36,Medium,306.06,11.67
Container,Medium,60.89,79.0,10.42,25.17,4.01,Low,257.23,12.35
Container,Medium,50.9,70.0,34.3,37.89,15.07,High,309.59,3.12
Tanker,Large,168.4,79.0,14.99,19.61,4.02,Low,471.63,17.97
Passenger,Large,100.22,78.0,0.67,16.53,0.98,Low,314.06,17.48
Cargo,Small,38.11,83.0,15.61,41.34,9.23,Medium,128.8,2.16
Passenger,Large,122.95,74.0,26.18,42.49,9.16,Medium,318.08,10.51
Cargo,Large,147.2,67.0,10.17,11.64,4.0,Low,439.87,18.06
Cargo,Medium,88.71,80.0,17.28,15.73,3.25,Low,283.5,12.53
Container,Small,28.87,93.0,2.27,41.26,2.45,Low,251.35,7.13
Tanker,Large,160.47,87.0,23.52,3.97,2.89,Low,366.68,16.92
Cargo,Small,45.83,74.0,30.25,16.29,8.97,Medium,330.49,3.97
Passenger,Medium,68.41,97.0,16.53,22.42,9.31,Medium,28.34,5.68
Container,Small,28.92,96.0,16.81,9.35,8.02,Medium,362.66,5.2
Cargo,Small,31.43,68.0,3.53,9.0,1.7,Low,203.77,7.31
Cargo,Medium,88.96,62.0,8.08,21.24,4.65,Low,470.45,14.61
Tanker,Small,24.31,90.0,6.19,37.73,3.98,Low,485.4,9.19
Container,Medium,81.23,93.0,19.27,42.01,6.87,Medium,224.37,7.35
Passenger,Large,120.05,99.0,21.17,48.96,6.03,Medium,484.4,12.6
Cargo,Small,33.03,96.0,37.96,3.7,13.9,High,155.41,0.0
Container,Large,178.69,84.0,2.93,10.83,1.06,Low,341.32,17.74
Cargo,Small,44.95,81.0,23.99,37.83,8.3,Medium,37.53,0.99
Cargo,Large,122.46,61.0,21.06,27.03,10.41,Medium,72.49,8.49
Passenger,Large,171.92,70.0,20.65,16.38,3.95,Low,432.26,17.37
Passenger,Medium,95.09,78.0,34.93,10.28,5.81,Medium,446.89,9.54
Cargo,Large,154.57,85.0,8.22,14.02,2.26,Low,266.31,16.55
Tanker,Large,181.83,82.0,1.63,21.46,1.6,Low,169.89,15.83
Cargo,Large,121.35,90.0,26.89,8.86,5.84,Medium,225.51,10.55
Tanker,Medium,79.77,71.0,13.81,48.21,6.57,Medium,434.81,9.64
Passenger,Medium,57.71,83.0,0.7,5.38,0.42,Low,105.5,12.07
Cargo,Medium,87.97,64.0,10.05,49.28,5.5,Medium,147.44,7.04
Container,Large,116.52,77.0,12.37,42.09,4.72,Medium,392.72,12.39
Tanker,Medium,72.14,90.0,24.67,21.16,13.2,High,467.63,5.7
Container,Small,41.08,88.0,6.9,36.99,3.9,Low,46.46,4.79
Cargo,Medium,55.51,100.0,16.52,33.58,8.24,Medium,401.89,9.3
Cargo,Medium,53.39,71.0,19.3,10.66,7.87,Medium,322.53,8.86
Container,Medium,76.34,80.0,18.37,16.95,6.29,Medium,115.39,6.87
Cargo,Small,20.35,73.0,38.96,25.66,8.9,Medium,377.91,3.83
Cargo,Medium,83.19,78.0,1.82,31.89,2.15,Low,363.96,13.9
Passenger,Small,24.8,94.0,38.04,27.14,15.52,High,71.01,0.0
Tanker,Small,21.37,87.0,23.28,23.65,7.79,Medium,251.13,3.5
Container,Small,36.79,95.0,31.83,22.16,5.33,Medium,379.15,4.62
Passenger,Medium,62.31,68.0,17.22,24.91,3.09,Low,95.77,10.49
Passenger,Small,45.64,95.0,18.15,21.72,5.28,Medium,231.38,3.84
Cargo,Medium,73.73,62.0,35.17,27.07,6.98,Medium,60.37,5.21
Cargo,Medium,73.88,96.0,35.84,44.4,18.8,High,153.42,0.97
Cargo,Medium,70.63,73.0,9.55,31.64,3.21,Low,108.97,10.86
Container,Medium,77.8,73.0,7.97,36.13,3.86,Low,252.54,12.22
Cargo,Small,34.27,80.0,19.85,29.87,9.13,Medium,70.61,1.6
Passenger,Small,46.09,98.0,36.01,32.15,16.95,High,191.58,0.0
Tanker,Small,38.98,62.0,12.89,28.92,5.2,Medium,137.58,3.03
Passenger,Large,124.51,74.0,26.08,1.34,4.56,Low,373.02,16.74
Passenger,Medium,66.3,94.0,28.33,49.98,8.4,Medium,349.83,7.84
Cargo,Medium,79.44,76.0,31.15,1.68,8.42,Medium,47.47,5.64
Container,Large,166.03,68.0,22.56,19.76,6.53,Medium,476.74,12.99
Container,Medium,90.24,77.0,16.1,5.26,4.12,Low,372.34,13.6
Container,Small,26.8,75.0,38.68,4.85,6.15,Medium,307.98,3.83
Container,Medium,91.35,97.0,24.45,39.68,13.36,High,238.85,3.04
Cargo,Large,154.8,90.0,29.14,21.3,4.33,Medium,88.96,8.97
Tanker,Large,162.5,80.0,13.8,40.06,5.81,Medium,481.01,13.14
Container,Large,184.17,100.0,26.8,13.64,13.87,High,3.93,3.04
Cargo,Small,33.68,79.0,10.31,12.82,4.39,Low,346.24,8.05
Passenger,Large,119.3,62.0,9.8,12.56,3.0,Low,253.72,16.3
Tanker,Small,22.39,70.0,28.59,30.81,6.07,Medium,451.29,5.26
Tanker,Small,49.26,77.0,20.86,40.75,12.17,High,190.35,0.0
Cargo,Small,42.99,66.0,27.33,22.61,4.02,Medium,259.32,3.77
Container,Medium,78.08,98.0,10.78,18.96,4.96,Low,371.17,13.5
Container,Small,33.87,91.0,23.95,48.68,13.26,High,23.78,0.0
Tanker,Large,175.33,71.0,17.76,5.84,2.25,Low,27.24,13.84
Passenger,Medium,62.31,84.0,23.88,24.33,10.53,Medium,105.84,5.92
Cargo,Large,156.19,89.0,11.64,20.42,6.84,Medium,73.21,9.46
Passenger,Large,185.44,98.0,28.62,4.91,10.43,Medium,3.22,7.86
Passenger,Large,130.63,95.0,32.24,13.41,9.24,Medium,311.49,10.71
Passenger,Small,28.69,81.0,10.4,1.42,4.75,Low,397.97,8.76
Passenger,Small,25.82,91.0,12.02,43.85,6.06,Medium,478.56,6.1
Container,Small,49.83,82.0,26.45,30.39,12.09,High,220.45,0.07
Tanker,Medium,53.08,82.0,27.82,40.75,11.36,High,139.86,2.06
Passenger,Large,146.94,65.0,28.16,26.08,4.55,Medium,431.95,12.33
Container,Medium,55.72,65.0,27.31,29.98,6.56,Medium,422.2,9.2
Cargo,Small,29.06,81.0,15.71,35.04,3.82,Medium,312.42,4.66
Container,Small,45.2,71.0,15.79,45.4,4.52,Medium,136.57,2.62
Passenger,Small,29.96,61.0,10.19,4.59,1.31,Low,454.26,9.61
Passenger,Small,35.36,89.0,6.27,16.55,2.51,Low,89.2,5.8
Cargo,Large,174.98,61.0,27.7,35.45,6.52,Medium,21.82,7.87
Container,Large,180.87,84.0,3.73,47.92,4.05,Low,398.31,17.23
Container,Large,184.21,82.0,37.51,49.04,17.46,High,281.83,4.22
Passenger,Small,22.02,99.0,33.07,31.91,12.48,High,123.23,0.0
Tanker,Small,46.33,79.0,34.3,9.68,10.62,Medium,335.45,3.78
Passenger,Small,33.52,63.0,36.27,5.96,7.64,Medium,383.36,4.54
Cargo,Small,21.45,82.0,16.34,47.3,7.1,Medium,422.27,5.15
Container,Small,25.79,94.0,33.87,21.7,13.16,High,141.06,0.0
Container,Large,148.09,100.0,6.32,9.74,3.1,Low,12.79,14.11
Cargo,Large,135.69,77.0,0.87,46.69,2.45,Low,255.02,16.13
Tanker,Large,125.94,73.0,31.4,5.23,12.3,Medium,428.04,11.78
Passenger,Small,33.41,96.0,2.99,36.48,3.01,Low,103.91,5.66
Tanker,Small,39.41,68.0,39.54,31.26,14.36,High,210.56,0.0
Container,Medium,73.17,85.0,26.99,4.39,5.23,Medium,128.21,6.92
Container,Small,48.76,76.0,30.14,16.94,10.36,Medium,6.68,0.58
Passenger,Small,23.91,62.0,9.83,7.5,3.33,Low,449.26,9.32
Cargo,Large,148.71,74.0,26.95,30.22,9.33,Medium,67.53,8.19
Cargo,Medium,55.31,71.0,1.73,23.86,1.68,Low,383.38,14.3
Passenger,Small,22.92,87.0,33.51,0.21,4.85,Medium,173.3,2.97
Cargo,Small,23.49,98.0,6.78,48.79,3.61,Low,138.84,5.51
Container,Medium,88.63,71.0,27.89,17.48,4.75,Medium,470.51,10.09
Passenger,Small,22.24,92.0,8.98,12.91,2.41,Low,328.6,8.14
Tanker,Medium,78.03,62.0,2.74,11.12,1.12,Low,343.46,14.16
Container,Medium,62.31,82.0,19.26,7.94,4.21,Low,379.83,13.46
Tanker,Large,166.55,63.0,6.77,49.96,3.75,Medium,170.47,10.39
Container,Large,128.13,97.0,29.18,14.76,12.24,Medium,281.83,10.24
Passenger,Medium,93.13,91.0,9.5,20.28,5.07,Low,135.11,11.16
Cargo,Large,137.88,86.0,13.7,43.57,5.34,Medium,417.27,12.48
Container,Medium,78.52,93.0,22.7,32.09,6.65,Medium,299.65,8.15
Cargo,Small,31.71,86.0,11.4,18.43,5.91,Medium,121.7,3.09
Passenger,Medium,82.83,99.0,15.12,44.92,7.53,Medium,449.88,9.69
Passenger,Medium,66.65,89.0,32.62,37.49,8.97,Medium,290.42,7.23
Passenger,Medium,51.04,97.0,7.17,11.4,3.33,Low,247.52,12.76
Container,Medium,91.22,81.0,3.29,32.19,2.39,Low,17.24,10.33
Passenger,Large,110.94,65.0,13.13,46.12,6.7,Medium,454.9,12.7
Tanker,Large,125.04,81.0,16.98,24.82,9.68,Medium,476.14,12.85
Container,Small,30.19,65.0,21.71,36.68,6.62,Medium,281.3,3.73
Container,Small,41.24,84.0,14.9,48.56,9.46,Medium,221.26,2.95
Container,Small,20.21,79.0,31.6,34.52,8.94,Medium,179.78,2.03
Tanker,Small,26.54,85.0,1.57,5.12,0.75,Low,134.02,6.88
Container,Medium,84.33,60.0,17.27,12.23,5.52,Medium,287.26,8.81
Passenger,Small,45.77,68.0,15.29,29.75,7.81,Medium,64.05,1.9
Tanker,Large,113.69,80.0,25.9,13.78,3.91,Medium,459.59,13.03
Cargo,Medium,72.92,98.0,38.65,47.88,15.95,High,87.98,0.39
Container,Medium,94.09,75.0,20.42,20.27,9.27,Medium,372.76,8.97
Cargo,Large,189.49,77.0,39.48,22.86,12.55,High,153.44,3.85
Container,Small,43.05,89.0,12.09,35.08,3.47,Low,113.04,5.28
Tanker,Large,127.58,84.0,1.23,26.21,1.55,Low,278.93,16.85
Passenger,Large,197.23,72.0,6.63,19.11,3.42,Low,382.56,17.57
Passenger,Medium,72.97,76.0,15.8,3.83,7.43,Medium,363.37,9.62
Cargo,Large,195.26,69.0,12.65,29.82,4.89,Medium,116.88,9.85
Passenger,Medium,96.68,99.0,3.88,43.38,3.43,Low,165.25,11.45
Tanker,Large,194.16,65.0,17.31,34.29,5.03,Medium,434.42,12.69
Container,Small,38.07,75.0,13.52,19.07,4.53,Low,361.62,7.91
Tanker,Medium,75.93,61.0,4.9,6.39,1.47,Low,356.35,14.24
Tanker,Medium,93.31,69.0,11.84,40.82,6.33,Medium,134.45,6.9
Tanker,Large,175.63,91.0,35.46,47.09,19.87,High,396.0,5.26
Tanker,Small,32.8,68.0,12.08,19.41,6.11,Medium,179.21,3.59
Passenger,Small,23.15,63.0,28.56,36.43,6.87,Medium,200.7,2.56
Cargo,Small,21.39,79.0,24.48,20.54,9.13,Medium,143.78,2.29
Passenger,Small,48.68,60.0,17.09,25.11,3.42,Low,60.7,4.71
Container,Medium,78.24,63.0,9.56,41.82,3.99,Medium,210.2,7.99
Tanker,Large,106.2,92.0,14.76,4.17,2.7,Low,8.47,13.79
Cargo,Small,35.39,91.0,23.68,26.52,6.87,Medium,227.96,3.28
Passenger,Large,129.3,97.0,14.03,10.73,5.75,Low,362.5,16.93
Passenger,Large,185.31,94.0,8.6,16.99,3.43,Low,480.37,18.49
Cargo,Large,189.08,87.0,4.66,32.22,3.82,Low,39.31,13.93
Tanker,Medium,94.09,62.0,35.19,1.36,6.58,Medium,140.65,6.56
Passenger,Large,122.69,91.0,17.61,29.69,5.81,Medium,247.07,10.82
Cargo,Large,130.85,94.0,25.01,14.17,6.51,Medium,85.19,9.07
Cargo,Small,22.02,92.0,19.62,33.47,5.49,Medium,58.41,1.78
Passenger,Small,29.04,80.0,34.9,7.08,17.71,High,226.16,0.0
Passenger,Small,24.69,69.0,21.88,36.79,7.42,Medium,290.37,3.73
Tanker,Small,23.9,94.0,19.23,32.28,10.77,Medium,410.1,4.82
Cargo,Medium,67.82,89.0,36.98,48.56,11.9,High,498.9,4.98
Tanker,Small,34.57,99.0,28.79,45.56,7.51,Medium,387.14,4.17
Tanker,Medium,57.11,66.0,4.46,14.17,1.37,Low,110.67,11.66
Tanker,Small,36.47,69.0,7.11,1.37,3.21,Low,373.99,8.84
Tanker,Small,30.26,68.0,31.48,32.77,5.19,Medium,268.58,3.34
Cargo,Large,111.61,92.0,33.43,30.14,17.75,High,225.4,4.2
Container,Small,48.25,67.0,21.81,1.37,5.9,Medium,467.86,6.37
Tanker,Large,142.46,63.0,22.18,6.13,4.72,Low,351.05,16.61
Container,Large,146.15,100.0,25.28,29.24,10.23,Medium,340.85,10.94
Container,Medium,60.86,61.0,17.56,45.59,4.97,Medium,5.88,5.37
Container,Medium,71.72,93.0,27.21,45.33,5.77,Medium,432.54,9.08
Container,Small,28.36,75.0,4.34,7.57,2.25,Low,396.65,9.17
Cargo,Medium,86.81,94.0,38.45,19.23,11.34,High,149.47,2.05
Cargo,Large,128.7,82.0,30.01,2.16,9.33,Medium,146.06,9.38
Container,Large,161.58,96.0,25.25,23.46,5.48,Medium,26.74,8.39
Container,Medium,87.03,97.0,12.65,37.65,3.46,Low,25.43,9.72
Container,Medium,58.22,60.0,6.44,39.5,3.57,Low,334.3,13.07
Passenger,Small,35.39,63.0,16.37,24.95,6.2,Medium,93.12,2.39
Tanker,Large,150.32,70.0,26.46,4.79,10.99,Medium,461.77,12.5
Tanker,Medium,95.4,87.0,25.35,19.07,8.57,Medium,421.2,9.31
Cargo,Small,37.22,96.0,15.31,46.61,8.65,Medium,174.44,2.58
Container,Small,35.29,78.0,24.53,11.48,4.16,Medium,190.03,3.43
Container,Small,25.36,84.0,32.55,15.99,4.89,Medium,163.64,2.6
Cargo,Large,118.49,68.0,1.05,37.34,2.04,Low,46.2,14.26
Cargo,Large,185.35,92.0,18.02,36.68,9.2,Medium,15.72,8.0
Tanker,Large,183.12,99.0,30.34,45.61,14.53,High,226.07,4.38
Cargo,Medium,73.02,71.0,21.85,19.41,4.39,Medium,471.52,10.4
Cargo,Large,106.8,80.0,26.06,25.73,4.22,Medium,458.62,12.75
Cargo,Large,169.34,63.0,20.67,23.37,8.9,Medium,404.92,12.06
Passenger,Small,43.4,82.0,39.67,46.39,19.86,High,314.3,0.0
Container,Small,25.73,80.0,2.18,38.47,2.8,Low,428.11,8.92
Cargo,Medium,80.54,66.0,19.64,41.57,5.64,Medium,257.53,7.8
Container,Medium,97.59,78.0,3.66,6.65,1.55,Low,90.08,11.63
Cargo,Medium,58.06,73.0,6.39,39.59,4.55,Low,342.09,13.05
Container,Medium,67.28,81.0,15.32,21.65,4.18,Low,460.32,14.19
Passenger,Small,43.46,83.0,6.22,1.17,1.99,Low,9.8,5.36
Cargo,Medium,98.02,60.0,38.55,3.0,8.85,Medium,125.72,5.98
Container,Small,30.93,90.0,37.87,33.9,8.9,Medium,132.72,1.27
Container,Small,22.04,89.0,13.44,18.6,7.49,Medium,49.52,2.1
Tanker,Large,107.45,75.0,25.59,43.41,14.07,High,112.75,3.57
Container,Small,31.0,62.0,21.35,36.71,7.78,Medium,191.99,2.74
Container,Medium,99.18,90.0,32.62,1.08,5.1,Medium,469.92,10.14
Cargo,Large,198.12,98.0,25.1,34.34,11.54,Medium,430.13,11.61
Tanker,Medium,73.16,70.0,0.01,9.62,0.48,Low,473.0,15.69
Passenger,Large,194.0,73.0,30.53,21.13,6.17,Medium,60.29,8.44
Cargo,Large,153.21,67.0,29.87,31.24,9.11,Medium,14.02,7.51
Passenger,Large,157.97,83.0,20.39,43.64,8.54,Medium,54.94,8.2
Passenger,Large,111.81,66.0,36.12,22.8,6.16,Medium,457.15,12.09
Container,Large,178.14,74.0,36.34,40.42,13.97,High,78.74,2.76
Passenger,Medium,63.78,88.0,20.96,39.15,4.18,Medium,286.32,8.21
Cargo,Large,131.01,82.0,24.32,20.73,12.14,Medium,113.79,8.69
Container,Medium,65.42,75.0,39.86,25.05,19.92,High,10.32,0.0
Cargo,Medium,52.5,77.0,11.95,35.02,6.45,Medium,42.31,6.08
Container,Small,25.33,82.0,12.98,1.56,3.8,Low,354.9,8.29
Tanker,Small,25.53,60.0,7.31,44.54,3.7,Low,91.18,5.09
Container,Large,105.55,63.0,35.83,38.49,16.17,High,114.57,2.97
Passenger,Large,112.31,95.0,29.78,12.47,14.7,High,188.63,4.68
Tanker,Small,36.79,63.0,4.23,49.06,3.14,Low,328.62,7.58
Tanker,Large,161.23,88.0,39.27,8.97,11.69,High,234.69,5.03
Container,Medium,87.95,97.0,29.24,45.7,8.9,Medium,472.31,9.06
Container,Small,27.6,71.0,34.02,16.22,9.07,Medium,217.09,2.64
Container,Large,196.06,75.0,1.93,38.16,2.41,Low,99.57,14.7
Tanker,Small,21.24,83.0,20.2,22.82,10.85,Medium,268.07,3.53
Cargo,Small,34.3,95.0,27.94,36.82,7.53,Medium,225.44,2.77
Container,Large,109.56,98.0,21.72,7.79,6.84,Medium,393.57,12.41
Passenger,Medium,70.39,90.0,26.67,13.48,13.49,High,467.56,5.72
Cargo,Large,136.51,63.0,32.71,4.99,9.75,Medium,418.15,11.87
Cargo,Small,45.31,87.0,14.97,43.26,8.83,Medium,194.52,2.85
Cargo,Medium,77.78,76.0,33.95,14.81,4.93,Medium,108.06,6.19
Tanker,Small,34.9,79.0,6.52,34.72,4.87,Low,457.24,8.86
Passenger,Small,42.29,62.0,10.84,41.01,3.95,Medium,192.97,3.57
Container,Small,26.39,68.0,1.73,45.07,3.1,Low,385.1,8.35
Container,Medium,54.77,92.0,14.58,5.31,2.75,Low,494.76,15.04
Cargo,Large,182.25,78.0,15.2,44.65,6.45,Medium,288.72,10.99
Tanker,Small,38.25,72.0,32.21,9.86,7.69,Medium,239.94,3.22
Cargo,Small,26.05,75.0,26.13,36.85,8.98,Medium,349.94,3.96
Tanker,Small,39.72,94.0,17.47,36.44,5.32,Medium,96.97,2.24
Tanker,Large,170.64,90.0,26.08,0.43,12.7,Medium,244.12,10.26
Passenger,Large,142.49,71.0,2.11,11.03,1.02,Low,156.17,15.93
Passenger,Small,31.73,65.0,7.21,24.6,3.84,Low,82.11,5.38
Container,Large,106.72,70.0,25.08,21.0,4.94,Medium,305.07,11.28
Cargo,Large,166.61,97.0,25.65,45.93,13.32,High,287.85,5.35
Tanker,Large,175.91,83.0,30.97,17.99,10.72,Medium,380.6,11.23
Tanker,Small,42.12,81.0,16.12,46.85,10.27,Medium,436.49,4.99
Container,Small,41.7,84.0,28.9,22.97,8.93,Medium,110.19,1.7
Passenger,Small,37.08,75.0,27.36,48.22,7.29,Medium,389.85,4.24
Container,Large,123.34,92.0,38.54,36.87,11.03,High,183.69,4.07
Tanker,Large,118.5,81.0,8.61,41.47,5.47,Medium,314.4,11.74
Cargo,Small,44.52,65.0,22.07,5.24,8.29,Medium,425.12,5.61
Passenger,Medium,71.27,65.0,24.07,29.31,11.37,Medium,128.09,5.95
Cargo,Small,34.05,81.0,39.95,7.14,5.53,Medium,300.48,3.71
Cargo,Small,23.2,97.0,8.05,14.88,3.42,Low,240.16,7.16
Tanker,Small,20.7,72.0,20.93,31.18,11.46,Medium,395.29,4.54
Passenger,Small,29.86,95.0,13.85,36.31,3.8,Medium,348.62,5.09
Passenger,Large,151.07,91.0,21.04,1.96,3.0,Low,384.82,17.26
Cargo,Medium,78.28,70.0,9.29,26.55,4.92,Low,143.97,11.15
Tanker,Large,170.08,61.0,1.9,28.27,1.84,Low,352.18,17.48
Container,Small,37.24,64.0,22.9,3.94,8.52,Medium,302.9,4.35
Tanker,Large,112.68,89.0,13.43,25.03,5.52,Medium,228.34,10.96
Container,Medium,85.93,68.0,7.28,35.69,5.38,Medium,189.17,7.88
Tanker,Medium,97.75,75.0,12.96,2.66,6.04,Low,165.8,11.55
Tanker,Small,44.29,80.0,1.97,38.01,2.63,Low,4.84,4.73
Cargo,Large,186.52,89.0,38.02,28.82,9.22,Medium,84.78,7.85
Passenger,Medium,96.72,65.0,23.25,41.66,6.84,Medium,29.49,5.22
Tanker,Large,121.96,76.0,32.59,10.9,15.3,High,424.18,6.86
Passenger,Small,23.7,79.0,16.92,41.66,7.74,Medium,430.04,5.25
Container,Large,177.3,82.0,36.13,4.73,15.26,High,423.1,6.8
Cargo,Small,39.53,93.0,19.33,20.19,6.42,Medium,408.96,5.48
Tanker,Medium,83.38,67.0,22.96,9.97,3.74,Low,110.67,10.59
Container,Small,28.41,92.0,19.67,43.8,6.77,Medium,245.89,3.32
Passenger,Small,28.33,88.0,29.33,35.25,6.59,Medium,453.92,5.11
Passenger,Small,27.85,82.0,22.67,1.27,9.42,Medium,379.89,5.1
Cargo,Small,41.85,88.0,10.86,0.48,4.15,Low,0.91,4.84
Cargo,Small,33.04,76.0,5.82,14.56,1.52,Low,229.71,7.36
Cargo,Small,20.94,66.0,24.24,7.16,8.81,Medium,5.34,1.22
Passenger,Large,144.77,87.0,19.57,31.52,10.38,Medium,140.33,9.16
Container,Large,184.82,81.0,3.84,33.19,3.11,Low,217.88,15.81
Container,Medium,96.26,86.0,15.82,47.1,7.17,Medium,446.45,9.61
Container,Small,27.53,74.0,20.59,47.6,7.01,Medium,327.19,3.99
Passenger,Small,32.27,96.0,33.08,32.94,16.69,High,181.24,0.0
Passenger,Medium,79.34,83.0,3.04,0.28,0.83,Low,245.33,13.41
Cargo,Medium,72.32,63.0,13.94,17.95,7.06,Medium,408.69,9.92
Cargo,Large,138.38,78.0,32.91,25.66,14.88,High,149.83,3.85
Passenger,Medium,90.13,90.0,25.94,24.96,12.31,Medium,307.52,7.65
Container,Small,48.97,92.0,11.6,30.17,7.26,Medium,131.12,2.8
Tanker,Medium,72.97,80.0,33.81,48.03,15.91,High,239.98,2.16
Cargo,Medium,51.02,96.0,19.73,44.26,4.45,Medium,12.33,5.41
Passenger,Medium,75.59,71.0,19.93,5.45,3.9,Low,426.14,13.97
Cargo,Small,40.54,76.0,39.06,13.3,5.12,Medium,24.17,0.91
Container,Medium,59.59,96.0,37.88,41.66,8.75,High,112.18,1.52
Container,Large,174.02,96.0,14.34,41.22,3.85,Medium,166.76,10.14
Cargo,Small,33.45,87.0,5.62,13.77,2.38,Low,312.58,8.13
Tanker,Small,44.71,94.0,13.03,36.53,3.28,Low,360.02,7.69
Cargo,Medium,93.27,64.0,1.22,33.6,2.03,Low,40.23,10.67
Container,Small,38.48,95.0,0.83,23.68,1.57,Low,21.73,5.35
Passenger,Large,167.82,73.0,15.82,10.07,6.82,Medium,399.49,12.72
Container,Small,36.69,67.0,37.64,44.43,20.2,High,356.08,0.0
Passenger,Large,149.46,70.0,34.85,33.89,8.34,Medium,415.78,11.3
Passenger,Large,103.74,77.0,20.46,8.45,6.81,Medium,338.27,11.91
Cargo,Medium,53.48,70.0,22.61,35.24,6.9,Medium,375.51,8.83
Passenger,Small,32.76,73.0,0.24,37.07,1.92,Low,189.52,6.75
Passenger,Large,120.42,65.0,8.62,44.34,5.0,Medium,295.09,11.53
Container,Large,128.08,72.0,0.99,11.14,0.67,Low,402.7,18.49
Tanker,Large,151.44,83.0,30.18,49.44,8.31,Medium,86.06,7.93
Container,Small,37.02,78.0,5.83,7.67,2.61,Low,211.41,7.21
Tanker,Medium,73.94,74.0,34.76,30.03,15.72,High,370.24,3.79
Passenger,Medium,59.81,90.0,25.73,32.86,10.08,Medium,266.32,7.31
Passenger,Large,174.06,96.0,9.18,20.95,2.96,Low,340.83,17.03
Cargo,Large,102.7,90.0,6.31,23.75,2.84,Low,146.43,15.19
Container,Medium,95.47,73.0,25.1,44.55,5.7,Medium,16.17,5.05
Container,Medium,76.1,90.0,36.03,32.26,18.95,High,14.57,0.0
Cargo,Large,198.43,66.0,28.73,24.85,14.1,High,471.39,7.37
Cargo,Large,106.37,65.0,13.94,6.42,2.08,Low,472.27,18.49
Container,Medium,77.19,74.0,23.5,0.37,3.93,Low,105.64,10.68
Passenger,Medium,76.21,92.0,12.43,6.25,4.44,Low,73.73,10.75
Tanker,Medium,84.38,70.0,39.97,47.81,10.1,High,9.07,0.13
Container,Large,113.45,63.0,29.95,38.2,16.1,High,115.63,3.28
Container,Medium,86.36,65.0,24.58,48.36,12.3,High,167.18,2.25
Cargo,Small,48.98,94.0,16.93,1.79,3.63,Low,120.62,5.76
Tanker,Small,39.94,85.0,24.73,34.01,4.23,Medium,398.69,5.05
Tanker,Large,155.26,70.0,13.66,2.21,5.84,Low,374.72,17.24
Cargo,Medium,88.86,82.0,1.15,39.1,2.27,Low,40.51,10.54
Cargo,Large,131.49,81.0,15.8,19.05,6.59,Medium,348.66,12.06
Cargo,Medium,62.34,86.0,37.22,4.79,8.23,Medium,260.29,7.42
Container,Medium,69.32,69.0,25.05,28.4,5.36,Medium,66.08,5.9
Passenger,Small,36.89,95.0,3.36,14.01,1.94,Low,369.77,8.86
Cargo,Small,23.95,72.0,35.4,32.98,11.57,High,43.02,0.0
Passenger,Large,195.26,88.0,10.75,32.91,3.73,Low,88.58,14.12
Tanker,Large,185.56,61.0,9.75,35.25,3.27,Low,74.61,14.03
Tanker,Large,119.38,75.0,11.88,49.62,6.43,Medium,469.52,12.87
Container,Small,35.16,74.0,23.09,19.33,9.98,Medium,349.08,4.35
Tanker,Medium,82.5,82.0,21.79,23.27,5.82,Medium,205.64,7.52
Cargo,Medium,57.58,63.0,19.66,40.23,9.76,Medium,411.1,8.95
Container,Small,41.05,92.0,28.7,28.92,6.42,Medium,107.98,1.82
Passenger,Small,20.93,69.0,12.66,1.86,3.07,Low,465.55,9.48
Cargo,Large,118.21,87.0,31.28,42.15,14.56,High,348.5,5.62
Cargo,Medium,90.75,92.0,7.01,2.57,2.68,Low,279.79,13.33
Tanker,Large,183.07,82.0,31.3,8.54,6.94,Medium,397.32,11.94
Container,Small,36.52,90.0,26.55,5.1,4.21,Medium,322.39,4.77
Cargo,Large,173.15,86.0,27.33,3.9,3.39,Low,443.55,17.45
Cargo,Large,137.16,74.0,19.26,1.28,8.45,Medium,414.58,12.71
Tanker,Small,20.72,92.0,26.68,2.75,3.61,Low,98.92,5.04
Container,Small,46.55,72.0,3.19,22.12,1.57,Low,119.83,6.24
Cargo,Small,47.93,83.0,34.06,12.64,7.28,Medium,32.55,1.04
Cargo,Medium,96.13,90.0,2.22,6.33,0.93,Low,110.1,11.97
Tanker,Small,23.05,75.0,5.95,32.94,4.12,Low,171.74,6.15
Tanker,Large,168.97,72.0,23.07,11.31,5.16,Medium,14.41,8.65
Container,Medium,52.51,78.0,29.58,0.95,9.44,Medium,157.48,6.73
Tanker,Small,45.91,93.0,3.05,20.92,1.46,Low,385.77,8.94
Cargo,Small,47.44,97.0,36.83,15.52,11.3,High,420.16,1.92
Tanker,Small,35.87,82.0,38.94,15.93,7.46,Medium,4.44,0.43
Container,Large,176.69,86.0,24.24,22.26,5.58,Medium,3.57,8.22
Cargo,Small,28.44,96.0,19.25,33.45,6.42,Medium,73.15,1.86
Container,Medium,98.37,64.0,29.66,30.82,13.54,High,436.29,4.91
Cargo,Medium,88.46,69.0,13.13,46.86,7.56,Medium,234.64,7.6
Container,Large,137.26,88.0,19.73,25.89,6.54,Medium,491.45,13.16
Container,Small,43.39,93.0,36.65,23.63,6.59,Medium,443.67,4.87
Container,Small,26.86,94.0,38.23,10.67,8.65,Medium,445.06,4.86
Container,Small,43.58,77.0,37.08,37.77,13.09,High,64.24,0.0
Tanker,Medium,51.73,64.0,10.5,7.04,5.05,Low,237.61,12.41
Passenger,Medium,70.51,78.0,9.3,24.56,5.76,Medium,496.8,11.04
Container,Large,108.56,69.0,11.91,21.07,5.28,Low,74.52,14.0
Cargo,Large,157.4,72.0,17.65,32.92,5.89,Medium,287.12,11.14
Tanker,Large,131.64,91.0,12.57,45.88,7.04,Medium,172.14,9.87
Tanker,Small,21.66,63.0,14.97,47.33,5.88,Medium,193.93,3.06
Container,Medium,80.24,93.0,24.83,8.39,9.11,Medium,445.4,9.73
Container,Small,30.61,77.0,30.5,13.09,6.68,Medium,293.95,3.88
Cargo,Small,37.26,84.0,29.42,40.58,8.11,Medium,379.39,4.1
Container,Medium,51.96,64.0,32.58,25.91,5.53,Medium,336.62,8.27
Tanker,Large,180.89,73.0,1.29,22.65,1.48,Low,264.51,16.78
Container,Medium,90.94,64.0,1.91,35.53,2.44,Low,395.86,14.11
Tanker,Medium,71.13,98.0,31.58,30.1,14.63,High,485.37,5.21
Tanker,Medium,60.46,92.0,21.32,48.54,11.47,High,483.41,5.65
Container,Large,113.05,78.0,23.13,29.2,12.96,High,394.73,6.91
Passenger,Large,192.94,69.0,2.1,23.3,1.45,Low,243.66,16.52
Cargo,Large,192.88,97.0,10.21,27.14,4.39,Low,81.58,14.12
Passenger,Large,144.11,74.0,25.53,40.43,9.9,Medium,22.24,7.55
Container,Medium,58.32,66.0,34.37,30.63,16.03,High,115.72,1.22
Cargo,Large,184.34,83.0,36.68,32.35,9.19,Medium,170.13,8.7
Cargo,Medium,51.12,98.0,20.02,48.57,4.99,Medium,64.92,5.78
Tanker,Small,30.44,60.0,21.82,30.92,6.47,Medium,112.38,2.17
Passenger,Medium,57.06,70.0,33.32,19.01,17.4,High,41.77,0.63
Cargo,Small,46.53,98.0,21.5,34.57,11.61,Medium,261.84,3.09
Passenger,Large,180.42,67.0,20.67,32.97,6.98,Medium,63.16,8.64
Passenger,Large,104.21,65.0,36.2,0.69,16.34,High,371.38,6.26
Passenger,Medium,90.97,83.0,31.6,23.37,4.74,Medium,166.32,6.74
Passenger,Large,198.94,94.0,36.36,37.15,10.06,High,336.03,5.79
Passenger,Small,25.35,79.0,8.73,24.95,4.66,Low,441.26,8.81
Cargo,Medium,59.88,100.0,20.98,38.98,5.91,Medium,43.01,5.61
Tanker,Medium,64.47,87.0,33.7,22.54,7.17,Medium,494.5,9.69
Cargo,Large,197.83,63.0,4.45,49.17,4.44,Medium,322.62,11.98
Passenger,Small,37.99,100.0,31.79,14.64,11.74,Medium,26.68,0.61
Tanker,Medium,66.7,76.0,7.32,4.61,3.86,Low,157.0,11.93
Cargo,Large,143.36,71.0,32.32,21.5,6.05,Medium,443.12,12.18
Container,Small,37.34,82.0,24.48,27.09,7.29,Medium,298.12,3.89
Cargo,Small,44.27,72.0,7.73,17.45,2.61,Low,143.61,6.24
Container,Large,180.91,63.0,18.93,12.11,9.16,Medium,470.25,13.0
Passenger,Small,29.14,60.0,27.28,33.6,7.19,Medium,393.63,4.58
Tanker,Medium,97.98,78.0,25.35,18.86,7.06,Medium,367.77,8.93
Passenger,Medium,97.82,93.0,17.09,31.57,4.26,Medium,444.21,10.13
Tanker,Large,184.6,83.0,35.97,38.95,16.7,High,384.89,5.6
Tanker,Small,44.58,100.0,20.77,38.05,5.95,Medium,143.37,2.44
Cargo,Small,34.41,71.0,20.23,18.77,3.51,Low,291.94,6.98
Cargo,Large,193.21,71.0,2.49,28.39,2.1,Low,421.14,18.11
Tanker,Small,48.55,66.0,36.88,22.48,10.59,High,90.42,0.0
Container,Large,116.94,67.0,7.08,43.54,3.39,Low,81.51,14.05
Container,Large,161.72,71.0,21.13,43.94,5.44,Medium,79.49,8.72
Cargo,Medium,81.13,92.0,32.14,17.19,15.6,High,97.13,1.46
Container,Large,107.33,96.0,8.62,4.59,1.33,Low,51.62,14.66
Passenger,Medium,72.51,99.0,21.09,8.38,3.37,Low,418.81,13.83
Tanker,Small,49.11,69.0,9.63,18.35,2.82,Low,409.16,8.76
Tanker,Large,152.5,95.0,30.39,28.21,16.03,High,75.68,3.07
Container,Small,25.81,73.0,22.57,32.84,4.67,Medium,352.77,4.68
Tanker,Medium,97.68,65.0,34.24,16.57,15.43,High,313.49,3.55
Cargo,Large,108.48,95.0,35.78,33.37,18.01,High,138.1,3.12
Passenger,Large,119.99,85.0,25.95,46.89,8.86,Medium,113.68,8.42
Tanker,Small,22.24,67.0,29.02,32.6,7.94,Medium,125.29,1.76
Container,Medium,97.85,77.0,21.97,7.93,8.55,Medium,365.32,9.14
Cargo,Small,45.23,71.0,15.38,28.98,7.31,Medium,159.66,2.92
Tanker,Large,185.68,89.0,25.92,27.09,12.03,Medium,138.98,8.75
Passenger,Large,105.67,78.0,36.33,43.54,17.88,High,11.24,1.64
Container,Medium,98.55,100.0,16.67,17.52,4.33,Low,454.12,14.12
Passenger,Medium,92.95,62.0,12.58,21.15,5.77,Medium,376.35,9.73
Cargo,Medium,52.13,74.0,15.54,29.93,3.89,Low,236.39,11.8
Container,Small,21.16,79.0,17.42,26.22,6.61,Medium,471.46,6.06
Container,Large,113.91,80.0,2.94,35.95,2.81,Low,146.77,15.12
Cargo,Medium,94.64,73.0,19.94,2.02,3.38,Low,337.35,13.2
Cargo,Large,152.78,89.0,19.77,28.18,3.99,Medium,152.58,9.97
Container,Medium,51.91,95.0,23.54,6.08,4.49,Low,157.29,11.03
Container,Medium,97.81,98.0,14.51,15.76,4.68,Low,422.35,13.91
Cargo,Small,43.81,92.0,24.52,33.08,12.81,High,393.51,1.77
Container,Large,178.57,94.0,35.13,7.87,11.38,Medium,147.05,8.82
Tanker,Large,129.65,82.0,38.22,15.44,16.04,High,40.69,2.58
Tanker,Small,49.72,93.0,23.34,35.15,5.72,Medium,178.79,2.75
Container,Small,21.84,72.0,1.7,32.54,1.87,Low,380.03,8.68
Cargo,Small,22.83,76.0,38.77,4.55,7.82,Medium,50.27,1.09
Container,Large,168.8,73.0,28.23,28.86,7.81,Medium,336.05,10.99
Cargo,Large,109.29,79.0,13.44,7.36,4.66,Low,444.88,17.96
Container,Medium,76.24,71.0,5.89,12.61,3.3,Low,89.61,11.22
Container,Small,39.75,98.0,5.74,22.96,2.7,Low,431.1,9.09
Tanker,Small,24.94,73.0,6.71,5.47,2.34,Low,25.68,5.38
Cargo,Large,109.3,64.0,1.82,49.68,2.67,Low,333.44,16.78
Tanker,Small,48.94,81.0,36.09,8.27,4.5,Medium,395.52,4.94
Cargo,Small,32.04,62.0,21.63,39.07,4.84,Medium,222.38,3.28
Container,Small,43.92,64.0,28.0,41.49,12.7,High,101.86,0.0
Tanker,Large,120.9,69.0,33.12,49.72,12.24,High,462.36,6.75
Passenger,Medium,54.57,79.0,31.66,21.43,6.68,Medium,9.98,5.02
Tanker,Large,110.43,77.0,35.3,43.7,14.08,High,277.54,4.73
Container,Large,169.63,92.0,38.69,47.88,14.69,High,186.42,3.5
Container,Large,143.6,90.0,17.56,8.64,2.81,Low,230.53,15.77
Container,Large,120.64,77.0,38.01,23.97,14.74,High,268.28,4.83
Tanker,Small,46.65,73.0,28.93,3.0,11.92,Medium,267.37,3.38
Container,Small,24.83,73.0,2.83,31.04,2.16,Low,101.81,5.84
Container,Medium,76.82,91.0,27.27,29.07,11.68,High,339.85,4.29
Tanker,Medium,96.29,62.0,27.47,10.21,5.45,Medium,9.57,5.57
Passenger,Medium,57.45,61.0,36.23,39.9,16.58,High,10.59,0.0
Container,Small,33.56,92.0,14.92,1.86,7.03,Medium,239.24,4.31
Container,Large,167.26,79.0,23.4,40.31,8.49,Medium,270.95,10.28
Passenger,Small,34.41,65.0,0.49,1.33,0.16,Low,137.44,7.11
Tanker,Small,35.92,69.0,13.28,32.84,5.09,Medium,275.84,4.33
Tanker,Small,48.24,97.0,2.49,3.94,0.7,Low,258.05,8.11
Container,Medium,68.13,94.0,20.87,12.56,2.73,Low,174.61,11.38
Passenger,Medium,79.57,88.0,32.7,36.1,13.58,High,325.89,3.54
Tanker,Large,166.61,79.0,8.26,14.02,1.67,Low,478.97,18.73
Tanker,Small,45.29,81.0,21.1,25.56,5.16,Medium,245.4,3.77
Cargo,Small,32.13,99.0,8.16,45.76,5.46,Medium,393.03,5.46
Cargo,Small,38.26,99.0,4.83,2.48,1.89,Low,123.8,6.56
Container,Large,174.14,69.0,20.44,40.55,4.67,Medium,380.98,11.91
Tanker,Large,126.3,92.0,3.17,3.26,1.32,Low,324.45,17.69
Tanker,Large,161.58,68.0,23.49,6.34,11.41,Medium,319.85,11.16
Tanker,Medium,84.47,69.0,1.25,5.97,0.46,Low,446.52,15.44
Tanker,Small,27.06,87.0,4.27,49.71,3.62,Low,116.68,5.4
Passenger,Large,137.29,76.0,22.0,9.01,9.07,Medium,184.23,10.06
Container,Medium,64.68,97.0,23.66,44.84,10.93,High,41.53,1.24
Container,Large,151.76,64.0,1.16,49.55,2.7,Low,363.06,17.11
Cargo,Medium,70.42,80.0,22.94,19.19,4.75,Medium,421.93,9.81
Container,Medium,91.66,97.0,33.54,31.55,15.45,High,202.92,2.18
Container,Large,188.5,96.0,28.89,38.95,15.89,High,178.41,3.97
Cargo,Small,37.16,66.0,5.25,19.63,3.12,Low,329.33,8.13
Tanker,Small,30.09,75.0,23.7,8.09,11.91,Medium,37.8,1.24
Cargo,Small,37.81,85.0,26.89,21.69,10.28,Medium,146.92,2.06
Cargo,Large,132.54,66.0,1.49,38.59,2.63,Low,183.11,15.52
Tanker,Small,39.21,99.0,34.21,39.04,14.82,High,259.3,0.0
Passenger,Large,151.13,97.0,36.25,11.53,17.38,High,238.28,4.6
Passenger,Large,160.27,67.0,34.02,8.75,6.04,Medium,104.34,8.96
Container,Small,44.68,65.0,32.99,46.03,16.36,High,270.39,0.0
Container,Medium,93.43,63.0,29.8,2.2,5.44,Medium,462.93,10.15
Tanker,Small,28.85,96.0,25.34,36.74,4.65,Medium,13.54,1.07
Cargo,Medium,59.25,68.0,27.15,2.32,8.45,Medium,340.15,8.75
Cargo,Large,134.28,77.0,32.26,41.9,9.43,High,312.35,5.73
Passenger,Large,128.96,78.0,26.5,45.27,5.37,Medium,462.21,12.25
Cargo,Large,144.98,84.0,13.11,14.87,7.2,Medium,322.67,11.95
Tanker,Medium,53.14,63.0,15.04,3.7,5.7,Low,312.42,12.93
Container,Medium,73.39,69.0,35.88,24.03,17.73,High,384.9,3.8
Tanker,Medium,64.05,97.0,0.68,14.92,1.09,Low,133.9,12.1
Tanker,Small,20.18,96.0,27.95,20.86,8.22,Medium,297.87,3.74
Container,Medium,70.1,91.0,38.19,33.25,9.37,High,259.71,3.09
Container,Medium,65.62,61.0,28.25,10.49,5.43,Medium,219.24,7.63
Container,Large,144.54,73.0,39.76,17.85,13.06,High,39.74,2.75
Tanker,Medium,77.32,85.0,27.5,39.13,11.37,High,146.31,2.17
Cargo,Medium,98.96,71.0,1.37,32.19,2.01,Low,139.99,11.69
Cargo,Medium,85.72,96.0,33.08,16.31,9.25,Medium,362.13,8.32
Cargo,Large,147.09,85.0,11.39,33.22,3.57,Low,460.33,17.81
Tanker,Medium,87.68,63.0,17.84,38.27,6.85,Medium,115.39,6.41
Tanker,Small,39.58,96.0,12.48,29.62,3.15,Low,37.31,4.64
Cargo,Medium,67.72,98.0,10.74,11.97,5.39,Low,499.98,14.88
Container,Large,106.21,63.0,17.26,0.01,2.05,Low,345.6,17.19
Tanker,Small,48.93,81.0,15.15,40.14,5.83,Medium,443.24,5.69
Tanker,Medium,80.62,72.0,25.33,41.13,5.6,Medium,71.94,5.67
Passenger,Medium,87.1,76.0,32.53,34.88,15.08,High,400.38,4.17
Container,Medium,73.59,67.0,11.88,3.83,2.87,Low,406.66,14.31
Tanker,Large,172.96,83.0,8.55,29.26,2.7,Low,75.74,14.27
Cargo,Medium,56.37,98.0,26.68,41.05,10.39,Medium,80.7,5.21
Cargo,Medium,69.88,80.0,26.81,19.48,13.48,High,147.73,2.4
Container,Small,31.87,63.0,36.05,9.9,17.2,High,108.39,0.0
Passenger,Small,20.99,85.0,0.64,29.38,1.6,Low,487.7,9.9
Container,Large,141.89,74.0,34.12,41.32,15.3,High,181.47,3.75
Container,Small,35.92,94.0,20.84,2.44,2.46,Low,380.65,8.27
Cargo,Large,139.74,77.0,24.85,29.85,5.29,Medium,402.53,12.06
Cargo,Medium,86.81,68.0,3.65,32.16,2.7,Low,192.97,12.03
Cargo,Medium,73.37,68.0,17.3,30.12,4.82,Medium,341.29,9.06
Cargo,Large,183.14,91.0,9.09,32.5,5.44,Medium,53.9,9.29
Tanker,Medium,86.26,71.0,10.17,31.57,6.38,Medium,198.48,7.81
Cargo,Large,128.62,91.0,20.16,6.52,2.38,Low,483.66,18.26
Container,Small,35.38,68.0,32.5,11.75,6.87,Medium,84.27,1.7
Tanker,Large,187.08,73.0,29.75,30.95,9.75,Medium,192.86,9.25
Cargo,Medium,65.7,79.0,23.64,0.88,7.73,Medium,395.26,9.58
Cargo,Large,120.56,98.0,21.58,31.74,11.65,Medium,332.71,10.85
Tanker,Medium,60.49,97.0,17.09,33.27,9.47,Medium,315.76,8.29
Cargo,Medium,65.88,68.0,38.91,11.96,14.41,High,426.63,4.64
Passenger,Small,46.71,74.0,22.41,29.91,6.04,Medium,14.55,1.22
Container,Large,161.9,66.0,10.16,26.7,5.53,Medium,385.58,12.66
Cargo,Small,49.71,80.0,9.2,13.03,2.32,Low,441.27,9.26
Container,Large,125.9,78.0,24.45,23.15,13.04,High,8.09,3.09
Passenger,Large,153.86,96.0,20.91,45.48,4.41,Medium,279.48,10.8
Passenger,Medium,86.79,97.0,0.31,21.33,1.17,Low,174.29,12.38
Passenger,Small,44.44,75.0,33.2,31.49,6.07,Medium,25.38,0.76
Container,Large,159.0,80.0,28.16,1.77,7.5,Medium,208.87,10.3
Tanker,Small,34.51,96.0,26.47,3.89,9.56,Medium,322.02,4.26
Tanker,Small,45.92,92.0,2.75,4.07,1.24,Low,459.51,10.05
Cargo,Small,25.3,60.0,14.48,38.91,7.94,Medium,310.27,4.21
Passenger,Medium,59.8,73.0,37.42,17.51,13.5,High,428.37,4.71
Tanker,Small,47.82,77.0,34.5,11.38,7.49,Medium,60.79,1.31
Cargo,Medium,90.48,69.0,11.42,37.37,7.07,Medium,105.26,6.63
Cargo,Large,151.08,68.0,6.28,8.5,3.09,Low,485.15,18.86
Cargo,Large,130.63,62.0,17.96,12.32,3.56,Low,443.7,17.74
Passenger,Medium,77.46,86.0,14.23,21.55,7.21,Medium,117.61,6.91
Cargo,Small,29.83,71.0,27.29,16.57,14.17,High,310.49,0.99
Passenger,Small,24.59,62.0,38.66,29.27,15.18,High,181.32,0.0
Cargo,Small,28.12,69.0,14.52,16.89,3.93,Low,234.3,6.69
Tanker,Large,193.55,92.0,2.49,19.65,1.84,Low,430.44,18.4
Tanker,Large,178.78,94.0,35.9,43.14,10.67,High,367.86,5.95
Tanker,Small,27.95,79.0,1.52,44.23,2.77,Low,119.22,5.75
Passenger,Medium,80.15,77.0,38.11,41.39,14.19,High,158.0,1.43
Container,Small,26.41,99.0,26.58,43.24,14.7,High,144.86,0.0
Passenger,Small,38.01,68.0,37.67,28.49,14.5,High,390.33,1.0
Cargo,Large,194.68,69.0,7.99,32.31,3.1,Low,245.04,15.89
Tanker,Large,161.24,72.0,1.63,27.86,2.03,Low,475.36,18.71
Tanker,Small,31.7,67.0,19.53,39.28,6.27,Medium,408.34,5.09
Passenger,Small,21.61,75.0,18.02,27.55,5.14,Medium,105.6,2.49
Tanker,Small,47.38,96.0,13.26,5.55,3.68,Low,392.97,8.59
Container,Small,43.72,85.0,38.31,40.48,6.04,Medium,253.04,2.6
Cargo,Large,196.29,76.0,32.9,38.03,17.95,High,126.86,3.07
Container,Small,40.85,97.0,26.46,41.02,10.33,Medium,181.67,2.04
Passenger,Medium,96.04,62.0,6.51,9.52,3.14,Low,486.06,15.23
Passenger,Large,112.18,68.0,29.37,13.58,6.65,Medium,241.98,10.41
Tanker,Medium,74.12,83.0,29.08,14.79,12.33,Medium,359.8,8.22
Tanker,Medium,72.59,85.0,17.0,25.4,6.83,Medium,238.54,7.94
Cargo,Large,195.07,62.0,36.99,6.69,10.31,Medium,185.78,9.24
Passenger,Small,42.65,76.0,6.68,19.27,4.23,Low,398.21,8.64
Passenger,Medium,61.75,86.0,10.69,9.11,3.64,Low,424.16,14.36
Passenger,Small,36.34,88.0,2.53,13.24,1.58,Low,35.94,5.61
Tanker,Large,183.22,86.0,31.82,35.32,5.14,Medium,139.49,8.98
Cargo,Small,38.59,73.0,24.87,42.74,7.62,Medium,253.94,3.08
Passenger,Small,47.19,64.0,12.6,1.15,5.8,Low,158.25,6.15
Passenger,Medium,87.54,77.0,6.55,28.29,4.06,Low,391.79,13.82
Passenger,Medium,86.89,65.0,1.61,1.8,0.6,Low,57.37,11.6
Tanker,Small,42.51,98.0,6.67,4.26,3.28,Low,398.9,9.04
Cargo,Medium,65.3,79.0,18.13,35.25,7.1,Medium,308.94,8.37
Tanker,Large,199.04,73.0,9.89,36.78,5.07,Medium,144.68,10.11
Cargo,Large,177.76,91.0,10.36,40.7,4.65,Medium,172.23,10.33
Cargo,Medium,99.16,80.0,35.02,23.71,13.37,High,91.45,1.35
Tanker,Large,160.49,72.0,20.61,42.99,6.84,Medium,126.29,9.09
Passenger,Small,31.86,92.0,29.17,8.34,7.83,Medium,358.63,4.58
Cargo,Small,33.6,95.0,1.43,12.49,1.32,Low,187.94,7.23
Container,Small,38.66,87.0,14.61,6.73,2.45,Low,343.74,8.13
Container,Medium,76.67,62.0,19.17,39.88,4.72,Medium,257.05,7.94
Passenger,Medium,73.03,83.0,7.46,11.43,1.45,Low,72.65,11.18
Cargo,Large,180.57,91.0,4.81,7.78,1.49,Low,249.54,16.75
Passenger,Small,37.81,65.0,34.81,31.16,10.58,High,378.23,1.36
Container,Small,32.1,69.0,37.58,3.85,5.37,Medium,148.84,2.4
Cargo,Medium,92.07,95.0,3.15,2.25,1.12,Low,324.04,14.13
Cargo,Large,154.11,61.0,13.96,5.34,4.92,Low,99.52,14.5
Passenger,Small,22.7,90.0,38.33,0.01,15.35,High,67.85,0.0
Passenger,Small,44.38,79.0,3.33,34.85,3.38,Low,180.11,6.4
Passenger,Large,177.16,78.0,25.75,28.11,10.36,Medium,194.6,9.46
Passenger,Small,28.44,60.0,38.89,10.49,6.15,Medium,380.5,4.44
Tanker,Medium,57.94,93.0,39.13,11.65,5.88,Medium,230.04,7.12
Container,Large,194.12,74.0,18.85,40.55,9.78,Medium,40.62,8.07
Tanker,Large,148.06,82.0,6.51,25.09,3.6,Low,317.0,16.78
Passenger,Small,26.67,87.0,8.08,34.93,3.08,Low,234.63,6.74
Tanker,Large,159.18,88.0,35.58,22.64,8.3,Medium,165.82,9.0
Container,Small,31.97,98.0,36.47,11.89,15.19,High,401.11,1.43
Passenger,Small,42.81,81.0,24.32,48.52,10.37,High,77.19,0.0
Passenger,Small,28.14,76.0,30.65,28.28,11.65,High,456.61,2.3
Container,Large,151.38,98.0,29.6,6.55,5.77,Medium,167.03,9.88
Container,Large,121.1,86.0,26.47,20.3,10.32,Medium,230.47,9.94
Cargo,Small,26.76,72.0,33.09,16.47,14.33,High,464.62,2.23
Passenger,Medium,95.71,65.0,27.42,10.7,12.99,Medium,380.62,8.52
Tanker,Small,48.07,94.0,21.36,46.67,10.76,Medium,37.15,0.69
Cargo,Medium,87.98,74.0,9.48,44.05,5.34,Medium,289.15,8.6
Tanker,Large,114.95,86.0,29.76,9.96,11.49,Medium,155.18,9.12
Container,Medium,85.75,79.0,18.94,17.61,6.45,Medium,254.24,8.2
Cargo,Large,148.65,68.0,11.79,38.12,4.16,Medium,371.48,12.35
Tanker,Large,127.83,84.0,32.08,10.43,15.05,High,248.09,5.16
Container,Medium,97.71,62.0,27.87,29.58,10.2,Medium,35.51,4.95
Passenger,Small,36.38,77.0,37.49,34.99,14.41,High,264.99,0.0
Container,Small,47.33,82.0,6.62,32.7,4.92,Low,12.06,4.44
Container,Large,103.88,77.0,25.97,35.32,14.6,High,174.2,4.28
Tanker,Small,38.15,90.0,9.77,35.33,5.03,Medium,239.02,4.09
Container,Small,21.49,93.0,36.14,48.24,6.52,Medium,322.34,3.2
Passenger,Large,137.38,91.0,3.98,17.32,1.89,Low,253.1,16.6
Container,Medium,91.83,62.0,26.25,43.93,14.66,High,75.97,1.1
Passenger,Small,34.38,68.0,31.64,1.09,6.87,Medium,466.11,5.77
Container,Large,109.93,81.0,14.2,14.41,7.82,Medium,325.15,11.87
Passenger,Medium,52.89,97.0,38.17,2.43,5.23,Medium,158.48,6.7
Cargo,Small,24.16,93.0,34.03,32.56,12.76,High,482.97,2.2
Passenger,Medium,97.67,94.0,11.78,5.04,3.86,Low,441.29,14.54
Tanker,Small,42.83,72.0,0.3,42.29,2.18,Low,71.75,5.44
Container,Medium,55.13,77.0,11.87,32.33,7.31,Medium,327.71,8.91
Passenger,Large,192.64,79.0,11.25,1.44,3.98,Low,280.03,16.61
Cargo,Small,37.28,66.0,35.6,35.74,8.63,Medium,96.4,1.01
Passenger,Large,192.35,61.0,38.68,43.1,11.96,High,116.74,3.18
Passenger,Large,199.35,98.0,2.82,33.06,2.75,Low,281.89,16.54
Tanker,Medium,93.63,70.0,18.85,1.53,4.21,Low,160.64,11.41
Tanker,Large,102.76,70.0,21.93,42.9,12.05,High,417.42,7.01
Container,Large,105.15,63.0,3.72,36.62,2.45,Low,48.87,14.13
Tanker,Large,128.05,97.0,15.1,18.92,4.05,Low,457.02,17.83
Tanker,Small,37.09,83.0,12.68,16.43,2.82,Low,420.28,8.76
Passenger,Large,133.59,87.0,21.44,23.99,4.24,Medium,369.31,12.12
Tanker,Medium,82.94,96.0,26.45,43.36,7.99,Medium,131.28,5.92
Cargo,Large,196.57,74.0,28.14,12.6,14.69,High,357.48,6.45
Tanker,Large,188.81,85.0,5.47,5.05,1.01,Low,219.38,16.52
Cargo,Large,147.97,62.0,32.52,43.23,8.18,Medium,316.88,10.26
Cargo,Medium,74.73,67.0,27.14,1.31,5.73,Medium,156.28,7.21
Passenger,Small,20.41,93.0,35.56,45.55,14.64,High,417.93,1.03
Container,Medium,53.13,91.0,17.97,15.29,7.92,Medium,20.29,5.81
Container,Medium,83.56,74.0,35.76,25.41,15.6,High,345.73,3.6
Cargo,Large,176.8,75.0,34.63,6.61,3.91,Medium,414.32,12.29
Passenger,Small,34.94,81.0,17.54,45.11,8.58,Medium,323.21,3.99
Cargo,Medium,91.71,60.0,15.25,37.49,7.25,Medium,96.0,6.32
Cargo,Small,42.68,70.0,37.31,46.21,13.77,High,142.49,0.0
Tanker,Medium,86.23,68.0,28.61,34.16,8.91,Medium,257.45,7.17
Passenger,Small,48.77,70.0,37.13,9.23,16.02,High,164.72,0.0
Container,Medium,65.62,92.0,31.88,15.41,8.34,Medium,2.46,4.89
Passenger,Small,22.64,71.0,24.37,24.34,5.9,Medium,20.34,1.31
Cargo,Large,185.9,68.0,4.63,30.36,2.56,Low,383.88,17.54
Tanker,Large,106.53,80.0,11.66,46.32,5.53,Medium,41.85,8.76
Cargo,Medium,82.86,95.0,38.75,19.2,8.15,Medium,464.01,9.1
Cargo,Medium,92.49,70.0,12.78,35.15,6.14,Medium,221.37,7.86
Tanker,Medium,85.05,63.0,3.73,48.05,4.09,Low,379.09,13.43
Tanker,Large,145.39,74.0,28.3,7.62,9.95,Medium,62.75,8.47
Container,Small,44.92,90.0,29.36,43.14,10.34,High,463.25,2.27
Tanker,Small,36.59,82.0,11.42,21.04,5.83,Medium,16.9,1.99
Cargo,Small,30.64,93.0,11.91,36.62,6.59,Medium,21.07,1.62
Cargo,Small,46.64,98.0,18.76,14.68,5.36,Medium,27.29,1.91
Passenger,Medium,89.44,92.0,0.87,16.7,1.13,Low,51.7,11.23
Tanker,Small,41.11,84.0,31.57,1.36,12.44,Medium,243.42,2.98
Passenger,Small,26.32,80.0,12.68,48.57,4.94,Medium,394.14,5.24
Container,Small,30.86,62.0,34.15,40.67,10.45,High,142.47,0.0
Cargo,Medium,90.03,99.0,32.11,4.7,4.8,Medium,372.89,9.15
Cargo,Small,23.05,75.0,26.46,49.98,15.6,High,387.03,0.99
Cargo,Small,21.28,66.0,12.99,30.25,3.26,Low,454.14,8.76
Tanker,Medium,61.38,87.0,20.65,42.69,5.59,Medium,74.68,5.9
Cargo,Medium,69.88,71.0,17.79,3.33,5.36,Low,67.77,10.39
Container,Small,42.07,83.0,13.56,19.47,7.02,Medium,61.05,2.24
Cargo,Medium,69.55,83.0,33.93,33.48,9.9,High,179.66,2.44
Cargo,Large,176.84,78.0,19.34,5.32,8.15,Medium,244.71,10.96
Passenger,Large,104.57,93.0,33.31,24.45,13.56,High,230.8,4.8
Container,Medium,71.89,71.0,4.21,22.13,2.6,Low,128.52,11.57
Tanker,Large,103.92,78.0,5.64,10.8,3.01,Low,310.99,17.11
Cargo,Medium,72.3,82.0,39.09,15.01,4.88,Medium,169.14,6.55
Container,Large,107.77,87.0,23.51,48.36,13.51,High,183.04,4.34
Passenger,Medium,69.89,91.0,20.39,14.43,9.52,Medium,52.77,5.87
Container,Small,25.61,76.0,20.93,10.67,10.48,Medium,296.12,4.05
Passenger,Small,30.17,86.0,8.61,26.81,4.93,Low,327.64,7.62
Container,Small,47.94,66.0,28.75,33.55,14.66,High,378.98,1.22
Container,Large,136.37,97.0,3.39,36.25,2.43,Low,452.0,18.18
Tanker,Small,23.78,75.0,22.93,37.71,7.11,Medium,383.0,4.62
Tanker,Small,43.75,89.0,22.83,1.84,5.25,Low,117.87,5.28
Tanker,Medium,98.35,61.0,36.57,19.69,6.24,Medium,117.83,5.93
Cargo,Small,31.52,68.0,21.05,38.7,10.18,Medium,457.54,5.13
Container,Large,119.42,79.0,5.48,45.24,3.11,Low,395.07,17.26
Container,Medium,60.11,95.0,22.91,30.11,4.28,Medium,391.12,9.34
Tanker,Medium,70.2,81.0,3.65,2.62,1.63,Low,359.86,14.4
Passenger,Medium,85.45,97.0,8.15,19.83,4.76,Low,133.6,11.26
Tanker,Small,49.32,79.0,1.24,3.71,0.69,Low,423.71,9.83
Container,Small,38.98,80.0,20.53,37.43,10.7,Medium,71.44,1.27
Passenger,Large,177.01,65.0,3.38,3.18,1.3,Low,175.01,16.19
Tanker,Small,43.19,92.0,18.78,9.29,9.01,Medium,173.24,3.11
Passenger,Small,35.96,70.0,37.32,20.85,12.19,High,280.07,0.3
Cargo,Medium,87.65,96.0,28.79,23.13,15.42,High,231.72,2.87
Container,Medium,57.06,96.0,3.1,20.32,1.45,Low,229.9,12.79
Tanker,Medium,55.72,98.0,8.97,23.17,4.96,Low,276.79,12.56
Tanker,Large,123.01,81.0,26.95,35.66,11.39,High,207.71,4.88
Tanker,Large,122.19,87.0,35.79,18.46,12.81,High,124.99,3.81
Tanker,Medium,85.38,91.0,1.32,27.39,1.88,Low,332.06,13.72
Container,Small,23.22,65.0,32.5,15.17,14.93,High,395.32,1.53
Tanker,Small,31.36,84.0,22.47,17.68,10.89,Medium,239.5,3.23
Cargo,Medium,92.59,61.0,21.84,30.69,5.25,Medium,324.74,8.62
Tanker,Large,118.67,80.0,38.31,24.52,8.08,Medium,267.68,9.86
Container,Large,146.19,66.0,29.91,36.15,4.99,Medium,29.5,7.98
Container,Small,43.48,67.0,34.0,28.03,6.59,Medium,211.54,2.6
Cargo,Small,27.83,75.0,14.16,40.18,4.92,Medium,4.93,1.45
Passenger,Large,108.64,77.0,22.17,22.17,9.72,Medium,330.94,11.19
Container,Medium,63.38,85.0,24.62,24.55,8.37,Medium,254.08,7.58
Tanker,Large,105.33,63.0,12.86,33.5,6.86,Medium,63.42,9.04
Container,Small,30.5,80.0,22.81,11.06,7.27,Medium,271.1,4.02
Container,Medium,63.88,67.0,9.47,19.3,4.02,Low,449.21,14.43
Tanker,Large,173.75,83.0,5.74,31.24,2.39,Low,170.25,15.35
Container,Small,31.4,85.0,14.96,1.44,6.21,Low,491.18,9.31
Container,Large,142.13,82.0,29.57,21.85,13.02,High,479.69,7.58
Passenger,Small,40.42,90.0,36.65,29.94,9.67,Medium,392.65,3.93
Cargo,Medium,84.59,73.0,18.31,48.37,6.66,Medium,406.9,9.12
Passenger,Small,32.22,91.0,25.71,43.85,7.02,Medium,205.27,2.59
Passenger,Medium,58.69,77.0,4.12,14.04,2.46,Low,201.27,12.48
Tanker,Medium,69.83,79.0,36.18,25.36,15.7,High,477.2,4.89
Container,Small,23.25,86.0,22.74,2.82,7.96,Medium,183.1,3.24
Tanker,Small,22.61,61.0,31.21,12.04,6.7,Medium,48.44,1.41
Container,Small,35.88,86.0,31.78,38.74,7.3,Medium,76.35,1.07
Cargo,Small,41.51,85.0,10.26,6.17,1.54,Low,355.2,8.56
Passenger,Large,141.8,72.0,21.17,12.88,3.15,Low,191.49,15.08
Cargo,Large,110.35,63.0,38.42,47.2,9.08,High,99.67,3.22
Passenger,Large,152.62,64.0,3.59,41.19,2.56,Low,406.89,17.61
Tanker,Medium,71.94,97.0,27.32,39.09,10.76,High,244.34,3.22
Cargo,Medium,65.37,88.0,38.49,43.23,11.52,High,283.82,2.9
Tanker,Large,161.42,65.0,12.02,37.48,5.22,Medium,76.97,9.3
Tanker,Small,27.28,74.0,34.46,6.03,11.94,Medium,96.38,1.33
Passenger,Small,26.08,84.0,37.35,25.83,14.87,High,62.93,0.0
Passenger,Small,24.92,93.0,29.88,22.21,11.85,High,257.27,0.45
Cargo,Medium,74.29,62.0,9.25,15.56,2.67,Low,387.83,14.04
Container,Small,45.74,69.0,13.36,41.7,7.75,Medium,366.14,4.78
Passenger,Large,110.8,96.0,1.43,23.21,1.83,Low,130.62,15.39
Cargo,Large,141.32,60.0,33.26,3.01,7.68,Medium,425.78,12.17
Container,Medium,69.6,68.0,33.98,13.75,4.32,Medium,52.83,5.72
Passenger,Medium,97.96,98.0,25.31,11.43,12.21,Medium,57.02,5.46
Passenger,Medium,68.54,85.0,14.1,44.37,8.84,Medium,424.65,9.37
Cargo,Small,37.85,70.0,3.07,32.37,1.99,Low,122.21,6.02
Container,Small,41.51,63.0,30.12,28.02,4.47,Medium,354.06,4.43
Cargo,Medium,81.76,61.0,29.06,25.33,13.66,High,4.54,0.72
Cargo,Large,145.48,70.0,36.5,32.51,9.68,High,46.8,3.02
Passenger,Large,189.58,95.0,29.22,37.74,15.5,High,304.64,5.28
Cargo,Large,119.03,77.0,33.15,27.72,7.58,Medium,91.21,8.34
Container,Medium,92.23,89.0,29.84,46.91,15.61,High,14.11,0.15
Passenger,Medium,89.43,97.0,25.23,48.84,5.66,Medium,233.47,7.13
Tanker,Medium,99.98,76.0,17.08,49.77,5.98,Medium,165.26,6.81
Container,Medium,61.41,68.0,36.08,33.47,19.33,High,401.13,3.6
Cargo,Large,141.86,81.0,26.04,46.63,7.34,Medium,409.41,11.53
Container,Medium,97.47,96.0,15.93,20.22,3.45,Low,307.21,12.73
Tanker,Medium,91.74,92.0,3.34,42.98,3.63,Low,146.52,11.28
Tanker,Medium,57.36,63.0,11.63,45.46,3.98,Medium,230.81,8.02
Container,Large,163.1,88.0,21.75,45.21,5.28,Medium,351.13,11.39
Container,Medium,50.59,83.0,11.03,41.54,4.61,Medium,34.65,6.1
Cargo,Large,105.56,96.0,8.85,20.33,4.15,Low,166.25,15.2
Passenger,Small,22.96,65.0,21.1,7.95,8.51,Medium,411.18,5.45
Cargo,Large,179.57,81.0,6.79,16.7,3.91,Low,203.01,15.77
Cargo,Large,172.34,95.0,32.02,38.36,12.05,High,312.33,5.55
Cargo,Medium,51.63,76.0,19.37,11.64,5.57,Medium,48.17,6.32
Tanker,Small,38.67,79.0,22.95,23.91,6.78,Medium,388.52,4.98
Container,Small,21.14,63.0,5.9,28.27,4.0,Low,50.23,5.04
Cargo,Large,179.49,71.0,12.98,30.19,6.57,Medium,430.76,12.8
Tanker,Small,37.19,73.0,16.4,46.79,9.92,Medium,53.3,1.19
Cargo,Large,150.21,98.0,32.33,33.07,17.35,High,445.45,6.44
Container,Small,48.16,71.0,30.81,39.31,8.74,Medium,181.88,2.02
Tanker,Medium,70.12,78.0,8.92,29.09,4.24,Low,312.27,12.87
Tanker,Small,30.97,87.0,24.65,41.68,10.78,Medium,423.28,4.49
Container,Large,189.32,66.0,9.74,13.18,2.27,Low,5.12,13.87
Cargo,Small,46.96,79.0,39.53,10.49,5.32,Medium,132.85,2.01
Container,Small,36.12,90.0,38.08,46.32,19.34,High,454.17,0.78
Tanker,Small,35.48,95.0,22.53,34.67,8.81,Medium,194.09,2.64
Passenger,Large,125.89,85.0,27.96,33.58,10.86,Medium,353.19,10.78
Passenger,Medium,72.8,87.0,32.06,23.36,11.49,High,70.01,1.48
Passenger,Large,126.07,65.0,28.84,18.83,12.53,High,339.19,6.32
Tanker,Large,138.66,98.0,27.99,27.78,5.82,Medium,36.58,8.23
Cargo,Small,32.55,65.0,38.34,6.03,13.55,High,358.66,1.19
Container,Small,23.63,91.0,23.86,22.74,8.0,Medium,161.9,2.57
Passenger,Small,45.39,71.0,25.45,22.77,12.81,High,232.92,0.32
Tanker,Large,145.53,97.0,33.97,26.92,11.8,High,83.13,3.41
Container,Large,112.41,89.0,26.8,31.73,14.37,High,313.92,5.73
Cargo,Large,131.1,90.0,29.32,47.87,9.47,High,168.78,4.32
Tanker,Small,29.22,69.0,9.37,32.61,6.19,Medium,191.69,3.58
Passenger,Large,167.98,78.0,14.85,44.19,8.89,Medium,326.1,11.15
Tanker,Large,112.74,85.0,5.89,27.82,3.36,Low,89.43,14.51
Tanker,Small,28.06,91.0,20.23,31.35,6.45,Medium,426.0,5.38
Passenger,Large,115.94,64.0,18.23,3.49,4.74,Low,369.64,17.04
Tanker,Small,38.36,98.0,39.89,6.66,16.65,High,288.87,0.1
Cargo,Large,136.02,96.0,24.45,28.98,9.57,Medium,64.17,8.28
Passenger,Medium,77.01,71.0,31.46,19.79,9.19,Medium,343.55,8.15
Passenger,Medium,99.44,93.0,13.36,39.94,6.73,Medium,9.05,5.55
Container,Small,31.72,81.0,33.26,27.16,14.44,High,402.2,1.37
Passenger,Medium,55.32,78.0,24.6,44.11,4.89,Medium,151.9,6.52
Passenger,Small,34.57,73.0,27.88,48.62,6.22,Medium,58.61,1.0
Tanker,Small,46.6,83.0,11.78,7.38,1.99,Low,82.24,5.69
Tanker,Small,37.78,89.0,21.95,19.74,5.22,Medium,481.57,6.2
Cargo,Large,141.8,76.0,25.36,33.25,8.53,Medium,386.92,11.48
Tanker,Small,38.74,85.0,23.56,15.27,10.69,Medium,118.94,2.04
Passenger,Small,45.01,88.0,36.61,13.35,9.47,Medium,481.73,5.17
Container,Small,49.67,88.0,35.93,40.69,5.88,Medium,70.06,0.9
Tanker,Small,34.17,62.0,38.84,49.02,13.84,High,366.76,0.36
Tanker,Large,188.21,94.0,26.7,38.69,15.25,High,328.37,5.65
Passenger,Large,158.24,78.0,38.88,26.18,10.62,High,410.74,6.58
Tanker,Medium,63.19,70.0,33.3,22.13,17.24,High,190.85,2.08
Cargo,Medium,91.54,70.0,10.83,26.98,2.87,Low,200.92,11.84
Cargo,Large,197.24,79.0,17.1,23.14,4.05,Low,312.28,16.2
Container,Medium,90.0,95.0,9.54,25.14,4.97,Low,199.1,11.71
Tanker,Medium,66.99,75.0,0.17,10.17,0.56,Low,20.68,11.14
Cargo,Medium,94.39,90.0,7.52,45.19,5.31,Medium,364.85,9.44
Cargo,Medium,58.88,64.0,0.16,37.73,1.96,Low,320.47,13.45
Cargo,Large,144.21,79.0,28.79,34.05,7.47,Medium,211.86,9.65
Passenger,Small,32.98,100.0,17.02,47.5,8.73,Medium,151.41,2.24
Container,Large,145.8,91.0,12.5,14.22,5.0,Low,160.36,14.99
Passenger,Large,162.98,68.0,30.47,4.06,13.75,High,370.51,6.73
Tanker,Small,22.72,80.0,33.3,41.31,11.12,High,364.58,1.04
Cargo,Small,30.99,69.0,39.01,49.92,7.21,High,409.46,1.42
Passenger,Large,144.57,76.0,25.68,28.92,9.91,Medium,381.09,11.36
Tanker,Small,30.42,91.0,18.46,2.94,9.07,Medium,378.97,5.3
Passenger,Medium,75.51,91.0,12.21,39.02,3.24,Low,125.89,10.74
Container,Small,48.46,69.0,8.89,3.69,1.93,Low,50.81,5.6
Tanker,Medium,62.69,97.0,8.52,27.0,3.28,Low,380.88,13.71
Container,Medium,67.62,84.0,16.37,13.88,7.35,Medium,49.31,6.26
Container,Medium,53.24,75.0,39.67,45.75,11.38,High,491.06,4.87
Cargo,Medium,92.4,80.0,0.03,22.57,1.13,Low,437.54,15.01
Tanker,Large,170.54,84.0,7.89,44.92,5.08,Medium,266.73,11.27
Passenger,Large,115.97,82.0,7.54,14.95,1.64,Low,176.09,15.72
Container,Medium,70.02,79.0,28.68,19.37,5.79,Medium,263.42,7.83
Passenger,Medium,92.37,80.0,14.1,47.36,6.08,Medium,367.15,9.01
Passenger,Large,154.69,67.0,18.29,10.07,4.93,Low,378.16,16.97
Passenger,Large,135.84,93.0,5.94,28.93,2.87,Low,36.83,14.01
Passenger,Medium,82.47,82.0,16.2,19.43,3.29,Low,402.43,13.7
Container,Small,30.84,65.0,4.13,38.71,2.94,Low,320.75,7.73
Tanker,Small,39.08,91.0,21.32,6.46,9.26,Medium,20.29,1.48
Tanker,Small,24.15,97.0,3.92,21.86,2.13,Low,156.58,6.52
Passenger,Small,40.65,98.0,31.62,34.95,12.32,High,255.32,0.04
Container,Small,49.29,75.0,22.66,20.35,4.77,Medium,94.23,2.33
Cargo,Medium,69.64,65.0,28.96,2.93,3.85,Low,77.62,10.08
Passenger,Medium,85.49,81.0,16.74,35.26,9.33,Medium,7.14,5.2
Tanker,Large,107.19,65.0,15.26,25.16,4.81,Medium,455.78,13.21
Passenger,Medium,66.48,97.0,3.93,0.57,0.97,Low,28.05,11.18
Container,Small,45.32,67.0,20.95,30.63,10.98,Medium,183.01,2.47
Passenger,Large,133.68,70.0,20.58,45.99,10.18,Medium,102.89,8.46
Container,Medium,69.44,76.0,18.72,5.55,7.81,Medium,370.52,9.48
Passenger,Large,120.13,75.0,29.62,29.53,12.52,High,353.59,6.21
Passenger,Medium,67.51,92.0,33.3,36.43,6.56,Medium,403.11,8.58
Cargo,Small,30.61,78.0,30.03,3.54,14.69,High,308.4,1.04
Cargo,Small,34.3,67.0,5.75,1.13,2.72,Low,295.83,8.18
Cargo,Medium,95.4,71.0,24.88,23.21,6.0,Medium,203.56,7.33
Tanker,Large,124.66,80.0,3.21,39.56,3.33,Low,318.18,16.7
Tanker,Small,44.96,66.0,27.78,8.04,7.73,Medium,57.6,1.65
Tanker,Medium,53.89,84.0,15.27,41.83,7.79,Medium,342.26,8.64
Passenger,Medium,58.55,83.0,5.3,32.83,2.52,Low,51.95,10.55
Container,Small,45.18,89.0,34.48,16.61,11.71,High,430.87,2.08
Tanker,Small,49.08,98.0,24.56,25.79,4.99,Medium,252.84,3.69
Tanker,Large,152.51,96.0,14.19,48.28,6.88,Medium,265.18,10.69
Passenger,Large,182.71,98.0,1.23,10.82,0.78,Low,292.43,17.37
Tanker,Large,110.85,70.0,21.49,24.98,7.29,Medium,388.03,11.98
Container,Medium,52.95,65.0,36.93,31.22,15.12,High,239.24,2.41
Passenger,Large,162.07,72.0,23.86,6.9,11.1,Medium,213.79,10.1
Passenger,Large,197.3,96.0,38.87,2.18,6.57,Medium,144.17,9.2
Container,Large,128.64,99.0,5.46,0.67,2.53,Low,64.02,14.9
Container,Small,43.65,94.0,22.73,16.23,6.63,Medium,95.17,2.23
Tanker,Large,161.36,64.0,31.93,3.7,14.15,High,0.26,2.92
Tanker,Small,45.83,98.0,21.02,40.19,8.42,Medium,434.71,5.05
Tanker,Medium,69.94,77.0,3.64,49.87,4.11,Low,382.48,13.43
Passenger,Large,104.94,60.0,23.32,3.07,8.67,Medium,109.34,9.4
Passenger,Small,25.66,78.0,24.47,21.64,8.51,Medium,1.2,0.9
Passenger,Medium,70.72,62.0,29.15,1.29,6.62,Medium,246.06,7.92
Cargo,Medium,89.41,82.0,30.45,6.7,15.18,High,206.29,2.89
Tanker,Medium,50.08,74.0,30.83,16.15,13.77,High,388.0,4.64
Passenger,Medium,61.8,79.0,26.54,19.68,7.68,Medium,201.45,7.13
Cargo,Large,179.8,85.0,8.63,46.99,3.79,Medium,432.06,12.97
Container,Small,47.01,95.0,16.17,19.79,7.65,Medium,47.92,1.91
Container,Small,25.15,86.0,31.05,24.81,16.64,High,182.93,0.0
Container,Large,161.3,77.0,38.14,12.28,8.68,Medium,466.97,12.05
Cargo,Medium,60.83,93.0,3.16,0.01,1.47,Low,5.86,10.95
Tanker,Small,25.02,96.0,21.42,44.97,5.46,Medium,195.39,2.84
Tanker,Medium,84.37,65.0,12.5,4.09,6.22,Low,129.85,11.17
Container,Small,29.01,81.0,9.02,48.21,6.0,Medium,265.93,4.04
Cargo,Large,199.22,71.0,20.23,6.54,5.15,Low,139.38,14.54
Container,Small,47.74,62.0,24.24,30.24,6.89,Medium,434.95,5.24
Passenger,Medium,94.72,87.0,0.39,49.97,2.64,Low,468.57,14.6
Tanker,Large,181.01,95.0,31.21,6.92,10.88,Medium,424.57,11.86
Tanker,Medium,98.01,67.0,32.8,21.2,16.4,High,199.28,2.29
Cargo,Medium,71.07,92.0,38.62,39.02,17.65,High,494.97,4.47
Cargo,Medium,69.62,94.0,7.23,1.61,2.37,Low,367.52,14.24
Tanker,Large,179.22,97.0,23.78,34.49,12.93,High,177.8,4.61
Passenger,Medium,61.38,71.0,17.07,4.02,5.96,Low,46.85,10.14
Tanker,Large,100.84,96.0,13.39,11.83,6.48,Medium,333.52,12.18
Container,Medium,51.15,73.0,22.63,8.0,10.28,Medium,364.28,8.92
Passenger,Medium,64.27,82.0,31.3,45.37,16.91,High,61.23,0.45
Passenger,Medium,99.66,62.0,0.92,9.02,0.57,Low,274.87,13.67
Container,Medium,67.75,62.0,38.78,2.02,13.04,High,493.54,5.65
Tanker,Large,153.38,89.0,32.4,29.38,10.78,High,163.12,4.35
Tanker,Large,133.5,78.0,30.05,17.31,9.77,Medium,150.95,9.08
Container,Small,32.53,70.0,30.42,20.29,9.65,Medium,451.65,5.02
Tanker,Small,36.65,68.0,15.56,5.95,7.07,Medium,58.71,2.38
Passenger,Small,21.33,87.0,30.06,37.41,8.71,Medium,466.76,4.95
Container,Small,49.72,60.0,15.47,30.08,5.91,Medium,389.74,5.33
Tanker,Medium,67.2,92.0,35.95,18.21,7.39,Medium,195.42,6.65
Tanker,Large,137.33,63.0,7.09,8.58,1.85,Low,41.77,14.51
Tanker,Small,29.78,68.0,11.69,29.67,5.74,Medium,9.59,1.74
Passenger,Small,32.9,75.0,22.05,38.93,5.18,Medium,187.92,2.88
Cargo,Large,145.87,79.0,12.77,15.62,3.02,Low,352.68,17.07
Container,Small,33.95,74.0,16.97,1.29,5.35,Low,243.76,6.83
Passenger,Small,42.21,73.0,19.7,10.72,2.85,Low,369.33,8.01
Passenger,Medium,82.96,99.0,34.25,34.12,6.87,Medium,335.29,7.87
Cargo,Medium,71.57,86.0,20.93,49.45,11.79,High,286.45,3.65
Tanker,Small,35.24,61.0,14.5,0.67,6.39,Low,483.75,9.26
Container,Small,31.28,77.0,9.91,15.31,3.14,Low,364.19,8.33
Tanker,Large,179.74,95.0,16.35,3.1,4.07,Low,457.31,18.09
Passenger,Small,22.26,72.0,20.63,15.82,10.58,Medium,121.08,2.2
Tanker,Small,46.98,64.0,29.84,20.3,4.31,Medium,356.82,4.64
Container,Large,161.06,90.0,4.84,46.04,3.91,Low,298.9,16.24
Tanker,Large,169.74,84.0,8.86,4.03,3.2,Low,462.15,18.58
Cargo,Medium,72.69,83.0,15.19,38.86,8.25,Medium,255.23,7.79
Container,Large,198.81,62.0,14.42,19.78,7.92,Medium,139.82,9.89
Container,Large,105.09,66.0,15.67,40.56,5.83,Medium,192.42,10.15
Cargo,Large,102.69,85.0,31.74,25.67,10.02,Medium,109.41,8.39
Passenger,Medium,76.54,68.0,12.97,1.96,4.88,Low,109.99,11.12
Tanker,Medium,91.45,80.0,20.08,47.31,12.14,High,235.21,3.19
Cargo,Medium,54.94,82.0,24.96,4.14,11.6,Medium,446.28,9.57
Container,Large,115.47,71.0,9.29,29.88,4.9,Low,95.93,14.21
Tanker,Small,46.45,98.0,28.75,43.88,14.92,High,143.94,0.0
Passenger,Large,120.72,94.0,21.88,3.99,3.13,Low,426.49,17.58
Passenger,Small,27.89,89.0,17.87,27.69,5.87,Medium,169.63,3.06
Cargo,Small,23.07,63.0,32.39,41.21,5.47,Medium,481.21,5.22
Tanker,Large,104.31,64.0,9.74,49.32,4.13,Medium,134.46,9.86
Container,Medium,61.71,80.0,35.33,36.22,14.25,High,221.07,2.29
Passenger,Small,39.33,66.0,22.44,13.92,10.89,Medium,47.8,1.39
Passenger,Medium,74.0,99.0,24.37,34.98,10.35,Medium,496.09,9.61
Passenger,Medium,91.24,66.0,35.0,35.29,14.56,High,445.07,4.54
Container,Small,22.66,79.0,32.7,35.0,6.38,Medium,408.78,4.51
Tanker,Small,26.31,75.0,24.06,42.71,10.94,High,78.67,0.0
Passenger,Small,33.03,86.0,30.13,4.37,8.71,Medium,484.68,5.78
Passenger,Small,49.23,65.0,17.33,5.42,6.52,Medium,464.58,6.42
Passenger,Large,148.75,77.0,21.9,32.03,6.65,Medium,217.84,10.18
Container,Small,46.15,71.0,2.48,47.69,3.21,Low,340.82,7.81
Container,Small,38.56,96.0,3.59,23.29,2.13,Low,496.23,9.9
Cargo,Medium,70.21,62.0,33.18,48.03,13.13,High,204.87,2.12
Container,Large,157.89,97.0,2.39,46.9,2.72,Low,56.52,14.04
Cargo,Large,181.44,93.0,6.78,45.15,4.01,Low,433.89,17.5
Cargo,Medium,91.05,72.0,31.83,45.49,10.22,High,238.24,2.86
Cargo,Large,171.2,92.0,0.05,44.92,2.27,Low,493.48,18.61
Cargo,Medium,60.64,61.0,11.3,40.99,6.37,Medium,275.45,8.33
Cargo,Small,31.9,99.0,23.36,34.75,12.57,High,14.74,0.0
Container,Large,104.02,81.0,23.82,1.22,8.47,Medium,245.86,10.8
Passenger,Large,103.42,72.0,31.09,6.61,7.35,Medium,359.03,11.57
Tanker,Medium,72.26,75.0,20.24,6.71,8.7,Medium,13.02,5.71
Passenger,Small,29.52,63.0,20.38,1.18,6.15,Medium,206.72,3.81
Container,Small,24.01,100.0,29.01,5.84,5.44,Medium,77.78,2.07
Container,Large,101.81,62.0,19.94,45.99,10.25,Medium,321.55,10.67
Tanker,Small,42.56,86.0,24.34,33.19,5.38,Medium,478.67,5.77
Cargo,Small,26.43,78.0,35.91,15.6,6.93,Medium,312.29,3.72
Tanker,Medium,78.44,98.0,16.06,39.67,8.46,Medium,347.44,8.63
Tanker,Small,31.78,70.0,15.41,24.42,7.51,Medium,198.28,3.37
Container,Medium,74.67,81.0,0.14,7.11,0.41,Low,281.57,13.83
Cargo,Small,23.16,79.0,24.54,44.23,7.54,Medium,271.93,3.25
Tanker,Small,49.89,88.0,1.19,16.93,1.38,Low,379.8,9.06
Tanker,Small,39.76,63.0,20.17,34.94,9.59,Medium,428.46,5.02
Cargo,Small,44.0,68.0,32.17,14.53,14.67,High,331.44,0.95
Tanker,Small,45.96,69.0,22.0,25.0,9.69,Medium,489.9,5.73
Cargo,Large,180.87,90.0,10.79,40.81,5.62,Medium,414.14,12.62
Cargo,Medium,50.05,68.0,31.45,7.84,4.91,Medium,62.32,6.0
Tanker,Small,40.13,83.0,10.79,48.86,6.59,Medium,253.74,3.76
Cargo,Medium,89.11,69.0,29.32,3.51,11.21,Medium,451.62,9.46
Tanker,Medium,53.06,94.0,24.41,26.7,6.83,Medium,471.97,9.88
Cargo,Small,39.73,98.0,6.8,45.8,4.97,Medium,190.1,3.55
Passenger,Medium,85.26,81.0,36.21,47.28,13.96,High,362.85,3.48
Tanker,Medium,61.12,74.0,8.03,11.61,3.18,Low,205.27,12.3
Tanker,Medium,66.86,69.0,39.58,7.2,10.14,Medium,61.83,5.08
Tanker,Medium,75.65,62.0,0.29,36.22,1.85,Low,442.31,14.7
Container,Large,120.49,71.0,10.54,2.1,2.07,Low,465.98,18.68
Cargo,Small,43.58,86.0,7.99,24.26,4.47,Low,252.38,6.99
Cargo,Small,22.47,81.0,0.56,39.82,2.11,Low,9.15,4.86
Container,Medium,55.19,98.0,29.29,28.01,4.36,Medium,408.02,9.22
Cargo,Large,140.93,76.0,27.74,9.4,14.31,High,238.48,5.38
Tanker,Small,26.0,88.0,31.69,24.35,7.06,Medium,37.51,1.0
Tanker,Large,169.91,80.0,10.27,46.06,6.02,Medium,94.7,9.31
Cargo,Small,24.07,81.0,17.77,30.86,9.91,Medium,76.06,1.66
Passenger,Large,129.54,71.0,26.36,36.07,10.76,Medium,343.14,10.72
Cargo,Large,111.91,78.0,17.59,16.81,8.22,Medium,149.7,9.86
Container,Large,177.84,79.0,27.89,9.42,14.15,High,63.85,3.64
Container,Small,27.45,88.0,25.36,12.78,11.9,Medium,458.82,5.27
Passenger,Small,46.15,98.0,4.59,26.66,2.82,Low,478.27,9.54
Container,Large,116.99,73.0,31.24,14.01,8.37,Medium,69.29,8.41
Passenger,Small,46.75,62.0,28.83,27.1,9.8,Medium,115.12,1.59
Cargo,Small,40.73,80.0,26.23,35.39,13.22,High,296.06,0.62
Cargo,Medium,80.81,82.0,6.2,36.72,4.57,Low,75.25,10.45
Container,Medium,85.07,67.0,10.72,8.23,5.11,Low,79.3,10.78
Container,Medium,83.28,90.0,15.73,37.52,7.21,Medium,168.29,7.02
Cargo,Small,45.71,99.0,11.2,33.63,4.94,Medium,474.59,6.42
Tanker,Medium,76.14,98.0,9.11,0.6,2.08,Low,481.22,15.34
Passenger,Large,177.43,68.0,32.21,2.94,3.41,Medium,420.89,12.6
Cargo,Large,131.76,95.0,25.53,32.31,11.98,High,347.86,6.36
Passenger,Small,22.43,88.0,22.62,19.19,5.73,Medium,360.34,4.92
Tanker,Small,43.77,78.0,9.04,7.31,2.46,Low,234.79,7.3
Cargo,Large,175.59,82.0,36.72,2.22,16.17,High,265.08,5.15
Passenger,Large,186.27,94.0,7.65,7.97,1.32,Low,317.23,17.3
Passenger,Large,109.41,79.0,31.8,47.88,17.37,High,365.64,5.37
Container,Small,31.26,75.0,38.67,36.38,5.71,Medium,48.42,0.65
Container,Large,192.14,80.0,29.08,26.39,15.15,High,112.44,3.63
Cargo,Small,43.08,83.0,39.71,47.08,13.55,High,481.47,1.53
Tanker,Large,149.8,68.0,26.04,30.96,5.22,Medium,167.57,9.63
Tanker,Small,46.94,96.0,8.7,36.28,5.03,Medium,134.24,3.08
Container,Medium,64.21,87.0,8.15,14.13,4.44,Low,210.96,12.18
Tanker,Small,22.06,85.0,12.98,29.45,5.04,Medium,145.46,3.11
Container,Medium,94.74,64.0,0.29,7.17,0.47,Low,45.59,11.45
Cargo,Large,195.87,84.0,27.27,20.22,14.42,High,103.98,3.83
Tanker,Medium,71.7,65.0,10.75,1.66,2.19,Low,320.08,13.61
Cargo,Small,32.66,63.0,32.61,10.83,14.5,High,111.59,0.0
Tanker,Small,25.43,81.0,14.37,3.74,3.32,Low,323.83,7.91
Tanker,Medium,50.45,76.0,19.2,19.39,6.16,Medium,50.04,6.14
Tanker,Small,28.85,84.0,38.63,42.15,10.32,High,20.94,0.0
Cargo,Small,33.34,64.0,9.69,18.9,3.64,Low,430.78,8.88
Container,Small,39.66,77.0,28.85,41.58,5.02,Medium,380.01,4.42
Tanker,Medium,74.94,67.0,30.2,32.82,8.33,Medium,333.01,7.93
Tanker,Medium,71.96,99.0,8.84,25.48,3.73,Low,15.45,10.03
Passenger,Small,48.24,82.0,20.04,11.84,7.66,Medium,119.68,2.59
Cargo,Medium,86.75,87.0,14.01,46.11,7.28,Medium,406.16,9.31
Cargo,Small,45.98,73.0,30.88,2.71,10.43,Medium,72.33,1.48
Container,Small,49.71,64.0,24.9,34.45,7.13,Medium,406.43,4.82
Passenger,Medium,64.22,99.0,19.04,31.06,10.67,Medium,292.12,7.88
Passenger,Large,192.3,71.0,31.17,22.05,9.11,Medium,370.18,11.19
Cargo,Small,43.41,77.0,9.41,12.02,2.36,Low,322.25,8.08
Passenger,Small,29.06,86.0,30.14,21.53,10.78,Medium,208.49,2.47
Container,Medium,94.77,61.0,34.61,43.64,16.01,High,145.99,1.26
Cargo,Large,196.14,92.0,35.14,41.84,5.78,Medium,336.36,10.59
Passenger,Large,102.51,81.0,31.35,47.07,8.95,Medium,403.46,11.03
Container,Medium,55.97,71.0,16.32,15.39,7.79,Medium,22.37,5.92
Tanker,Large,104.56,62.0,39.27,19.36,12.86,High,189.95,4.26
Container,Large,157.86,66.0,15.18,0.94,4.05,Low,175.36,15.37
Cargo,Large,126.03,96.0,25.55,47.15,14.43,High,279.74,5.13
Cargo,Small,35.6,87.0,6.44,16.47,1.7,Low,56.96,5.55
Cargo,Small,36.46,70.0,39.22,20.21,14.59,High,466.71,1.84
Cargo,Medium,68.17,63.0,28.16,45.39,8.94,Medium,274.26,7.13
Cargo,Small,30.28,88.0,30.14,26.33,5.18,Medium,461.88,5.47
Passenger,Medium,75.66,83.0,2.63,28.31,1.9,Low,408.47,14.4
Tanker,Medium,87.6,76.0,30.54,8.81,11.17,Medium,95.82,5.74
Tanker,Small,33.77,75.0,30.99,24.93,4.7,Medium,66.17,1.54
Cargo,Medium,95.22,69.0,26.87,45.91,11.35,High,430.63,4.91
Tanker,Large,171.38,87.0,11.68,27.94,7.04,Medium,268.05,11.23
Passenger,Medium,94.78,99.0,19.59,12.76,8.83,Medium,9.87,5.58
Passenger,Large,135.85,67.0,4.42,1.56,1.13,Low,467.11,19.11
Passenger,Medium,93.65,84.0,18.86,16.82,3.77,Low,236.51,11.91
Container,Large,156.12,77.0,9.75,28.63,4.22,Low,150.47,14.82
Tanker,Large,137.08,78.0,13.96,2.13,3.7,Low,258.3,16.27
Container,Small,45.27,70.0,6.5,30.49,4.7,Low,411.46,8.51
Container,Medium,70.37,93.0,9.2,26.17,5.87,Medium,55.15,6.58
Passenger,Medium,63.17,79.0,3.06,39.17,2.77,Low,179.47,11.78
Cargo,Small,35.4,82.0,36.8,1.44,5.94,Medium,159.43,2.53
Passenger,Small,21.49,72.0,21.22,39.04,11.8,Medium,419.82,4.58
Tanker,Large,180.42,67.0,15.87,26.04,7.93,Medium,389.23,12.18
Cargo,Small,43.14,63.0,21.4,18.53,7.44,Medium,200.05,3.22
Tanker,Small,42.57,89.0,25.13,48.27,8.6,Medium,332.24,3.64
Tanker,Small,26.4,68.0,36.88,8.01,10.7,Medium,197.22,2.3
Tanker,Medium,78.23,88.0,7.15,27.07,4.65,Low,285.66,12.69
Passenger,Large,195.43,76.0,11.82,16.05,2.86,Low,495.61,18.56
Cargo,Large,109.58,77.0,39.03,26.37,17.82,High,267.79,4.42
Container,Small,31.34,79.0,14.85,27.61,2.97,Low,494.29,9.15
Passenger,Small,31.85,75.0,0.9,4.47,0.64,Low,373.6,9.34
Tanker,Large,179.9,64.0,5.91,33.06,3.43,Low,60.36,14.1
Cargo,Medium,64.79,72.0,1.05,31.72,1.79,Low,397.98,14.31
Cargo,Medium,54.43,87.0,39.6,38.47,5.93,Medium,80.64,5.06
Cargo,Small,37.28,87.0,11.15,4.53,3.84,Low,266.16,7.43
Passenger,Small,31.31,71.0,36.94,14.86,8.05,Medium,306.62,3.52
Tanker,Small,24.98,78.0,39.84,32.51,15.67,High,446.12,1.25
Container,Medium,91.67,68.0,23.99,6.84,5.44,Medium,105.21,6.77
Container,Small,43.14,68.0,1.33,33.88,1.87,Low,437.97,9.25
Passenger,Large,166.78,61.0,3.26,2.95,1.13,Low,467.25,19.14
Passenger,Small,25.16,96.0,19.26,16.75,7.11,Medium,44.74,1.84
Container,Large,145.33,68.0,16.25,42.34,6.68,Medium,442.64,12.5
Container,Small,43.89,69.0,24.25,38.71,8.8,Medium,129.59,1.83
Passenger,Medium,98.4,71.0,17.55,32.24,7.51,Medium,40.5,5.73
Tanker,Medium,86.41,65.0,37.36,43.52,13.78,High,479.29,4.68
Container,Small,25.63,86.0,21.39,35.46,5.05,Medium,196.1,3.08
Cargo,Large,128.94,63.0,27.75,25.97,6.26,Medium,311.49,10.98
Tanker,Medium,62.87,65.0,35.86,48.99,8.07,High,276.44,3.18
Cargo,Small,33.72,86.0,5.87,34.74,3.95,Low,106.59,5.48
Tanker,Large,161.36,74.0,9.19,30.07,4.37,Low,334.78,16.65
Cargo,Medium,86.69,88.0,4.29,20.44,2.19,Low,23.06,10.59
Passenger,Large,162.36,82.0,5.59,45.12,4.6,Medium,101.55,9.77
Tanker,Medium,77.81,70.0,20.5,14.79,5.46,Medium,472.33,10.46
Container,Medium,54.08,86.0,12.85,0.46,4.23,Low,476.75,14.89
Container,Small,40.34,65.0,16.93,9.84,2.69,Low,241.33,6.9
Container,Small,25.81,81.0,39.3,5.48,15.91,High,84.54,0.0
Cargo,Medium,57.95,77.0,6.27,15.95,3.17,Low,210.81,12.36
Passenger,Small,45.94,71.0,21.63,41.29,11.17,Medium,438.54,4.76
Tanker,Large,101.1,84.0,3.95,32.58,3.42,Low,35.14,13.96
Tanker,Medium,98.21,95.0,12.74,8.45,5.56,Low,63.93,10.48
Tanker,Medium,55.52,100.0,21.1,39.44,11.21,Medium,447.83,9.11
Passenger,Small,25.64,84.0,37.87,25.21,10.28,High,207.69,0.0
Tanker,Large,140.15,76.0,15.65,25.64,5.0,Medium,41.73,9.02
Cargo,Large,162.82,69.0,2.6,18.11,2.15,Low,69.6,14.79
Tanker,Medium,92.99,70.0,15.53,43.23,9.4,Medium,441.22,9.43
Tanker,Small,23.94,79.0,5.83,15.92,2.66,Low,245.05,7.37
Passenger,Small,37.6,75.0,9.2,4.71,2.5,Low,81.5,5.81
Tanker,Large,136.63,97.0,24.72,15.14,11.79,Medium,447.03,12.15
Tanker,Medium,54.85,75.0,2.7,35.77,2.41,Low,422.64,14.34
Container,Large,108.27,75.0,18.59,32.88,4.65,Medium,11.51,8.46
Passenger,Large,185.78,75.0,24.38,9.4,9.14,Medium,290.5,10.98
Container,Small,42.39,93.0,16.87,5.59,2.25,Low,122.17,5.84
Container,Medium,53.93,86.0,0.77,33.04,1.85,Low,266.57,12.98
Passenger,Large,106.25,85.0,39.42,33.82,18.37,High,139.63,2.91
Cargo,Small,40.76,73.0,14.68,18.31,4.12,Low,157.94,5.87
Passenger,Small,27.7,93.0,31.14,42.14,16.82,High,300.93,0.0
Container,Medium,77.05,62.0,13.03,48.91,8.73,Medium,269.43,7.79
Passenger,Small,45.01,95.0,19.0,10.28,8.61,Medium,197.6,3.36
Passenger,Large,145.52,81.0,15.54,28.85,9.14,Medium,53.78,8.67
Tanker,Medium,78.73,76.0,13.7,0.27,4.29,Low,484.71,14.93
Tanker,Medium,56.25,80.0,0.87,35.65,2.07,Low,87.3,11.11
Container,Large,156.29,87.0,14.4,20.71,7.29,Medium,316.56,11.7
Tanker,Large,114.17,61.0,35.58,9.66,11.05,Medium,41.37,7.74
Container,Medium,90.79,95.0,27.62,37.61,9.14,Medium,344.16,7.99
Container,Medium,92.56,78.0,5.82,40.53,4.04,Low,47.42,10.17
Cargo,Small,21.85,74.0,23.65,5.56,8.86,Medium,114.75,2.37
Cargo,Small,35.57,66.0,35.69,2.05,14.39,High,323.49,0.97
Container,Medium,74.18,78.0,28.0,16.7,11.12,Medium,141.47,6.17
Cargo,Large,126.12,80.0,5.95,31.3,3.93,Low,266.43,16.15
Cargo,Large,152.13,76.0,34.71,39.67,14.82,High,62.25,2.61
Container,Large,186.25,87.0,12.06,27.3,4.89,Medium,101.2,9.77
Cargo,Medium,79.48,77.0,18.16,29.04,4.25,Medium,366.89,9.36
Container,Small,41.78,98.0,21.05,39.99,10.72,Medium,17.57,0.65
Cargo,Small,25.26,84.0,34.02,26.44,5.14,Medium,55.9,1.22
Tanker,Large,190.75,92.0,37.26,30.56,20.05,High,107.48,2.6
Container,Large,167.3,64.0,37.19,25.81,17.33,High,10.1,1.99
Cargo,Large,193.44,76.0,0.32,44.02,2.32,Low,47.69,14.15
Cargo,Small,21.87,73.0,36.88,11.78,18.54,High,140.7,0.0
Tanker,Medium,89.33,83.0,2.18,13.2,1.41,Low,46.46,11.15
Passenger,Medium,87.16,94.0,10.63,6.4,1.62,Low,433.06,14.71
Passenger,Medium,90.12,63.0,20.6,40.97,8.72,Medium,33.04,5.21
Passenger,Small,30.03,63.0,19.2,20.59,5.08,Medium,430.49,5.83
Cargo,Medium,86.31,94.0,24.19,17.39,6.86,Medium,411.43,9.47
Passenger,Small,23.12,69.0,19.18,49.07,7.9,Medium,50.38,1.17
Tanker,Medium,76.63,87.0,37.38,46.34,17.64,High,12.6,0.0
Cargo,Medium,75.71,82.0,9.62,48.6,5.33,Medium,25.0,5.86
Tanker,Small,25.9,93.0,10.96,7.11,3.53,Low,295.19,7.71
Passenger,Small,44.6,65.0,36.83,44.56,10.36,High,335.18,0.58
Tanker,Small,38.64,65.0,3.07,16.44,1.79,Low,310.33,8.24
Passenger,Small,23.99,82.0,24.38,0.63,4.89,Low,270.74,6.79
Cargo,Large,162.06,98.0,27.27,19.56,6.55,Medium,87.34,8.86
Container,Small,22.53,77.0,20.22,25.46,9.42,Medium,420.48,5.14
Cargo,Medium,65.33,73.0,27.77,5.41,6.85,Medium,163.78,7.06
Passenger,Large,170.57,84.0,6.91,26.88,2.18,Low,493.09,18.63
Container,Medium,80.87,97.0,34.11,40.97,10.15,High,192.43,2.38
Passenger,Small,25.35,93.0,5.6,18.88,2.93,Low,131.5,6.16
Passenger,Large,132.6,100.0,16.03,17.63,7.7,Medium,447.13,12.95
Container,Large,154.14,61.0,3.01,16.94,2.31,Low,283.71,16.92
Passenger,Medium,60.68,65.0,21.81,46.15,11.0,Medium,360.93,8.1
Cargo,Small,47.04,84.0,26.79,2.44,7.4,Medium,204.2,3.31
Tanker,Small,21.64,93.0,37.65,22.25,9.38,Medium,443.46,4.57
Cargo,Small,31.52,71.0,29.57,13.23,5.15,Medium,458.86,5.73
Cargo,Medium,79.55,70.0,21.64,44.69,9.83,Medium,218.38,6.82
Cargo,Large,118.04,91.0,37.3,4.8,11.58,Medium,120.36,8.48
Passenger,Large,102.66,62.0,19.14,20.57,8.13,Medium,323.84,11.46
Container,Large,163.32,75.0,22.45,20.34,5.39,Medium,477.29,13.1
Tanker,Large,108.41,80.0,23.84,44.42,7.69,Medium,311.22,10.66
Passenger,Large,129.37,82.0,16.4,10.77,4.09,Low,477.11,18.13
Tanker,Large,114.46,89.0,33.54,32.24,15.67,High,171.9,3.83
Tanker,Small,26.83,74.0,7.41,6.72,1.58,Low,457.54,9.71
Container,Large,129.28,85.0,22.19,47.7,10.0,Medium,56.28,7.9
Tanker,Medium,93.85,83.0,28.89,29.65,4.96,Medium,179.42,6.86
Passenger,Medium,68.83,82.0,36.16,31.31,13.13,High,247.24,2.73
Tanker,Small,42.77,86.0,35.36,21.69,5.52,Medium,326.56,3.91
Cargo,Small,41.24,70.0,20.35,17.11,4.32,Medium,147.07,3.08
Passenger,Large,136.34,63.0,25.73,10.63,4.27,Medium,462.12,13.1
Tanker,Medium,77.39,65.0,15.77,30.2,5.27,Medium,451.75,10.2
Passenger,Small,48.62,69.0,18.73,47.73,6.83,Medium,399.67,4.82
Container,Large,156.87,80.0,36.25,17.99,16.51,High,57.18,2.75
Cargo,Large,111.69,94.0,37.23,44.16,9.29,High,39.15,2.72
Passenger,Small,47.6,88.0,35.82,7.44,5.19,Medium,249.07,3.43
Tanker,Medium,87.09,92.0,5.53,46.81,4.23,Medium,382.67,9.79
Tanker,Large,109.37,74.0,34.0,17.52,13.63,High,61.62,3.2
Cargo,Large,146.36,76.0,37.93,18.99,9.22,Medium,320.72,10.41
Container,Medium,94.9,76.0,14.45,23.14,6.09,Medium,263.93,8.44
Tanker,Medium,85.04,68.0,20.75,35.91,10.31,Medium,362.99,8.44
Tanker,Large,144.96,62.0,31.16,35.98,9.25,Medium,217.69,9.37
Container,Medium,85.68,84.0,22.48,23.98,8.17,Medium,346.65,8.65
Container,Large,134.02,100.0,39.74,26.16,7.61,Medium,79.8,7.93
Passenger,Large,111.45,67.0,18.23,1.5,2.07,Low,107.3,14.72
Container,Large,171.35,62.0,28.56,15.21,14.83,High,451.67,7.3
Container,Small,30.67,91.0,31.7,17.3,7.84,Medium,164.69,2.33
Passenger,Medium,63.52,70.0,19.76,27.94,5.58,Medium,492.75,10.42
Container,Small,20.76,93.0,34.28,27.91,18.17,High,23.1,0.0
Tanker,Small,40.37,88.0,21.85,35.49,10.32,Medium,247.94,3.05
Container,Medium,86.02,98.0,16.47,35.85,7.3,Medium,162.49,6.95
Passenger,Small,41.09,76.0,4.31,11.76,2.22,Low,497.98,10.11
Cargo,Large,101.05,86.0,15.74,38.51,7.97,Medium,495.02,13.0
Tanker,Medium,79.99,79.0,29.36,0.98,11.95,Medium,117.62,6.09
Container,Medium,56.93,85.0,36.85,35.81,6.47,Medium,133.63,5.73
Cargo,Large,114.12,78.0,10.07,5.1,2.92,Low,374.84,17.65
Cargo,Large,127.09,68.0,14.21,36.48,4.92,Medium,444.84,12.92
Cargo,Large,149.87,80.0,6.16,26.36,2.11,Low,331.85,17.07
Tanker,Medium,82.26,81.0,27.63,21.86,8.42,Medium,432.35,9.26
Passenger,Large,111.91,92.0,38.41,34.53,15.03,High,31.65,2.2
Cargo,Large,138.71,89.0,25.64,1.82,4.49,Low,320.26,16.24
Cargo,Small,21.57,87.0,24.68,11.17,6.04,Medium,350.09,4.84
Passenger,Small,23.43,65.0,22.14,30.82,9.42,Medium,95.16,1.69
Container,Small,32.58,89.0,3.54,42.36,3.29,Low,388.99,8.34
Container,Large,180.12,80.0,29.18,19.06,14.01,High,472.13,7.48
Tanker,Large,141.29,96.0,24.08,12.94,10.68,Medium,448.98,12.36
Cargo,Small,47.55,97.0,26.46,25.94,14.16,High,122.48,0.0
Cargo,Large,162.27,62.0,35.95,31.12,13.74,High,162.0,3.83
Container,Large,164.89,93.0,31.36,21.01,12.95,High,249.81,5.21
Passenger,Small,48.19,62.0,31.24,43.84,16.07,High,79.18,0.0
Tanker,Large,175.85,75.0,37.09,26.17,17.48,High,476.98,6.64
Tanker,Medium,54.84,82.0,39.6,1.79,15.43,High,80.8,1.25
Cargo,Small,27.67,66.0,23.25,11.15,7.53,Medium,380.71,5.07
Tanker,Large,110.19,90.0,4.36,22.53,2.04,Low,170.71,15.63
Tanker,Large,109.07,60.0,18.37,34.89,10.03,Medium,286.86,10.65
Passenger,Small,32.5,67.0,31.5,10.99,13.49,High,23.59,0.0
Cargo,Large,181.22,83.0,1.11,48.81,2.92,Low,102.51,14.5
Tanker,Medium,87.28,89.0,2.28,15.93,1.15,Low,222.2,12.87
Container,Large,170.24,97.0,2.69,26.62,1.94,Low,338.6,17.33
Passenger,Large,127.19,88.0,29.24,0.95,7.94,Medium,388.78,12.01
Passenger,Small,34.24,87.0,20.05,44.24,10.94,Medium,15.07,0.57
Container,Medium,57.75,76.0,14.76,39.44,8.72,Medium,76.25,5.96
Tanker,Small,32.59,60.0,4.22,9.77,1.39,Low,364.9,8.9
Cargo,Large,112.11,65.0,29.29,46.66,13.3,High,406.53,6.34
Tanker,Large,183.67,81.0,12.84,15.79,2.47,Low,118.29,14.78
Passenger,Large,122.68,87.0,10.61,34.61,4.53,Medium,114.83,9.87
Tanker,Small,46.74,77.0,26.09,40.95,9.74,Medium,44.01,0.74
Tanker,Large,163.47,89.0,22.36,37.05,10.94,Medium,75.15,8.2
Tanker,Large,128.57,81.0,14.5,45.88,8.92,Medium,4.01,7.91
Passenger,Small,43.12,63.0,25.66,43.21,8.19,Medium,294.92,3.38
Passenger,Medium,57.32,68.0,10.85,49.73,5.86,Medium,451.95,10.0
Container,Medium,98.05,94.0,31.79,9.13,11.87,Medium,74.79,5.39
Tanker,Small,38.28,89.0,9.17,15.24,2.88,Low,375.72,8.51
Container,Medium,51.29,96.0,6.35,31.81,4.73,Low,286.83,12.64
Container,Large,102.39,65.0,31.3,36.65,15.93,High,469.96,6.81
Tanker,Large,153.57,100.0,28.32,26.73,7.53,Medium,399.06,11.69
Container,Large,142.35,68.0,7.31,3.7,2.4,Low,426.36,18.38
Tanker,Large,128.77,60.0,4.65,42.08,3.0,Low,319.57,16.62
Tanker,Small,39.32,100.0,33.54,48.04,12.66,High,405.67,1.15
Tanker,Medium,69.85,71.0,31.06,20.28,12.61,High,175.43,2.53
Cargo,Medium,85.49,87.0,13.09,11.24,2.32,Low,104.51,11.13
Tanker,Small,25.06,67.0,26.33,0.97,11.85,Medium,456.26,5.44
Container,Large,132.28,83.0,4.97,11.86,2.27,Low,367.17,17.76
Tanker,Large,114.02,96.0,20.28,35.0,11.81,Medium,45.35,7.96
Container,Medium,75.3,73.0,0.75,45.58,2.36,Low,433.45,14.35
Tanker,Medium,55.77,87.0,15.66,4.68,7.01,Medium,174.45,7.77
Container,Medium,63.05,68.0,2.99,27.66,2.63,Low,149.14,11.73
Tanker,Medium,82.65,85.0,19.01,34.78,4.65,Medium,311.66,8.61
Passenger,Large,183.49,73.0,16.87,13.82,4.64,Low,284.3,16.06
Cargo,Large,135.23,68.0,17.78,28.49,9.5,Medium,269.13,10.68
Container,Medium,63.97,73.0,1.81,35.76,2.34,Low,127.44,11.43
Tanker,Small,22.12,67.0,14.46,41.89,5.86,Medium,479.89,6.05
Passenger,Small,21.77,96.0,30.26,22.62,15.12,High,475.06,2.27
Tanker,Medium,92.09,76.0,14.76,37.39,3.9,Medium,2.08,5.74
Passenger,Large,179.53,70.0,28.61,15.09,9.03,Medium,168.91,9.45
Container,Large,167.81,78.0,14.78,10.65,5.87,Low,22.77,13.49
Tanker,Medium,94.04,73.0,16.93,9.37,6.28,Medium,425.12,10.19
Cargo,Large,177.09,90.0,22.56,17.94,5.54,Medium,443.26,12.79
Container,Large,127.29,99.0,38.03,1.79,12.46,High,259.15,5.41
Container,Large,118.47,78.0,4.35,14.15,2.38,Low,419.84,18.26
Cargo,Small,20.45,94.0,1.32,32.61,2.07,Low,351.68,8.39
Passenger,Medium,54.96,83.0,24.32,32.4,10.71,Medium,249.79,7.16
Cargo,Medium,74.23,66.0,37.96,3.68,7.87,Medium,181.91,6.66
Container,Small,38.06,88.0,39.59,14.37,17.87,High,133.11,0.0
Cargo,Large,172.61,81.0,19.37,28.48,6.85,Medium,129.71,9.47
Cargo,Medium,50.32,86.0,18.72,15.93,10.06,Medium,281.03,8.15
Cargo,Medium,95.96,96.0,25.8,20.9,3.87,Medium,83.4,6.34
Passenger,Medium,58.32,78.0,22.23,35.64,7.39,Medium,87.4,5.91
Container,Medium,51.03,96.0,25.36,0.46,4.39,Low,5.2,9.54
Tanker,Medium,64.91,90.0,34.96,13.82,11.96,High,306.66,3.85
Container,Large,199.96,80.0,29.85,7.12,6.24,Medium,497.17,13.11
Tanker,Small,29.46,84.0,19.88,6.38,8.17,Medium,444.61,5.91
Cargo,Medium,57.22,73.0,18.47,47.95,10.76,Medium,352.84,8.17
Cargo,Medium,98.78,99.0,25.58,18.83,5.66,Medium,392.76,9.31
Passenger,Large,153.34,87.0,18.23,26.35,4.31,Medium,208.43,10.61
Container,Medium,88.66,62.0,18.31,36.69,10.08,Medium,149.04,6.43
Tanker,Large,107.81,73.0,0.65,2.37,0.28,Low,184.31,16.54
Passenger,Small,20.47,85.0,6.96,12.05,2.51,Low,40.71,5.37
Cargo,Large,108.36,62.0,19.54,41.61,5.76,Medium,316.9,11.18
Container,Small,49.4,61.0,32.91,43.1,11.04,High,87.43,0.0
Passenger,Large,191.52,78.0,11.15,18.65,3.08,Low,381.44,17.38
Tanker,Medium,85.32,73.0,20.91,18.74,8.6,Medium,94.99,6.27
Cargo,Medium,80.09,78.0,13.8,37.84,6.03,Medium,114.06,6.69
Passenger,Medium,66.69,71.0,4.19,14.75,2.48,Low,478.65,15.23
Cargo,Medium,52.42,67.0,38.33,5.85,8.92,Medium,52.7,5.2
Tanker,Large,158.56,88.0,34.19,12.88,10.98,Medium,249.42,9.83
Tanker,Medium,82.11,81.0,3.14,19.37,1.61,Low,31.34,10.81
Container,Large,113.35,68.0,28.79,2.61,13.77,Medium,45.2,7.98
Cargo,Small,48.15,73.0,13.9,23.93,5.49,Medium,316.75,4.84
Passenger,Large,107.71,84.0,39.79,37.0,8.59,High,315.36,5.57
Container,Medium,67.97,63.0,12.1,25.69,3.81,Low,96.56,10.67
Tanker,Large,182.2,66.0,9.55,3.59,1.45,Low,436.24,18.47
Passenger,Medium,73.2,63.0,22.72,22.01,3.63,Medium,351.09,9.17
Tanker,Medium,77.55,92.0,33.41,35.45,12.14,High,150.31,1.91
Passenger,Small,46.28,90.0,7.7,2.9,1.95,Low,124.19,6.4
Cargo,Large,112.58,90.0,28.38,2.99,13.93,Medium,377.14,11.3
Tanker,Small,31.17,89.0,2.46,18.53,1.34,Low,366.81,8.84
Container,Large,119.86,87.0,36.76,9.75,15.84,High,74.42,3.13
Cargo,Large,105.27,79.0,3.24,46.74,3.07,Low,174.59,15.14
Passenger,Small,37.91,86.0,36.57,29.07,8.38,Medium,108.34,1.24
Passenger,Medium,62.04,62.0,19.63,14.37,10.3,Medium,147.07,6.77
Passenger,Large,198.8,85.0,17.92,35.24,9.31,Medium,143.78,9.31
Container,Small,28.66,91.0,38.93,18.75,14.65,High,488.01,2.09
Tanker,Medium,95.41,80.0,39.62,6.61,15.34,High,375.11,4.1
Container,Medium,62.77,74.0,26.01,11.86,13.51,Medium,390.03,8.61
Passenger,Medium,93.01,71.0,5.08,32.14,3.32,Low,138.71,11.36
Tanker,Small,47.55,86.0,20.25,2.59,2.98,Low,0.26,4.44
Tanker,Small,45.82,88.0,21.17,13.63,3.35,Low,29.08,4.42
Passenger,Small,36.43,95.0,20.58,10.42,8.07,Medium,276.5,4.12
Tanker,Large,118.43,74.0,22.78,10.06,8.77,Medium,142.74,9.61
Container,Medium,53.92,91.0,0.75,34.14,2.01,Low,96.48,11.24
Cargo,Small,47.75,82.0,28.45,41.29,6.15,Medium,24.82,0.78
Container,Small,29.14,95.0,28.5,35.79,15.41,High,437.94,1.7
Cargo,Small,34.78,81.0,4.62,32.29,3.1,Low,300.06,7.61
Cargo,Medium,68.04,81.0,22.81,45.82,10.5,Medium,53.69,5.03
Container,Small,36.54,83.0,22.73,2.92,2.74,Low,383.2,8.16
Cargo,Medium,88.59,90.0,27.3,8.37,13.64,Medium,377.91,8.48
Container,Medium,86.46,99.0,3.42,20.72,2.15,Low,144.7,11.85
Cargo,Large,167.76,63.0,25.06,18.62,9.08,Medium,94.21,8.81
Cargo,Small,36.72,62.0,11.23,20.9,6.41,Medium,406.99,5.85
Passenger,Large,190.84,98.0,20.28,10.32,10.08,Medium,164.78,9.82
Passenger,Medium,89.83,81.0,30.93,7.48,6.19,Medium,423.71,9.52
Container,Medium,68.74,85.0,28.23,25.46,14.61,High,21.83,0.84
Tanker,Medium,82.86,79.0,4.76,46.4,4.2,Low,249.64,12.11
Cargo,Small,39.17,64.0,23.65,19.6,3.52,Medium,89.8,2.37
Container,Medium,99.56,91.0,38.76,2.17,7.7,Medium,336.02,8.21
Passenger,Large,168.48,90.0,6.27,35.31,3.43,Low,498.61,18.42
Tanker,Small,39.61,72.0,34.12,14.56,12.09,High,206.26,0.0
Cargo,Large,174.19,72.0,28.1,12.25,11.31,Medium,50.16,8.12
Container,Small,34.24,94.0,30.96,16.21,6.51,Medium,158.84,2.47
Passenger,Large,134.25,63.0,11.28,36.19,6.71,Medium,445.75,12.9
Passenger,Small,40.96,95.0,11.52,40.94,7.1,Medium,382.88,5.12
Container,Large,134.88,70.0,36.24,29.4,14.3,High,116.11,3.33
Tanker,Large,199.62,84.0,14.39,16.12,7.55,Medium,476.8,13.37
Cargo,Medium,70.01,97.0,2.52,15.52,1.85,Low,311.09,13.69
Cargo,Small,22.95,87.0,24.02,6.22,4.84,Medium,84.02,2.43
Tanker,Small,25.14,77.0,4.99,46.67,4.43,Medium,286.16,4.64
Tanker,Large,196.49,88.0,31.86,31.91,16.93,High,225.64,4.33
Passenger,Small,29.76,74.0,25.67,1.35,4.05,Low,409.85,8.18
Passenger,Small,46.18,71.0,34.99,33.12,18.85,High,172.08,0.0
Passenger,Small,28.86,100.0,31.39,22.36,4.57,Medium,437.49,5.3
Passenger,Medium,87.21,90.0,4.48,48.63,3.82,Low,405.99,13.68
Tanker,Large,130.01,86.0,15.24,40.95,8.29,Medium,337.3,11.36
Cargo,Medium,92.59,74.0,30.98,8.57,13.32,High,129.3,2.24
Tanker,Medium,60.2,62.0,16.69,36.01,8.37,Medium,485.16,10.06
Passenger,Small,43.46,61.0,38.89,24.28,13.34,High,274.33,0.0
Passenger,Large,196.02,82.0,29.43,9.35,11.07,Medium,453.76,12.17
Tanker,Small,47.07,90.0,0.62,34.94,1.98,Low,107.86,5.95
Container,Small,43.05,81.0,35.2,27.37,11.85,High,491.69,2.42
Tanker,Large,157.54,94.0,4.03,1.52,1.44,Low,408.03,18.5
Tanker,Medium,51.05,61.0,5.62,32.33,4.08,Low,474.61,14.61
Container,Medium,58.05,75.0,29.38,31.75,8.2,Medium,106.18,5.74
Passenger,Large,157.84,69.0,34.6,7.2,11.06,Medium,215.33,9.57
Passenger,Medium,79.23,78.0,21.45,17.45,3.09,Low,48.82,9.96
Tanker,Large,194.77,63.0,11.56,29.29,5.8,Medium,68.48,9.34
Passenger,Large,144.95,98.0,14.05,6.94,2.85,Low,141.98,15.09
Cargo,Large,169.01,69.0,13.72,42.64,6.14,Medium,475.81,13.01
Passenger,Medium,89.16,97.0,13.07,1.37,2.47,Low,333.6,13.61
Passenger,Small,33.29,77.0,9.72,5.14,1.32,Low,157.32,6.65
Cargo,Small,48.96,99.0,24.35,5.81,7.43,Medium,477.29,6.1
Tanker,Small,35.57,82.0,36.02,26.41,11.04,High,369.87,1.27
Passenger,Medium,76.64,97.0,12.28,31.01,4.87,Medium,453.49,10.41
Cargo,Large,132.27,60.0,7.47,20.19,2.38,Low,463.61,18.42
Container,Medium,85.12,90.0,33.54,14.43,16.78,High,375.38,4.11
Cargo,Large,179.72,96.0,29.67,40.47,5.03,Medium,121.57,8.82
Container,Large,128.1,66.0,37.23,3.41,17.17,High,498.29,7.34
Container,Large,118.03,64.0,6.62,14.01,3.31,Low,162.55,15.48
Tanker,Large,179.76,77.0,5.77,1.96,1.07,Low,335.85,17.72
Tanker,Large,102.63,97.0,21.66,0.69,6.29,Medium,422.41,12.9
Container,Large,110.83,82.0,24.58,17.67,13.06,Medium,87.58,8.39
Passenger,Small,44.27,81.0,19.21,9.74,7.35,Medium,304.52,4.55
Cargo,Medium,54.35,66.0,23.96,13.42,4.29,Medium,187.59,7.58
Passenger,Medium,80.73,60.0,7.22,41.05,4.1,Low,122.14,10.83
Cargo,Large,109.35,92.0,19.18,8.15,5.92,Medium,5.89,8.74
Cargo,Small,40.85,64.0,26.32,39.01,13.03,High,435.99,1.96
Passenger,Small,42.95,85.0,17.31,33.75,9.76,Medium,67.94,1.56
Cargo,Medium,54.98,97.0,27.18,16.32,4.43,Medium,439.06,9.86
Tanker,Small,24.48,68.0,18.05,27.33,5.44,Medium,300.35,4.41
Tanker,Small,22.32,87.0,13.34,22.22,4.04,Low,310.53,7.39
Container,Large,119.96,63.0,12.14,6.42,6.37,Low,414.33,17.57
Container,Medium,99.79,84.0,16.44,45.36,7.59,Medium,254.72,7.66
Cargo,Medium,94.75,67.0,0.92,28.48,1.84,Low,178.64,12.19
Cargo,Medium,63.59,89.0,26.74,44.01,9.43,Medium,69.4,5.13
Tanker,Large,173.21,72.0,33.8,41.19,15.21,High,285.21,4.82
Passenger,Large,120.61,79.0,14.19,3.99,3.25,Low,276.58,16.45
Container,Small,34.08,84.0,1.84,10.36,1.37,Low,146.95,6.83
Cargo,Small,42.19,67.0,39.47,7.26,11.5,High,300.03,0.73
Cargo,Small,23.58,90.0,10.55,41.54,6.52,Medium,219.68,3.59
Passenger,Large,181.2,72.0,5.06,43.12,3.18,Low,402.77,17.39
Tanker,Large,197.95,86.0,14.79,26.4,6.9,Medium,279.74,11.24
Container,Medium,67.99,66.0,29.54,5.21,8.0,Medium,466.84,9.89
Passenger,Medium,64.27,88.0,11.76,6.78,1.66,Low,258.99,12.9
Tanker,Medium,57.94,65.0,22.99,40.68,8.13,Medium,443.75,9.26
Container,Medium,70.72,77.0,16.62,46.46,7.64,Medium,260.26,7.68
Container,Large,140.64,70.0,4.71,9.97,1.26,Low,279.02,17.03
Passenger,Medium,55.06,90.0,13.21,0.56,2.32,Low,183.4,12.13
Cargo,Large,104.55,70.0,28.99,16.55,9.12,Medium,200.08,9.71
Passenger,Small,33.96,95.0,24.48,1.52,5.88,Medium,466.55,6.22
Tanker,Medium,90.77,96.0,4.79,41.4,3.39,Low,111.64,10.91
Container,Medium,98.46,68.0,6.53,24.58,3.09,Low,60.73,10.68
Passenger,Large,142.58,85.0,25.63,32.09,5.6,Medium,415.11,12.07
Passenger,Medium,88.17,64.0,32.54,20.57,6.64,Medium,288.46,7.78
Passenger,Large,111.64,76.0,13.98,17.28,7.0,Medium,142.32,10.08
Passenger,Small,40.01,89.0,23.81,11.11,4.49,Medium,216.2,3.7
Passenger,Large,118.46,86.0,6.83,38.53,4.43,Low,262.45,15.87
Container,Small,27.15,85.0,12.46,34.78,5.07,Medium,296.07,4.54
Cargo,Large,132.43,71.0,0.81,18.04,1.3,Low,410.53,18.37
Cargo,Medium,51.41,75.0,30.73,16.06,4.69,Medium,197.18,7.25
Container,Small,48.67,64.0,16.04,0.06,6.93,Medium,338.25,5.29
Passenger,Small,28.35,89.0,32.65,3.18,9.84,Medium,417.38,4.89
Passenger,Medium,96.2,80.0,28.33,31.16,4.45,Medium,421.89,9.33
Passenger,Large,146.01,88.0,33.15,25.73,8.1,Medium,127.12,8.69
Container,Small,48.33,70.0,11.43,21.74,4.09,Low,175.09,6.14
Container,Medium,73.84,73.0,7.4,41.38,3.74,Low,297.45,12.6
Passenger,Medium,96.76,73.0,38.88,25.19,10.78,High,442.89,4.9
Tanker,Small,33.9,61.0,28.69,19.22,14.35,High,395.22,1.7
Passenger,Small,44.94,74.0,33.36,8.06,8.56,Medium,291.98,3.63
Passenger,Small,47.46,92.0,0.53,41.03,2.19,Low,491.87,9.65
Container,Large,173.32,96.0,14.18,28.81,7.18,Medium,219.49,10.59
Passenger,Medium,79.15,81.0,29.71,4.62,12.64,Medium,421.23,8.97
Container,Small,35.73,78.0,3.12,32.44,2.04,Low,409.21,8.88
Cargo,Medium,69.03,61.0,22.69,21.25,9.72,Medium,454.02,9.61
Passenger,Medium,52.93,95.0,17.16,40.57,7.06,Medium,493.84,10.16
Passenger,Small,24.35,61.0,0.7,45.95,2.4,Low,247.85,7.08
Container,Large,163.36,98.0,9.44,30.02,3.44,Low,97.81,14.36
Container,Small,20.18,80.0,11.39,36.58,3.17,Low,230.45,6.49
Passenger,Medium,84.48,74.0,4.47,2.83,1.23,Low,426.94,15.07
Tanker,Small,31.19,97.0,25.26,28.01,6.51,Medium,418.05,5.11
Container,Medium,74.86,61.0,9.7,37.77,4.34,Medium,167.98,7.61
Container,Medium,95.97,83.0,11.1,24.84,4.93,Low,23.65,9.89
Container,Medium,81.9,82.0,35.93,29.68,15.6,High,254.92,2.6
Container,Large,153.47,69.0,18.68,44.95,8.64,Medium,237.05,10.07
Passenger,Medium,82.14,77.0,15.69,9.9,6.32,Medium,42.88,6.41
Tanker,Medium,66.25,86.0,28.95,4.91,13.16,Medium,397.44,8.71
Container,Small,30.4,89.0,36.38,34.53,18.08,High,141.8,0.0
Cargo,Medium,55.42,60.0,1.0,41.14,2.5,Low,322.88,13.31
Passenger,Medium,70.59,97.0,17.93,42.52,5.02,Medium,50.74,5.86
Passenger,Medium,89.5,67.0,24.43,32.08,6.5,Medium,430.35,9.39
Cargo,Medium,66.24,69.0,12.74,41.66,5.92,Medium,369.64,9.23
Tanker,Medium,73.43,71.0,30.9,35.03,9.28,Medium,194.21,6.37
Tanker,Large,121.01,62.0,38.86,4.37,6.15,Medium,314.74,10.9
Tanker,Large,107.95,65.0,37.74,38.1,10.02,High,93.73,3.29
Passenger,Medium,91.24,99.0,10.64,8.97,5.66,Low,492.71,14.85
Passenger,Small,33.38,73.0,9.05,11.83,2.75,Low,398.05,8.82
Passenger,Medium,90.5,65.0,38.3,19.73,11.23,High,394.47,4.51
Cargo,Small,39.0,64.0,18.35,15.73,2.67,Low,76.69,5.07
Cargo,Small,31.21,89.0,8.33,16.08,4.03,Low,8.87,4.75
Tanker,Medium,81.2,94.0,28.28,8.46,7.93,Medium,292.69,8.15
Passenger,Large,145.49,70.0,11.38,14.69,2.34,Low,72.06,14.42
Tanker,Medium,53.35,61.0,10.69,0.98,5.26,Low,390.22,14.02
Cargo,Small,37.18,69.0,35.17,23.65,15.64,High,208.04,0.0
Container,Small,29.07,62.0,6.5,38.43,4.46,Low,169.3,5.95
Container,Medium,68.01,64.0,2.58,43.11,3.4,Low,36.82,10.24
Tanker,Large,171.53,77.0,10.77,41.02,4.88,Medium,498.03,13.53
Cargo,Medium,64.32,69.0,24.28,20.82,10.45,Medium,478.01,9.7
Container,Small,26.44,81.0,4.92,36.52,2.72,Low,65.8,5.21
Container,Medium,79.2,70.0,18.86,14.39,7.86,Medium,166.41,7.25
Cargo,Large,131.85,98.0,25.09,2.78,2.79,Low,195.39,15.16
Tanker,Large,189.86,96.0,33.95,33.8,6.8,Medium,148.4,8.83
Passenger,Medium,84.23,83.0,9.19,32.44,4.1,Low,467.23,14.35
Passenger,Small,39.65,74.0,32.69,40.08,5.43,Medium,360.67,4.03
Container,Medium,66.14,75.0,9.4,30.81,4.22,Low,477.96,14.47
Tanker,Small,39.55,76.0,27.07,7.84,8.76,Medium,437.25,5.39
Container,Small,26.05,89.0,17.23,42.66,8.14,Medium,377.27,4.64
Cargo,Medium,90.29,78.0,4.59,31.36,2.21,Low,348.48,13.61
Cargo,Small,46.13,94.0,28.57,40.38,6.94,Medium,433.08,4.8
Cargo,Small,26.09,98.0,8.71,38.71,4.94,Medium,342.07,5.12
Container,Medium,69.92,73.0,7.06,14.89,3.31,Low,94.36,11.16
Tanker,Small,26.06,82.0,14.33,3.73,1.77,Low,324.06,8.07
Cargo,Large,168.03,64.0,26.13,8.83,8.7,Medium,257.5,10.62
Container,Small,30.79,68.0,9.36,4.64,4.11,Low,490.95,9.74
Passenger,Small,42.2,77.0,7.35,12.17,1.55,Low,254.98,7.58
Cargo,Small,27.03,68.0,0.4,22.98,1.26,Low,19.23,5.39
Cargo,Small,35.4,95.0,18.87,45.34,6.62,Medium,132.09,2.21
Container,Small,31.22,66.0,17.15,43.6,10.16,Medium,458.69,5.24
Cargo,Small,37.53,78.0,9.35,35.93,3.43,Low,481.18,9.08
Tanker,Small,39.78,84.0,2.15,1.21,0.55,Low,364.25,9.26
Tanker,Small,23.62,88.0,17.17,17.07,8.74,Medium,28.43,1.61
Cargo,Small,25.8,75.0,31.53,34.12,9.03,Medium,11.77,0.36
Tanker,Medium,61.8,95.0,28.61,6.45,9.26,Medium,239.8,7.51
Cargo,Small,20.88,83.0,34.43,40.05,5.9,Medium,499.84,5.29
Tanker,Medium,93.91,78.0,0.38,45.73,2.47,Low,434.65,14.37
Cargo,Large,121.8,63.0,38.66,17.71,17.51,High,466.55,6.63
Tanker,Medium,64.36,79.0,13.66,35.29,6.6,Medium,311.77,8.67
Container,Small,23.2,93.0,39.62,7.41,5.3,Medium,429.56,5.04
Tanker,Small,41.34,85.0,10.1,34.54,3.04,Low,159.85,5.9
Cargo,Medium,72.02,93.0,18.86,1.07,6.05,Low,13.68,9.77
Tanker,Medium,90.83,80.0,14.16,7.54,3.41,Low,459.13,14.59
Cargo,Small,21.17,65.0,14.23,35.49,6.74,Medium,109.22,2.4
Tanker,Large,156.66,61.0,33.69,35.59,13.21,High,364.24,5.93
Passenger,Small,20.19,72.0,29.86,32.06,14.61,High,329.48,0.7
Passenger,Small,27.53,88.0,39.69,23.87,9.63,Medium,79.08,0.77
Container,Medium,74.78,92.0,24.54,33.75,9.81,Medium,97.89,5.7
Passenger,Large,119.19,72.0,18.53,38.69,9.55,Medium,164.54,9.39
Tanker,Large,190.52,80.0,3.6,48.32,3.48,Low,378.47,17.09
Passenger,Large,183.78,77.0,39.86,44.43,19.45,High,19.62,1.37
Tanker,Large,143.38,76.0,22.06,39.73,5.35,Medium,203.53,10.0
Tanker,Small,31.94,69.0,28.02,34.74,12.76,High,332.56,0.95
Container,Small,41.87,65.0,16.27,28.71,9.2,Medium,85.74,1.95
Container,Large,147.61,68.0,21.91,6.03,5.4,Medium,59.71,9.24
Cargo,Medium,92.93,62.0,37.7,8.28,9.71,Medium,195.11,6.53
Cargo,Medium,85.49,68.0,6.66,41.01,2.94,Low,143.28,11.19
Cargo,Large,175.26,60.0,11.69,40.17,6.18,Medium,324.55,11.64
Container,Large,172.26,85.0,6.08,30.72,3.49,Low,484.78,18.38
Passenger,Medium,61.64,73.0,31.69,21.94,4.78,Medium,2.23,5.12
Cargo,Small,37.17,99.0,2.48,1.3,1.06,Low,451.19,10.06
Container,Medium,87.94,68.0,3.27,16.36,2.23,Low,216.61,12.65
Tanker,Medium,96.98,74.0,11.94,21.03,6.58,Medium,332.0,9.24
Passenger,Small,34.88,74.0,20.57,24.29,7.76,Medium,425.51,5.36
Tanker,Medium,89.61,60.0,16.25,46.47,6.89,Medium,286.73,8.04
Cargo,Large,145.99,94.0,1.79,5.44,1.08,Low,48.66,14.98
Tanker,Large,137.79,61.0,38.3,25.94,11.24,High,70.3,3.15
Tanker,Small,36.62,98.0,38.11,18.4,14.72,High,394.64,1.2
Container,Medium,76.33,96.0,11.17,49.5,6.34,Medium,114.55,6.56
Cargo,Small,39.51,81.0,29.26,43.09,9.44,Medium,284.52,2.98
Cargo,Large,171.13,82.0,23.14,21.94,4.22,Medium,214.04,10.52
Passenger,Large,110.48,86.0,9.5,49.98,3.53,Medium,151.82,10.09
Container,Large,155.22,75.0,10.49,25.7,4.13,Low,393.48,17.28
Passenger,Large,154.74,86.0,19.65,8.36,6.17,Medium,365.61,12.29
Tanker,Medium,73.92,62.0,16.77,27.79,8.59,Medium,323.05,8.58
Cargo,Small,34.76,62.0,11.65,11.31,3.66,Low,186.34,6.49
Tanker,Large,178.78,78.0,32.3,31.82,8.45,Medium,113.24,8.44
Tanker,Small,38.8,82.0,19.26,46.87,7.83,Medium,257.95,3.3
Passenger,Small,34.39,96.0,26.19,39.31,7.08,Medium,408.55,4.68
Container,Medium,75.96,64.0,7.57,13.66,1.72,Low,287.83,13.25
Container,Medium,80.55,93.0,21.34,14.84,3.84,Low,485.07,14.3
Passenger,Medium,56.97,68.0,12.72,3.46,3.07,Low,7.72,10.26
Passenger,Large,152.97,76.0,21.06,14.29,2.93,Low,499.17,18.16
Container,Medium,70.71,73.0,31.23,4.63,6.11,Medium,345.7,8.79
Passenger,Large,141.81,76.0,30.76,24.97,14.01,High,416.34,6.72
Passenger,Small,29.71,66.0,14.17,35.42,4.52,Medium,167.48,3.21
Tanker,Medium,75.72,80.0,27.77,37.56,5.88,Medium,254.17,7.41
Cargo,Large,146.71,92.0,37.65,2.98,18.21,High,398.49,6.22
Cargo,Small,21.44,78.0,25.03,17.0,9.59,Medium,380.32,4.65
Passenger,Medium,99.6,80.0,5.94,14.41,1.46,Low,167.02,12.14
Tanker,Medium,64.38,94.0,27.19,5.22,3.66,Low,162.21,10.99
Cargo,Small,29.9,88.0,4.2,18.12,2.35,Low,331.41,8.31
Container,Small,34.38,80.0,34.88,14.97,11.77,High,466.83,2.45
Tanker,Large,154.9,70.0,20.67,31.72,4.22,Medium,219.39,10.5
Passenger,Small,25.24,95.0,15.41,44.17,5.13,Medium,176.47,3.0
Cargo,Medium,99.98,83.0,2.28,22.74,2.21,Low,447.34,14.88
Cargo,Small,44.44,69.0,15.23,37.33,6.87,Medium,341.53,4.62
Passenger,Small,46.42,71.0,36.13,7.3,10.34,Medium,194.14,2.35
Tanker,Small,42.83,92.0,0.84,44.75,2.41,Low,28.64,4.91
Container,Medium,65.58,62.0,18.99,7.63,3.3,Low,360.74,13.38
Cargo,Small,32.24,100.0,37.25,9.61,10.2,Medium,176.44,2.09
Container,Medium,70.89,65.0,15.79,5.32,7.67,Medium,35.28,6.29
Tanker,Medium,56.52,92.0,17.13,15.48,2.82,Low,306.14,12.81
Tanker,Large,108.42,76.0,23.14,27.62,12.87,High,161.5,4.62
Tanker,Medium,84.08,80.0,18.52,49.4,5.86,Medium,169.23,6.79
Container,Small,25.97,95.0,6.74,39.67,3.76,Low,239.59,6.69
Tanker,Large,178.78,77.0,0.74,19.02,1.04,Low,358.74,17.87
Cargo,Small,42.63,81.0,24.39,28.79,9.58,Medium,138.17,2.03
Cargo,Medium,93.51,62.0,36.83,31.17,12.37,High,40.47,0.7
Passenger,Large,180.24,60.0,4.25,41.14,3.62,Low,212.21,15.52
Cargo,Medium,92.67,70.0,8.44,36.82,4.52,Low,27.46,9.86
Cargo,Medium,83.78,87.0,14.81,28.46,5.26,Medium,348.63,9.25
Passenger,Small,36.97,65.0,32.35,33.46,14.45,High,479.62,2.06
Cargo,Large,178.19,65.0,10.77,37.3,3.05,Low,329.38,16.5
Tanker,Medium,71.48,76.0,35.28,6.66,11.5,Medium,137.7,5.93
Container,Large,149.06,86.0,2.2,10.02,0.82,Low,90.85,15.32
Cargo,Small,29.36,88.0,37.64,34.43,12.05,High,116.39,0.0
Passenger,Small,28.75,67.0,22.43,42.52,11.47,High,110.81,0.0
Tanker,Small,28.48,63.0,26.35,20.46,5.16,Medium,156.92,2.73
Passenger,Medium,89.35,98.0,14.71,48.99,9.43,Medium,48.67,5.43
Tanker,Small,36.33,70.0,31.28,10.8,14.78,High,447.86,2.22
Cargo,Small,27.31,94.0,6.66,20.83,2.81,Low,442.56,9.19
Cargo,Large,104.89,95.0,1.96,18.93,1.15,Low,307.62,17.28
Cargo,Large,109.49,91.0,15.82,46.51,8.91,Medium,30.96,8.1
Cargo,Large,119.47,67.0,34.15,14.27,16.16,High,402.0,6.41
Cargo,Medium,79.59,93.0,30.2,23.54,6.31,Medium,30.89,5.3
Container,Large,148.62,91.0,20.69,9.36,10.12,Medium,53.21,8.7
Container,Medium,61.1,84.0,22.89,26.06,11.96,Medium,162.65,6.36
Cargo,Small,30.73,73.0,5.2,42.87,3.64,Low,215.74,6.48
Passenger,Medium,59.99,71.0,33.63,15.2,14.86,High,176.94,2.3
Cargo,Large,130.97,65.0,31.48,40.54,10.78,High,82.61,3.36
Cargo,Small,41.8,80.0,26.26,45.57,10.83,High,56.06,0.0
Cargo,Medium,68.88,83.0,18.65,3.65,4.43,Low,429.71,14.05
Tanker,Small,42.84,74.0,38.58,37.82,8.21,Medium,181.59,1.71
Tanker,Medium,56.67,79.0,35.16,12.77,14.65,High,109.3,1.61
Passenger,Medium,68.27,75.0,25.78,8.77,3.03,Low,243.5,11.87
Passenger,Medium,68.33,86.0,14.87,30.06,6.44,Medium,18.41,5.8
Cargo,Small,35.07,96.0,24.72,35.28,12.79,High,300.14,0.78
Container,Medium,65.52,67.0,23.02,19.74,5.33,Medium,124.24,6.76
Container,Small,26.89,75.0,15.77,1.96,3.77,Low,299.1,7.59
Cargo,Small,35.89,66.0,12.27,45.44,6.38,Medium,307.06,4.31
Passenger,Medium,50.9,85.0,16.28,36.54,5.06,Medium,404.61,9.6
Container,Small,27.17,89.0,22.96,13.58,10.76,Medium,114.95,2.05
Container,Medium,71.88,97.0,17.13,24.84,5.47,Medium,231.73,8.02
Passenger,Large,105.33,71.0,10.54,1.39,3.58,Low,480.94,18.7
Cargo,Medium,57.01,98.0,30.44,16.96,6.65,Medium,363.56,8.71
Container,Large,130.22,63.0,21.26,26.13,3.78,Medium,487.67,13.31
Cargo,Medium,86.99,84.0,2.71,25.86,1.75,Low,463.68,15.01
Container,Small,22.79,62.0,14.73,10.41,2.27,Low,305.37,7.68
Passenger,Small,37.71,96.0,35.4,38.84,12.12,High,131.97,0.0
Passenger,Small,31.25,81.0,30.21,14.94,10.86,Medium,378.46,4.29
Cargo,Medium,78.79,87.0,12.93,29.02,2.98,Low,349.06,13.17
Container,Medium,79.14,93.0,37.53,13.58,5.79,Medium,294.45,7.82
Cargo,Large,123.34,66.0,3.06,21.26,1.96,Low,348.91,17.51
Tanker,Medium,60.39,62.0,38.45,10.38,16.66,High,306.79,3.27
Tanker,Small,38.82,95.0,9.83,31.65,5.03,Medium,259.69,4.37
Container,Medium,93.11,73.0,0.36,21.28,1.12,Low,207.98,12.72
Passenger,Small,34.97,65.0,17.35,0.81,7.94,Medium,22.35,1.95
Passenger,Small,44.96,79.0,14.36,1.41,6.78,Low,432.84,8.7
Container,Large,143.41,84.0,21.56,23.56,6.14,Medium,432.77,12.56
Cargo,Medium,58.46,61.0,31.87,9.16,11.5,Medium,297.02,7.64
Container,Small,21.69,71.0,33.7,29.25,11.47,High,133.94,0.0
Container,Large,147.83,61.0,16.05,20.41,8.67,Medium,14.07,8.46
Tanker,Small,20.89,77.0,17.19,32.72,6.85,Medium,0.71,1.21
Tanker,Large,141.07,96.0,5.93,47.62,5.25,Medium,36.45,8.99
Passenger,Small,48.68,99.0,1.9,26.44,1.66,Low,179.94,6.81
Cargo,Small,31.31,85.0,25.65,39.37,8.08,Medium,94.2,1.46
Container,Small,39.38,66.0,2.58,37.65,2.95,Low,132.53,5.95
Passenger,Small,27.23,96.0,29.35,46.09,14.44,High,349.83,0.66
Tanker,Medium,68.11,81.0,21.56,10.7,9.01,Medium,479.57,10.2
Tanker,Medium,90.8,66.0,7.94,41.37,5.59,Medium,103.39,6.85
Passenger,Medium,90.87,97.0,21.58,45.28,10.49,Medium,232.82,6.89
Passenger,Small,26.01,90.0,7.32,19.64,3.58,Low,495.74,9.64
Cargo,Small,33.9,89.0,17.55,15.69,5.76,Medium,465.84,6.29
Tanker,Small,37.12,88.0,31.98,47.6,11.55,High,176.16,0.0
Container,Medium,50.9,68.0,18.48,31.38,6.42,Medium,159.84,7.0
Cargo,Medium,69.3,68.0,5.95,19.03,3.02,Low,121.09,11.43
Cargo,Small,21.57,88.0,28.95,39.59,9.58,Medium,77.7,0.98
Container,Medium,75.14,69.0,7.47,15.22,1.95,Low,230.03,12.63
Passenger,Large,106.53,78.0,29.54,8.82,4.65,Medium,170.56,9.99
Tanker,Small,24.18,91.0,19.17,27.2,10.37,Medium,372.42,4.58
Container,Small,23.24,91.0,18.15,28.31,3.41,Low,118.43,5.17
Cargo,Small,40.0,78.0,34.06,41.29,6.91,Medium,368.17,3.86
Passenger,Large,196.91,92.0,28.34,22.85,9.02,Medium,144.07,9.06
Cargo,Small,42.34,94.0,1.32,40.73,2.31,Low,296.36,7.65
Passenger,Medium,52.84,86.0,11.85,15.57,3.89,Low,319.22,13.1
Tanker,Small,23.62,69.0,34.84,28.77,6.56,Medium,335.89,3.79
Cargo,Medium,61.62,71.0,0.73,10.42,0.63,Low,87.67,11.77
Tanker,Medium,77.42,73.0,21.81,19.27,10.13,Medium,141.36,6.52
Cargo,Small,43.92,65.0,29.11,42.88,13.89,High,123.06,0.0
Cargo,Large,161.02,71.0,24.87,10.8,4.06,Medium,288.08,11.42
Passenger,Medium,93.1,68.0,30.42,40.51,13.19,High,37.87,0.73
Cargo,Medium,57.04,78.0,29.03,14.14,10.69,Medium,259.13,7.39
Container,Small,39.13,96.0,27.68,1.72,10.75,Medium,43.73,1.34
Cargo,Medium,67.96,64.0,32.86,5.5,9.8,Medium,168.53,6.55
Tanker,Large,102.47,89.0,25.83,37.29,7.24,Medium,343.35,11.07
Container,Small,29.06,87.0,16.1,13.1,6.54,Medium,206.28,3.74
Passenger,Medium,67.62,64.0,18.88,32.71,6.33,Medium,140.17,6.77
Container,Medium,65.45,97.0,28.67,34.96,7.13,Medium,307.93,7.83
Cargo,Large,191.96,83.0,35.05,17.26,10.1,Medium,370.13,10.99
Passenger,Small,24.84,75.0,10.89,23.75,5.6,Medium,127.29,3.09
Passenger,Small,44.34,90.0,13.68,20.19,4.98,Low,149.7,5.71
Container,Large,132.56,70.0,37.23,47.37,10.56,High,320.15,5.34
Container,Large,159.76,88.0,23.14,16.0,10.81,Medium,482.61,12.67
Tanker,Large,100.07,62.0,7.16,9.17,3.7,Low,106.94,14.96
Container,Large,114.23,94.0,26.55,18.28,8.17,Medium,327.12,11.16
Cargo,Medium,67.21,78.0,39.63,33.48,11.58,High,453.29,4.72
Passenger,Medium,57.71,85.0,32.94,34.87,13.11,High,230.98,2.65
Cargo,Small,21.15,69.0,29.83,46.2,5.98,Medium,158.42,1.97
Passenger,Small,26.6,87.0,8.32,44.09,5.34,Medium,333.44,4.9
Cargo,Large,187.75,91.0,35.05,14.42,15.19,High,15.72,2.6
Passenger,Large,197.12,79.0,21.03,22.76,6.58,Medium,180.08,10.04
Container,Large,192.0,85.0,35.57,37.36,7.91,Medium,128.99,8.37
Passenger,Large,117.64,78.0,13.19,45.83,3.76,Medium,112.31,9.57
Passenger,Medium,56.34,96.0,2.48,16.86,1.72,Low,89.88,11.47
Container,Small,44.67,80.0,19.04,22.22,5.06,Medium,368.53,5.18
Passenger,Large,120.37,94.0,10.79,44.97,5.33,Medium,477.55,13.2
Passenger,Medium,73.24,92.0,28.61,17.92,8.18,Medium,192.39,6.92
Passenger,Large,102.23,76.0,38.28,24.03,7.71,Medium,24.55,7.48
Container,Large,186.2,69.0,27.64,45.23,10.65,High,359.46,6.24
Passenger,Medium,94.83,76.0,35.48,40.11,12.08,High,269.1,2.91
Cargo,Medium,77.11,93.0,18.12,12.17,6.94,Medium,361.82,9.37
Cargo,Large,120.75,69.0,30.87,16.24,7.01,Medium,323.95,11.07
Cargo,Small,35.22,81.0,33.72,17.65,7.15,Medium,452.72,5.17
Container,Medium,93.1,92.0,28.44,45.64,14.39,High,70.22,0.93
Container,Medium,71.21,74.0,20.31,49.95,10.23,Medium,84.58,5.41
Container,Large,142.69,86.0,25.03,38.7,12.17,High,170.78,4.47
Tanker,Large,106.94,70.0,28.02,24.22,5.39,Medium,245.69,10.43
Passenger,Medium,53.15,64.0,10.12,0.51,1.94,Low,462.86,15.12
Container,Large,155.22,92.0,32.38,34.87,12.44,High,453.48,6.97
Cargo,Small,31.3,64.0,38.01,19.47,17.81,High,435.94,1.29
Tanker,Medium,75.45,71.0,18.61,31.65,10.08,Medium,111.26,6.14
Tanker,Small,44.72,94.0,28.04,30.33,13.65,High,364.84,1.27
Passenger,Small,27.27,74.0,29.48,24.04,4.66,Medium,191.75,2.9
Tanker,Medium,66.83,99.0,26.49,47.22,13.71,High,465.59,5.02
Passenger,Medium,73.76,99.0,21.88,1.16,10.11,Medium,107.27,6.54
Cargo,Large,103.02,71.0,35.27,35.61,6.11,Medium,70.63,8.02
Cargo,Small,31.59,62.0,17.96,20.49,5.81,Medium,421.19,5.72
Passenger,Medium,77.23,88.0,2.44,35.69,2.55,Low,358.45,13.69
Container,Small,28.51,78.0,33.78,33.76,8.21,Medium,410.71,4.32
Container,Small,27.38,64.0,26.96,0.51,8.29,Medium,78.97,2.0
Container,Medium,93.57,88.0,33.97,14.27,16.15,High,442.4,4.83
Container,Large,119.36,61.0,5.54,9.45,2.95,Low,338.81,17.43
Container,Small,25.91,95.0,1.23,8.35,1.0,Low,325.78,8.73
Tanker,Small,38.36,66.0,37.37,36.42,12.79,High,291.29,0.04
Cargo,Medium,60.72,65.0,5.91,11.98,2.16,Low,382.44,14.27
Container,Large,197.2,67.0,32.39,23.74,13.05,High,207.8,4.68
Container,Medium,64.69,98.0,32.93,12.35,9.4,Medium,66.41,5.43
Cargo,Large,161.04,88.0,28.35,29.01,4.76,Medium,269.63,10.62
Passenger,Medium,97.48,92.0,5.25,36.03,3.84,Low,374.05,13.57
Passenger,Medium,94.92,76.0,26.7,16.55,6.5,Medium,76.82,6.05
Cargo,Large,150.26,73.0,35.56,30.15,5.76,Medium,112.01,8.56
Passenger,Medium,55.94,69.0,17.02,41.24,3.9,Medium,348.27,9.02
Cargo,Small,45.98,79.0,16.54,4.71,8.05,Medium,134.83,3.02
Cargo,Medium,98.7,82.0,17.71,35.53,5.33,Medium,84.97,6.32
Cargo,Large,131.46,85.0,3.29,16.16,1.73,Low,444.7,18.59
Container,Large,107.9,70.0,35.68,6.13,17.44,High,80.45,3.15
Passenger,Large,195.32,98.0,34.77,27.28,11.34,High,172.07,4.3
Passenger,Medium,50.57,67.0,39.92,11.31,5.81,Medium,214.22,6.94
Passenger,Medium,54.92,99.0,23.41,41.07,9.56,Medium,238.07,7.03
Passenger,Medium,63.23,61.0,30.05,2.14,4.17,Medium,180.65,7.44
Tanker,Medium,83.43,79.0,8.11,4.93,1.37,Low,456.27,15.12
Container,Medium,91.63,73.0,26.7,26.05,13.07,High,329.31,4.13
Passenger,Large,105.05,78.0,25.99,29.45,7.08,Medium,179.75,9.6
Cargo,Small,31.38,83.0,36.05,36.49,15.22,High,178.86,0.0
Cargo,Large,135.32,77.0,33.23,12.96,10.74,Medium,251.48,9.92
Passenger,Small,44.43,77.0,37.54,42.09,9.2,High,16.83,0.0
Passenger,Medium,98.57,89.0,34.75,47.66,13.06,High,463.32,4.64
Container,Small,35.08,87.0,34.75,24.95,5.68,Medium,111.65,1.71
Passenger,Small,25.9,93.0,2.55,38.03,2.51,Low,348.8,8.15
Container,Large,191.94,70.0,33.84,26.24,11.77,High,388.86,6.49
Container,Small,35.25,84.0,24.3,3.47,4.82,Medium,413.69,5.77
Container,Medium,72.57,83.0,15.22,16.31,6.36,Medium,82.82,6.7
Passenger,Small,29.4,75.0,2.26,4.37,0.49,Low,268.35,8.23
Cargo,Small,46.0,79.0,27.11,49.44,10.44,High,41.84,0.0
Container,Large,182.35,73.0,13.13,11.45,5.64,Low,402.4,17.37
Container,Medium,87.45,66.0,18.71,31.8,6.68,Medium,243.23,7.79
Container,Small,46.41,69.0,27.27,14.22,12.98,Medium,79.24,1.25
Tanker,Small,42.22,64.0,36.47,32.66,14.5,High,359.34,0.67
Cargo,Small,27.32,87.0,33.02,10.52,16.49,High,165.58,0.0
Passenger,Medium,96.15,86.0,18.02,39.26,5.81,Medium,57.25,5.91
Cargo,Medium,75.01,98.0,15.51,5.54,7.65,Medium,230.54,8.25
Cargo,Large,165.78,89.0,9.59,44.76,5.52,Medium,117.62,9.65
Cargo,Large,145.15,62.0,14.9,42.02,8.03,Medium,475.11,12.76
Passenger,Small,42.2,95.0,4.44,33.94,3.74,Low,180.68,6.33
Tanker,Small,21.39,95.0,38.84,3.37,12.62,High,286.23,0.59
Container,Medium,81.51,78.0,22.96,10.43,10.74,Medium,474.18,9.91
Container,Large,163.78,83.0,5.11,42.97,3.77,Low,196.86,15.28
Tanker,Small,24.32,99.0,14.11,6.1,5.1,Low,179.06,6.25
Cargo,Large,144.37,81.0,21.88,7.8,6.47,Medium,81.2,9.31
Tanker,Large,173.76,96.0,21.32,27.2,4.73,Medium,469.15,13.01
Tanker,Large,129.99,63.0,1.42,13.71,1.14,Low,400.37,18.34
Passenger,Small,42.55,68.0,38.03,11.1,19.23,High,110.51,0.0
Container,Small,20.12,78.0,11.02,28.79,6.01,Medium,166.34,3.34
Container,Medium,57.25,83.0,0.65,18.63,1.19,Low,457.46,15.25
Cargo,Large,190.88,93.0,3.06,7.03,1.44,Low,268.64,17.05
Container,Large,149.9,100.0,23.21,26.74,6.89,Medium,278.17,10.8
Passenger,Medium,65.04,76.0,5.51,19.35,1.89,Low,324.07,13.59
Tanker,Medium,82.53,62.0,1.67,36.73,2.15,Low,381.08,13.98
Passenger,Small,28.24,92.0,15.19,5.14,1.81,Low,469.64,9.45
Cargo,Medium,66.18,84.0,24.91,31.03,10.75,Medium,401.11,8.67
Passenger,Small,22.08,68.0,4.47,21.82,2.99,Low,467.27,9.51
Cargo,Large,158.96,80.0,12.53,20.3,3.62,Low,410.3,17.51
Passenger,Large,160.04,90.0,16.71,11.61,2.87,Low,23.22,13.68
Tanker,Medium,62.39,91.0,6.38,1.52,1.57,Low,58.77,11.28
Cargo,Small,49.42,80.0,20.24,42.38,6.51,Medium,442.45,5.31
Container,Small,29.55,72.0,3.41,16.32,1.77,Low,13.85,5.26
Passenger,Large,181.03,99.0,1.86,34.05,2.08,Low,397.09,17.79
Passenger,Large,158.02,87.0,20.79,47.38,7.27,Medium,424.92,11.94
Tanker,Small,32.68,76.0,9.92,28.25,6.01,Medium,207.73,3.82
Cargo,Large,170.24,71.0,3.81,19.86,1.88,Low,177.43,15.8
Container,Large,139.52,89.0,16.96,13.41,7.7,Medium,97.2,9.49
Tanker,Medium,51.05,70.0,36.61,46.7,15.16,High,24.46,0.0
Container,Large,148.47,67.0,28.97,34.1,8.51,Medium,372.69,11.15
Cargo,Large,138.92,81.0,32.62,33.26,15.6,High,36.86,2.51
Tanker,Large,136.73,72.0,34.88,21.31,12.86,High,472.33,7.27
Tanker,Medium,62.29,85.0,38.91,42.25,6.14,Medium,148.37,5.68
Tanker,Medium,90.46,65.0,30.53,35.68,5.68,Medium,397.12,8.76
Tanker,Medium,81.9,86.0,24.34,14.16,10.47,Medium,29.84,5.35
Cargo,Large,197.57,71.0,14.62,29.98,5.57,Medium,268.14,11.19
Passenger,Large,199.83,60.0,7.27,21.51,2.98,Low,174.55,15.45
Tanker,Small,33.69,65.0,27.47,0.33,4.37,Low,15.0,4.13
Tanker,Small,38.86,97.0,39.8,40.38,8.5,High,327.9,0.63
Container,Large,194.68,95.0,18.69,6.14,8.14,Medium,471.58,13.24
Cargo,Medium,88.72,69.0,28.95,25.5,13.77,High,5.38,0.72
Container,Small,26.48,91.0,19.8,16.81,7.26,Medium,135.22,2.7
Tanker,Medium,94.39,84.0,17.28,17.1,4.62,Low,351.8,13.05
Container,Small,49.22,99.0,16.41,23.87,8.96,Medium,435.63,5.56
Container,Small,31.45,75.0,20.18,49.85,9.55,Medium,95.39,1.39
Passenger,Small,32.06,87.0,14.68,20.42,7.17,Medium,35.36,1.89
Cargo,Medium,61.39,63.0,29.95,9.12,3.49,Medium,4.32,5.61
Passenger,Small,39.1,76.0,34.97,30.68,11.33,High,107.6,0.0
Container,Small,21.69,99.0,35.32,11.81,16.43,High,35.66,0.0
Container,Small,39.96,82.0,9.11,5.28,2.41,Low,179.69,6.79
Tanker,Medium,50.37,72.0,35.84,2.51,14.13,High,220.06,2.95
Tanker,Small,30.43,65.0,13.66,1.14,5.02,Low,239.96,6.99
Passenger,Large,144.96,88.0,12.37,21.56,3.07,Low,71.16,14.15
Container,Small,36.13,86.0,29.07,21.34,12.98,High,231.99,0.14
Tanker,Medium,96.41,75.0,12.19,9.28,2.23,Low,4.53,10.23
Cargo,Large,101.97,98.0,2.12,39.2,2.79,Low,119.71,14.83
Container,Small,38.92,61.0,14.94,6.46,7.74,Medium,184.54,3.6
Passenger,Small,26.11,72.0,28.86,45.77,16.23,High,59.18,0.0
Cargo,Small,43.57,97.0,13.08,29.38,6.96,Medium,407.0,5.53
Cargo,Large,192.11,73.0,25.18,1.38,7.97,Medium,100.61,9.32
Tanker,Small,49.19,70.0,26.4,48.15,12.17,High,377.44,1.27
Cargo,Large,131.63,81.0,29.35,15.4,12.25,Medium,236.95,9.77
Container,Small,23.6,93.0,35.89,22.5,4.83,Medium,239.87,3.07
Tanker,Large,196.16,64.0,17.3,14.21,3.15,Low,322.6,16.56
Cargo,Large,137.97,98.0,6.66,36.42,4.08,Low,22.14,13.55
Tanker,Large,137.09,92.0,12.76,24.28,2.52,Low,39.38,13.82
Cargo,Small,38.59,67.0,17.29,6.62,8.35,Medium,163.42,3.2
Passenger,Large,162.51,88.0,28.56,5.21,8.71,Medium,208.41,10.08
Passenger,Medium,86.57,75.0,0.52,36.27,1.92,Low,214.97,12.41
Tanker,Large,117.66,76.0,12.63,11.85,3.85,Low,338.44,16.93
Tanker,Large,144.88,91.0,31.19,6.89,14.08,High,0.35,2.9
Container,Medium,76.6,99.0,26.83,24.97,13.88,High,479.55,5.57
Container,Medium,75.84,65.0,29.27,40.14,6.29,Medium,87.24,5.58
Container,Large,117.58,77.0,32.47,13.94,14.05,High,124.32,3.94
Container,Small,22.22,79.0,31.33,13.82,11.07,Medium,452.81,4.98
Container,Small,37.69,75.0,27.29,41.69,11.2,High,2.75,0.0
Cargo,Small,21.06,75.0,17.59,7.39,7.61,Medium,495.65,6.57
Tanker,Medium,51.21,62.0,39.34,30.84,8.98,Medium,17.98,4.3
Cargo,Small,36.33,87.0,22.76,47.75,9.5,Medium,60.27,0.96
Tanker,Large,106.59,77.0,8.11,42.07,3.95,Low,120.05,14.36
Tanker,Large,132.89,68.0,11.71,3.09,1.77,Low,219.36,16.17
Passenger,Medium,97.65,93.0,27.74,16.0,4.74,Medium,259.23,8.01
Tanker,Small,48.68,92.0,36.99,7.12,6.07,Medium,52.36,1.32
Passenger,Small,38.21,79.0,7.15,47.46,4.85,Medium,36.84,1.98
Passenger,Small,45.95,72.0,3.29,49.3,2.93,Low,15.93,4.52
Tanker,Small,29.8,86.0,35.26,11.75,12.15,High,128.38,0.0
Container,Large,131.35,72.0,36.61,33.48,13.95,High,460.77,6.71
Tanker,Large,125.55,69.0,11.06,42.08,7.21,Medium,194.92,10.23
Tanker,Large,169.29,89.0,15.09,11.68,5.87,Medium,382.0,12.64
Tanker,Medium,89.15,62.0,26.41,9.38,13.52,Medium,95.09,5.69
Container,Small,25.59,64.0,13.2,0.56,1.51,Low,32.34,5.3
Cargo,Large,162.65,60.0,35.09,20.6,14.42,High,277.14,5.16
Container,Large,134.13,66.0,4.3,44.97,2.72,Low,411.05,17.52
Container,Small,44.78,63.0,1.52,45.15,2.85,Low,449.23,9.03
Tanker,Small,40.47,100.0,8.34,6.39,2.44,Low,273.1,7.74
Container,Medium,67.32,72.0,11.44,10.22,4.45,Low,147.02,11.45
Cargo,Large,138.01,66.0,4.52,20.4,2.03,Low,54.76,14.51
Tanker,Medium,78.25,70.0,2.63,39.03,2.38,Low,333.91,13.39
Container,Small,43.24,97.0,30.22,30.59,13.3,High,140.22,0.0
Container,Small,45.98,81.0,6.57,25.69,4.32,Low,421.98,8.75
Cargo,Medium,77.31,75.0,36.56,29.6,7.82,Medium,302.56,7.42
Passenger,Large,133.75,95.0,14.72,4.81,7.13,Medium,429.44,13.15
Container,Small,46.96,76.0,26.82,23.88,5.38,Medium,283.33,3.88
Container,Medium,60.63,73.0,9.02,49.6,6.04,Medium,385.87,9.41
Cargo,Large,172.52,68.0,9.61,4.42,4.87,Low,147.15,15.22
Cargo,Small,39.85,75.0,22.99,25.96,4.95,Medium,251.53,3.75
Passenger,Large,111.83,73.0,22.43,14.78,6.89,Medium,9.7,8.39
Cargo,Large,108.62,87.0,30.75,27.0,8.58,Medium,303.92,10.5
Tanker,Large,185.78,72.0,30.31,28.69,9.18,Medium,266.87,10.06
Cargo,Small,29.49,83.0,26.83,28.87,12.21,High,377.64,1.64
Container,Medium,74.25,63.0,17.97,42.61,8.68,Medium,364.48,8.63
Cargo,Medium,76.89,68.0,35.63,19.49,18.34,High,313.81,3.13
Cargo,Small,39.65,76.0,24.9,25.82,5.63,Medium,28.34,1.36
Passenger,Medium,87.41,97.0,39.61,0.55,12.6,High,451.5,5.26
Cargo,Medium,58.6,75.0,32.77,39.48,11.14,High,9.01,0.55
Tanker,Medium,69.21,87.0,1.77,12.97,1.48,Low,401.63,14.72
Passenger,Medium,97.05,70.0,12.82,40.83,3.38,Medium,239.67,8.2
Cargo,Large,115.24,65.0,22.88,13.28,12.0,Medium,409.0,11.88
Passenger,Medium,73.93,62.0,28.86,0.54,8.45,Medium,232.53,7.63
Passenger,Medium,59.76,72.0,22.01,7.74,8.1,Medium,323.47,8.77
Container,Medium,52.5,66.0,31.45,49.28,10.14,High,181.63,2.24
Passenger,Small,42.32,67.0,11.31,15.99,5.79,Low,371.84,8.05
Container,Large,141.95,90.0,7.36,5.44,2.66,Low,127.09,15.33
Container,Large,141.74,61.0,2.16,5.94,1.09,Low,359.68,18.06
Passenger,Small,44.65,82.0,22.93,15.52,9.02,Medium,96.69,2.01
Tanker,Small,22.54,75.0,27.54,1.88,6.86,Medium,361.08,4.91
Cargo,Large,156.99,80.0,13.05,25.57,2.98,Low,146.84,14.81
Passenger,Small,49.52,83.0,24.54,10.69,10.92,Medium,139.32,2.26
Cargo,Large,150.0,73.0,2.09,25.97,1.75,Low,405.75,18.06
Container,Medium,59.1,72.0,3.97,7.04,2.1,Low,406.85,14.72
Cargo,Large,117.23,89.0,28.07,21.49,10.72,Medium,345.7,10.95
Cargo,Small,35.64,95.0,14.72,29.9,5.05,Medium,461.95,6.18
Container,Medium,60.89,68.0,26.85,3.1,9.22,Medium,78.1,6.05
Cargo,Small,43.13,64.0,33.27,19.94,12.91,High,134.66,0.0
Passenger,Large,139.02,96.0,34.1,15.13,13.81,High,147.01,4.08
Tanker,Medium,77.2,74.0,6.89,12.02,3.56,Low,152.64,11.79
Passenger,Large,125.21,82.0,19.45,30.23,4.7,Medium,164.02,9.99
Cargo,Large,156.08,74.0,29.36,29.43,15.5,High,348.5,5.88
Container,Large,135.86,65.0,30.96,31.53,9.76,Medium,135.38,8.6
Cargo,Large,158.25,84.0,31.39,7.94,14.34,High,142.96,4.27
Tanker,Medium,53.65,81.0,9.13,14.29,2.43,Low,285.21,13.07
Container,Small,44.44,68.0,7.7,10.48,1.38,Low,96.68,6.03
Passenger,Large,143.52,78.0,23.6,27.03,9.12,Medium,182.44,9.59
Cargo,Large,154.19,92.0,29.64,23.05,7.97,Medium,28.97,7.95
Passenger,Medium,66.74,84.0,12.77,16.51,7.13,Medium,476.27,10.68
Tanker,Medium,63.22,64.0,4.19,39.3,2.56,Low,158.65,11.53
Container,Large,196.65,82.0,28.67,4.7,3.64,Low,425.02,17.16
Passenger,Small,32.95,88.0,11.99,48.74,3.85,Medium,264.97,4.09
Container,Large,138.44,92.0,6.65,5.83,1.53,Low,114.11,15.34
Passenger,Large,103.87,85.0,5.91,38.65,3.89,Low,96.71,14.31
Cargo,Small,20.16,66.0,12.6,18.41,4.73,Low,347.48,7.8
Cargo,Medium,59.15,88.0,23.71,43.26,7.85,Medium,482.43,9.59
Passenger,Small,25.56,87.0,14.34,3.71,2.13,Low,91.53,5.71
Passenger,Small,23.55,61.0,0.83,18.74,1.1,Low,57.71,5.85
Tanker,Medium,70.43,76.0,3.88,16.77,1.51,Low,193.55,12.46
Tanker,Large,159.52,73.0,11.62,49.66,7.11,Medium,196.91,10.08
Passenger,Small,41.42,87.0,26.39,49.28,13.34,High,403.13,1.39
Container,Large,100.21,69.0,3.94,9.49,2.09,Low,234.44,16.55
Tanker,Small,38.4,84.0,22.43,31.5,12.51,High,31.23,0.0
Passenger,Large,146.55,97.0,4.8,26.78,3.52,Low,460.33,18.28
Tanker,Medium,59.13,92.0,8.46,7.72,2.92,Low,186.59,12.2
Passenger,Large,180.35,97.0,6.89,8.39,2.25,Low,334.27,17.41
Passenger,Small,22.73,99.0,2.69,49.46,3.73,Low,333.74,7.64
Cargo,Large,129.85,60.0,26.85,22.64,10.38,Medium,28.17,7.85
Passenger,Medium,60.67,85.0,18.54,6.29,4.35,Low,1.8,9.73
Container,Small,43.28,77.0,33.24,10.74,11.37,Medium,44.02,0.83
Passenger,Small,44.55,94.0,3.96,13.42,2.64,Low,478.27,9.85
Cargo,Small,38.41,70.0,5.79,25.55,3.82,Low,397.0,8.59
Passenger,Small,27.9,99.0,12.26,16.78,3.44,Low,66.01,5.17
Cargo,Large,126.13,85.0,30.63,22.75,15.88,High,307.43,5.5
Cargo,Small,31.56,92.0,12.23,8.32,6.44,Low,305.99,7.44
Cargo,Large,133.55,63.0,16.34,16.34,3.96,Low,0.28,13.26
Container,Large,155.04,67.0,12.06,3.52,5.7,Low,214.53,15.7
Container,Small,30.27,90.0,3.21,44.49,3.68,Low,355.89,7.94
Container,Small,25.14,61.0,37.58,9.94,4.85,Medium,93.4,1.77
Cargo,Small,27.44,93.0,21.94,37.85,9.96,Medium,425.45,4.8
Passenger,Medium,50.85,61.0,31.51,17.48,7.87,Medium,330.15,8.19
Container,Small,25.09,86.0,26.33,23.72,10.92,Medium,3.46,0.55
Cargo,Small,30.61,75.0,20.57,14.56,10.3,Medium,427.46,5.32
Container,Medium,84.53,84.0,3.59,34.82,2.82,Low,9.7,10.14
Tanker,Large,109.66,88.0,25.71,42.23,8.94,Medium,443.96,11.82
Passenger,Large,186.69,74.0,6.21,14.31,3.63,Low,166.86,15.51
Tanker,Large,130.85,64.0,16.58,12.11,8.72,Medium,349.33,11.95
Tanker,Medium,91.99,63.0,25.16,34.07,4.85,Medium,393.72,9.11
Cargo,Medium,72.4,84.0,31.29,9.76,15.17,High,140.63,2.13
Passenger,Large,101.48,81.0,27.4,31.99,5.25,Medium,178.22,9.65
Cargo,Medium,90.29,90.0,26.86,4.72,6.55,Medium,254.77,8.06
Container,Small,29.23,80.0,5.96,31.01,3.96,Low,291.35,7.4
Cargo,Small,47.2,77.0,13.85,25.67,6.97,Medium,146.02,2.96
Passenger,Large,104.48,76.0,1.72,5.7,0.96,Low,496.2,19.47
Container,Small,21.59,61.0,28.78,32.46,4.95,Medium,368.5,4.5
Passenger,Large,100.12,73.0,38.1,22.33,6.95,Medium,137.08,8.72
Tanker,Medium,81.28,99.0,10.56,10.86,5.55,Low,320.22,13.1
Tanker,Large,139.81,95.0,3.51,17.67,1.35,Low,217.69,16.31
Passenger,Medium,70.39,73.0,19.02,24.61,3.73,Low,430.16,13.69
Cargo,Small,27.24,84.0,34.27,4.58,15.11,High,164.48,0.0
Passenger,Large,116.66,94.0,22.08,47.88,10.27,Medium,93.93,8.25
Passenger,Large,166.45,78.0,1.87,33.28,2.11,Low,23.07,14.06
Passenger,Medium,56.66,61.0,38.97,5.13,6.74,Medium,492.15,9.8
Passenger,Small,42.98,63.0,33.15,41.14,17.1,High,179.61,0.0
Container,Large,110.09,80.0,5.26,16.13,3.41,Low,110.26,14.98
Tanker,Small,30.64,99.0,36.87,29.84,5.92,Medium,245.88,2.83
Cargo,Medium,70.43,88.0,18.03,13.86,6.49,Medium,145.82,7.23
Tanker,Medium,97.53,63.0,14.88,36.67,4.88,Medium,116.45,6.8
Tanker,Medium,84.98,68.0,18.44,36.15,9.79,Medium,308.19,8.06
Cargo,Medium,94.9,91.0,33.38,27.6,9.34,Medium,37.42,4.82
Cargo,Large,199.15,94.0,26.38,12.05,10.78,Medium,254.5,10.31
Cargo,Small,31.46,85.0,2.37,12.69,1.38,Low,193.72,7.23
Tanker,Large,139.44,86.0,38.3,19.14,13.08,High,266.26,5.06
Cargo,Medium,81.46,61.0,5.91,7.25,2.98,Low,160.22,12.06
Tanker,Large,107.96,93.0,29.82,16.88,9.44,Medium,285.16,10.48
Passenger,Medium,94.54,92.0,25.45,34.22,12.86,High,40.91,1.17
Passenger,Medium,93.09,70.0,7.5,41.54,3.92,Low,188.08,11.48
Cargo,Medium,61.95,88.0,6.83,16.63,1.99,Low,118.75,11.51
Tanker,Large,173.02,69.0,34.81,11.68,10.41,Medium,219.04,9.58
Passenger,Medium,90.56,62.0,16.79,41.63,7.11,Medium,199.17,7.21
Tanker,Large,100.91,68.0,26.18,44.54,9.85,Medium,315.59,10.37
Tanker,Medium,69.77,67.0,20.16,20.5,9.56,Medium,314.38,8.37
Passenger,Small,43.22,74.0,29.09,1.35,9.55,Medium,206.68,3.03
Tanker,Large,182.16,77.0,19.17,34.75,10.47,Medium,90.81,8.61
Tanker,Large,184.12,80.0,11.5,39.2,5.48,Medium,290.96,11.4
Passenger,Large,159.16,79.0,14.54,0.9,2.81,Low,483.26,18.61
Tanker,Small,31.38,71.0,34.36,29.75,6.7,Medium,92.72,1.34
Tanker,Medium,96.29,61.0,18.72,29.42,9.85,Medium,34.53,5.44
Passenger,Small,35.31,84.0,8.54,18.94,1.99,Low,132.28,6.12
Tanker,Small,33.65,76.0,37.38,37.49,7.37,Medium,206.46,2.11
Cargo,Small,49.58,72.0,31.86,21.41,5.07,Medium,153.09,2.4
Passenger,Medium,67.88,95.0,2.23,33.84,2.29,Low,417.35,14.36
Cargo,Small,20.37,90.0,39.96,25.86,13.8,High,246.51,0.0
Passenger,Large,152.54,94.0,27.8,12.42,3.62,Medium,123.06,9.63
Container,Small,36.84,80.0,6.41,30.33,3.48,Low,475.1,9.28
Tanker,Small,28.2,65.0,9.49,36.85,4.29,Low,62.53,4.78
Container,Medium,54.87,88.0,27.7,48.7,13.78,High,61.46,0.88
Tanker,Small,34.39,68.0,31.19,19.01,14.42,High,122.64,0.0
Cargo,Medium,70.42,78.0,9.56,3.22,3.74,Low,38.39,10.67
Tanker,Large,140.84,63.0,10.28,49.4,5.45,Medium,375.83,12.11
Cargo,Small,31.18,93.0,12.28,31.19,3.85,Low,156.41,5.74
Container,Large,130.79,65.0,23.92,47.32,12.86,High,364.92,6.22
Container,Small,32.99,96.0,6.87,5.19,1.89,Low,381.37,8.98
Passenger,Small,20.18,95.0,4.17,17.1,1.87,Low,118.76,6.25
Cargo,Small,46.03,79.0,27.15,6.7,13.0,Medium,259.18,3.2
Container,Small,39.72,90.0,31.16,41.78,17.36,High,259.8,0.0
Passenger,Medium,56.31,85.0,20.04,44.02,11.4,Medium,435.68,8.93
Cargo,Large,153.91,92.0,14.55,25.07,8.52,Medium,12.82,8.45
Cargo,Medium,99.69,77.0,17.28,9.33,8.2,Medium,158.4,7.31
Cargo,Small,39.26,91.0,15.54,6.36,6.25,Low,441.24,8.68
Tanker,Medium,91.87,78.0,38.4,29.41,9.82,High,118.4,1.69
Passenger,Medium,50.14,98.0,30.72,25.32,16.05,High,68.44,1.04
Cargo,Medium,59.07,79.0,8.32,34.74,5.49,Medium,288.07,8.82
Tanker,Medium,50.46,79.0,15.37,15.26,3.78,Low,152.94,11.28
Passenger,Small,45.54,91.0,21.76,20.12,7.44,Medium,233.65,3.5
Container,Small,42.18,93.0,24.52,1.07,3.19,Low,410.01,8.33
Container,Small,39.42,82.0,18.73,30.51,10.54,Medium,260.35,3.4
Passenger,Small,34.28,67.0,32.41,21.16,11.72,High,257.94,0.36
Tanker,Large,109.27,79.0,30.7,45.99,8.38,Medium,139.09,8.5
Passenger,Large,111.48,99.0,20.21,32.09,5.99,Medium,396.43,12.11
Passenger,Small,48.91,90.0,34.18,19.93,17.82,High,369.91,0.81
Container,Medium,71.1,92.0,30.04,13.18,11.06,Medium,117.06,5.9
Tanker,Large,136.97,61.0,31.14,45.26,10.62,High,160.0,4.08
Cargo,Small,23.44,79.0,38.26,0.81,11.52,Medium,394.31,4.26
Tanker,Medium,84.32,86.0,10.66,16.35,2.3,Low,178.86,11.9
Passenger,Large,164.65,93.0,10.71,47.18,3.75,Medium,201.78,10.56
Cargo,Small,25.71,62.0,35.56,32.7,13.62,High,182.21,0.0
Cargo,Large,130.29,94.0,30.89,26.64,10.75,Medium,80.82,8.06
Passenger,Large,159.21,82.0,37.06,10.18,9.54,Medium,170.45,9.09
Passenger,Medium,83.08,68.0,2.53,41.67,2.91,Low,401.47,13.96
Passenger,Small,40.62,73.0,25.11,10.21,3.75,Low,245.54,6.42
Passenger,Large,130.76,71.0,5.79,12.41,3.39,Low,229.11,16.21
Cargo,Large,104.27,81.0,20.16,9.59,4.86,Low,78.18,13.9
Cargo,Large,181.57,62.0,6.23,7.91,1.2,Low,88.78,15.1
Passenger,Large,196.88,66.0,5.12,47.67,3.24,Low,21.48,13.48
Cargo,Small,43.91,93.0,0.49,30.1,1.57,Low,6.98,5.09
Cargo,Small,27.35,65.0,25.21,31.89,5.92,Medium,244.01,3.35
Container,Large,107.72,69.0,14.36,47.72,6.22,Medium,204.62,10.15
Passenger,Medium,73.42,78.0,4.21,11.53,2.24,Low,137.69,11.91
Passenger,Large,104.81,81.0,12.91,0.3,2.71,Low,495.02,18.83
Container,Medium,67.3,91.0,6.76,29.94,3.35,Low,199.0,11.92
Passenger,Large,160.95,78.0,37.67,25.39,19.03,High,394.42,5.65
Cargo,Medium,98.01,92.0,12.8,23.88,3.99,Low,105.27,10.74
Container,Large,120.73,85.0,13.36,3.09,5.74,Low,123.52,14.73
Tanker,Medium,72.37,65.0,33.59,22.72,6.62,Medium,284.2,7.65
Passenger,Small,38.43,66.0,25.91,14.38,5.16,Medium,2.01,1.32
Cargo,Large,180.8,77.0,28.41,13.73,8.71,Medium,8.71,7.92
Tanker,Medium,87.53,76.0,25.44,11.12,5.48,Medium,71.11,6.27
Passenger,Small,32.25,90.0,37.85,16.63,18.29,High,111.56,0.0
Cargo,Small,23.19,83.0,8.28,17.66,1.88,Low,263.92,7.48
Container,Large,170.21,76.0,39.56,15.44,14.18,High,343.11,5.73
Passenger,Large,105.81,67.0,33.24,48.94,13.8,High,155.94,3.54
Passenger,Small,31.38,69.0,23.56,46.64,5.31,Medium,119.54,1.95
Container,Small,38.28,83.0,26.49,28.73,11.85,High,411.41,2.03
Tanker,Large,132.2,77.0,25.95,49.05,9.91,High,81.39,3.54
Tanker,Large,114.04,81.0,2.34,49.56,3.39,Low,339.16,16.74
Passenger,Large,188.61,67.0,8.72,17.8,4.65,Low,465.67,18.2
Container,Small,41.13,87.0,38.46,22.26,9.93,Medium,116.11,1.2
Cargo,Small,22.21,94.0,21.37,47.95,8.68,Medium,43.48,0.94
Container,Large,116.12,70.0,15.13,30.43,4.61,Medium,489.88,13.47
Container,Small,20.93,80.0,30.48,10.65,6.04,Medium,135.39,2.41
Passenger,Large,124.56,99.0,20.98,34.47,3.83,Medium,137.83,9.66
Cargo,Small,37.96,73.0,0.53,10.29,0.77,Low,241.89,7.91
Passenger,Small,22.57,84.0,29.45,16.97,8.99,Medium,115.53,1.84
Tanker,Large,137.17,64.0,29.29,11.38,3.65,Medium,496.44,13.31
Cargo,Large,129.5,84.0,6.61,12.25,1.3,Low,21.48,14.31
Container,Medium,85.77,64.0,38.27,0.23,8.25,Medium,225.74,7.11
Container,Large,184.87,98.0,8.96,44.04,3.15,Low,274.17,15.9
Cargo,Medium,77.41,89.0,18.31,14.8,5.31,Medium,233.48,8.19
Tanker,Large,177.3,92.0,4.59,4.32,0.79,Low,260.26,17.01
Tanker,Medium,92.9,88.0,24.13,4.35,3.01,Low,493.79,14.54
Cargo,Medium,86.3,84.0,15.02,27.8,6.91,Medium,438.45,9.99
Cargo,Small,28.43,78.0,14.13,49.65,9.02,Medium,154.22,2.34
Tanker,Large,189.37,94.0,33.08,7.25,9.09,Medium,275.74,10.45
Tanker,Small,28.42,98.0,0.38,4.98,0.41,Low,0.16,5.64
Passenger,Small,20.29,80.0,31.92,21.92,4.66,Medium,204.78,2.95
Tanker,Small,34.17,97.0,22.86,28.17,10.81,Medium,81.94,1.43
Container,Large,188.39,83.0,39.44,14.72,5.67,Medium,355.68,11.12
Container,Large,187.67,82.0,23.58,15.13,11.02,Medium,110.54,8.92
Container,Medium,56.07,78.0,2.22,21.22,2.07,Low,374.45,14.2
Container,Medium,60.33,68.0,2.03,15.71,1.63,Low,156.58,12.19
Cargo,Small,31.43,60.0,35.33,45.77,17.42,High,462.91,1.21
Cargo,Large,169.61,70.0,33.65,2.1,11.03,Medium,222.71,9.8
Container,Small,26.71,80.0,13.84,11.73,3.44,Low,419.76,8.73
Container,Medium,73.69,75.0,24.72,40.43,10.85,Medium,314.08,7.61
Tanker,Large,177.69,78.0,19.58,41.7,7.49,Medium,488.7,12.72
Passenger,Large,146.09,99.0,38.69,5.58,4.23,Medium,371.36,11.64
Passenger,Medium,53.94,74.0,38.0,48.69,13.48,High,363.85,3.42
Cargo,Medium,93.42,78.0,39.35,34.67,15.92,High,132.43,1.07
Cargo,Large,198.91,65.0,34.66,13.63,4.34,Medium,252.43,10.48
Passenger,Small,39.22,62.0,36.38,22.8,13.82,High,145.06,0.0
Cargo,Medium,77.68,91.0,8.69,14.86,3.88,Low,9.65,10.18
Tanker,Large,157.17,83.0,33.24,7.5,5.8,Medium,355.29,11.56
Container,Small,48.73,90.0,28.35,14.56,8.45,Medium,117.92,2.03
Tanker,Large,117.97,66.0,38.51,29.0,20.16,High,198.66,3.47
Container,Medium,72.24,83.0,22.85,41.3,12.43,High,142.32,2.21
Container,Large,142.82,70.0,3.41,18.18,1.81,Low,99.82,15.08
Cargo,Small,45.38,69.0,23.9,17.4,6.6,Medium,33.56,1.53
Cargo,Large,120.97,60.0,27.46,23.4,5.28,Medium,168.94,9.72
Cargo,Large,189.65,65.0,8.81,32.23,2.62,Low,40.87,13.86
Cargo,Large,174.97,72.0,15.76,37.58,5.33,Medium,270.16,11.03
Cargo,Small,39.9,65.0,23.94,16.34,12.22,Medium,9.81,0.75
Passenger,Small,21.56,99.0,14.96,29.32,8.7,Medium,470.01,5.9
Container,Large,158.97,72.0,15.0,19.47,7.35,Medium,483.24,13.36
Container,Small,35.16,65.0,5.32,35.82,3.07,Low,152.33,6.03
Passenger,Small,38.32,68.0,37.63,8.23,6.34,Medium,130.1,2.02
Container,Small,33.75,84.0,30.02,12.85,10.8,Medium,52.2,1.08
Passenger,Small,22.61,63.0,0.05,21.3,1.08,Low,452.46,9.79
Tanker,Small,25.05,94.0,30.62,44.47,10.49,High,293.43,0.46
Cargo,Medium,70.77,98.0,29.59,28.67,12.58,High,305.06,3.74
Cargo,Medium,93.01,70.0,0.39,48.27,2.57,Low,447.93,14.44
Container,Small,42.31,78.0,14.78,5.16,6.37,Low,455.39,8.87
Tanker,Medium,59.48,61.0,24.27,23.01,8.45,Medium,414.17,9.22
Tanker,Large,138.62,86.0,18.11,20.95,8.59,Medium,386.72,12.08
Tanker,Medium,62.51,77.0,31.12,30.01,4.93,Medium,438.62,9.34
Container,Small,25.53,71.0,17.02,40.6,8.36,Medium,437.99,5.28
Container,Medium,63.04,68.0,6.15,42.07,3.3,Low,184.32,11.56
Passenger,Large,145.85,86.0,39.06,33.51,9.81,High,486.7,7.26
Cargo,Large,166.93,77.0,9.68,32.08,2.93,Low,354.57,16.93
Container,Small,43.85,67.0,28.71,47.45,7.45,Medium,185.1,2.12
Tanker,Medium,75.49,88.0,5.73,19.18,3.81,Low,221.02,12.36
Cargo,Small,33.53,83.0,13.16,41.64,5.58,Medium,343.57,4.79
Cargo,Medium,96.36,94.0,17.68,46.08,10.63,Medium,180.55,6.54
Cargo,Large,164.14,65.0,7.69,24.58,2.5,Low,413.28,17.81
Container,Small,36.53,91.0,18.0,36.46,5.09,Medium,74.03,2.0
Passenger,Small,25.39,87.0,6.29,18.85,2.97,Low,453.8,9.35
Cargo,Medium,53.04,65.0,22.36,7.94,5.76,Medium,150.6,7.25
Passenger,Medium,80.67,88.0,26.55,29.33,10.96,Medium,76.36,5.35
Cargo,Small,35.18,78.0,2.5,9.82,1.16,Low,429.01,9.65
Tanker,Medium,89.53,98.0,34.85,22.88,15.94,High,119.73,1.4
Passenger,Small,37.58,66.0,7.41,43.64,4.2,Medium,421.7,5.95
Container,Large,183.41,86.0,9.01,4.3,3.18,Low,148.13,15.43
Passenger,Medium,85.74,75.0,26.45,1.52,6.12,Medium,466.93,10.3
Container,Small,32.48,98.0,18.75,30.32,8.67,Medium,109.54,2.08
Passenger,Medium,79.69,73.0,19.98,16.55,8.06,Medium,34.82,5.81
Passenger,Large,145.99,98.0,5.13,20.9,2.37,Low,468.27,18.57
Container,Small,48.85,96.0,32.23,20.29,7.8,Medium,82.81,1.43
Container,Medium,69.22,71.0,24.68,4.33,8.75,Medium,472.07,10.13
Container,Medium,98.18,92.0,5.42,0.18,2.6,Low,411.99,14.79
Cargo,Small,26.84,100.0,14.96,44.92,4.54,Medium,40.96,1.71
Container,Large,162.71,70.0,32.42,10.89,14.15,High,222.57,4.97
Cargo,Small,45.03,77.0,22.73,21.3,8.27,Medium,36.7,1.38
Container,Medium,81.11,81.0,4.35,48.6,3.78,Low,164.89,11.28
Tanker,Large,183.07,72.0,14.91,41.34,9.29,Medium,175.75,9.66
Container,Small,29.77,61.0,9.71,5.4,3.59,Low,299.82,7.85
Tanker,Small,35.65,69.0,20.7,25.43,10.22,Medium,487.95,5.71
Tanker,Small,29.2,71.0,33.73,36.5,12.14,High,84.88,0.0
Cargo,Large,114.1,78.0,17.45,34.92,5.23,Medium,164.58,9.95
Tanker,Medium,57.21,67.0,17.33,38.04,8.45,Medium,293.55,8.06
Tanker,Small,21.21,95.0,36.21,22.87,18.14,High,85.71,0.0
Tanker,Small,25.85,88.0,23.05,8.8,10.5,Medium,355.35,4.57
Tanker,Large,118.37,63.0,22.65,23.24,5.22,Medium,201.83,10.3
Container,Medium,87.1,86.0,10.48,32.39,4.0,Low,474.79,14.38
Cargo,Small,46.37,86.0,24.31,30.43,8.98,Medium,314.94,3.83
Container,Small,24.57,98.0,23.04,3.53,7.75,Medium,181.54,3.22
Container,Medium,74.91,60.0,15.87,3.25,2.98,Low,359.74,13.64
Container,Small,24.19,70.0,39.63,48.26,10.02,High,419.38,1.25
Passenger,Small,27.15,97.0,35.28,7.59,14.62,High,400.24,1.62
Container,Large,186.53,97.0,29.98,14.72,12.49,Medium,131.38,8.67
Tanker,Medium,69.13,89.0,21.49,38.38,11.28,Medium,208.49,6.71
Container,Large,129.37,91.0,18.48,20.48,9.77,Medium,226.09,10.35
Passenger,Small,39.67,64.0,7.4,9.07,2.11,Low,194.19,6.98
Tanker,Small,47.53,81.0,12.23,23.36,6.6,Medium,155.43,3.22
Passenger,Large,141.47,69.0,30.96,28.45,12.77,High,376.37,6.37
Passenger,Large,153.69,67.0,18.15,22.64,9.9,Medium,6.11,8.11
Cargo,Small,35.91,92.0,35.29,45.95,9.67,High,146.77,0.0
Tanker,Medium,63.11,65.0,5.92,14.23,1.94,Low,70.81,11.13
Tanker,Large,179.63,79.0,20.33,33.07,9.41,Medium,64.38,8.42
Tanker,Large,121.84,98.0,25.88,5.61,12.48,Medium,138.48,9.13
Passenger,Medium,64.98,67.0,20.67,19.61,9.86,Medium,381.08,9.0
Tanker,Medium,65.72,99.0,35.57,37.05,15.75,High,484.71,4.75
Tanker,Large,167.94,100.0,39.58,11.24,10.65,Medium,257.31,9.7
Cargo,Large,167.11,82.0,4.63,29.49,3.27,Low,169.49,15.35
Cargo,Large,151.27,67.0,5.2,7.67,2.57,Low,414.59,18.28
Cargo,Medium,58.41,73.0,5.21,5.14,2.35,Low,33.55,10.94
Tanker,Small,42.29,77.0,27.25,26.16,11.41,Medium,46.58,0.84
Cargo,Large,198.32,72.0,14.91,33.75,3.46,Low,172.68,14.76
Passenger,Large,137.74,71.0,29.33,5.67,10.96,Medium,224.2,9.97
Cargo,Large,186.07,99.0,16.22,45.89,7.02,Medium,398.92,11.96
Passenger,Medium,53.81,66.0,25.1,11.29,12.73,Medium,462.63,9.47
Tanker,Small,28.06,89.0,30.79,6.0,10.86,Medium,265.64,3.31
Passenger,Small,44.18,60.0,21.93,10.13,8.03,Medium,247.82,3.78
Container,Large,108.09,84.0,21.58,8.48,11.16,Medium,106.51,9.1
Passenger,Large,159.31,97.0,3.53,4.53,0.71,Low,225.59,16.72
Tanker,Medium,79.76,72.0,16.43,39.89,5.45,Medium,461.82,10.05
Passenger,Small,21.02,67.0,21.83,24.78,9.15,Medium,196.45,2.86
Passenger,Large,158.48,86.0,18.48,19.43,5.15,Medium,105.34,9.63
Cargo,Medium,80.52,89.0,36.03,47.53,10.97,High,168.65,1.84
Container,Large,172.13,88.0,36.26,18.55,17.5,High,257.3,4.64
Container,Medium,73.66,73.0,32.88,8.35,11.33,Medium,299.29,7.65
Container,Medium,80.23,70.0,15.01,13.7,2.8,Low,216.21,12.06
Container,Large,129.69,98.0,28.69,11.95,7.03,Medium,379.27,11.82
Tanker,Small,44.1,97.0,15.81,24.94,3.31,Low,292.23,7.1
Cargo,Small,23.44,78.0,9.3,14.58,3.73,Low,332.52,8.0
Passenger,Medium,68.04,94.0,13.72,25.8,3.61,Low,431.46,13.95
Container,Medium,81.74,78.0,2.84,33.46,2.93,Low,432.84,14.42
Cargo,Small,46.85,77.0,13.27,38.86,6.33,Medium,101.75,2.34
Tanker,Small,49.88,66.0,18.43,35.51,4.06,Medium,311.67,4.48
Cargo,Medium,81.74,77.0,38.22,10.28,8.94,Medium,358.32,8.17
Container,Small,46.99,81.0,12.54,5.79,4.64,Low,72.93,5.32
Passenger,Large,168.48,61.0,36.1,27.12,9.81,Medium,421.38,11.29
Cargo,Medium,54.09,78.0,9.15,9.95,3.29,Low,90.23,11.12
Tanker,Small,37.9,91.0,7.64,4.25,3.76,Low,399.64,8.95
Container,Large,158.17,87.0,20.76,26.35,6.3,Medium,80.73,9.01
Container,Small,31.31,85.0,26.9,16.34,7.12,Medium,370.89,4.73
Tanker,Medium,54.42,96.0,1.77,37.81,2.65,Low,74.07,10.83
Passenger,Small,25.44,61.0,8.84,15.71,2.8,Low,189.41,6.66
Cargo,Small,37.47,82.0,18.23,48.94,4.84,Medium,71.76,1.74
Cargo,Small,43.23,91.0,13.24,37.93,4.18,Medium,135.36,2.91
Cargo,Medium,85.77,82.0,28.5,2.88,13.81,Medium,492.26,9.66
Cargo,Large,185.96,73.0,20.45,25.44,10.95,Medium,53.84,8.31
Tanker,Medium,89.73,65.0,6.41,28.13,2.62,Low,203.23,12.09
Container,Small,45.39,96.0,35.78,34.77,13.24,High,338.46,0.58
Tanker,Medium,67.43,79.0,11.72,24.89,3.06,Low,47.3,10.28
Container,Medium,97.31,95.0,29.25,24.17,12.03,High,54.52,1.4
Cargo,Small,31.59,83.0,31.2,18.4,6.35,Medium,71.63,1.55
Cargo,Small,34.14,87.0,38.53,13.57,5.3,Medium,322.49,3.9
Tanker,Large,116.72,92.0,19.94,47.31,10.94,Medium,454.67,11.91
Cargo,Small,45.34,86.0,24.63,15.88,6.46,Medium,412.99,5.33
Tanker,Small,22.04,76.0,13.4,3.17,2.08,Low,491.53,9.77
Cargo,Medium,77.61,81.0,27.13,8.36,12.18,Medium,289.07,7.75
Container,Medium,78.09,92.0,18.54,42.86,9.65,Medium,480.74,9.66
Container,Medium,70.11,75.0,17.51,29.33,8.01,Medium,152.47,6.86
Tanker,Large,161.55,76.0,34.22,38.94,17.84,High,210.75,3.83
Cargo,Medium,91.93,64.0,2.01,40.44,2.62,Low,198.02,12.01
Passenger,Small,24.33,97.0,35.28,41.16,7.39,Medium,23.68,0.31
Tanker,Large,140.63,64.0,34.08,27.53,5.62,Medium,414.85,11.73
Passenger,Large,119.49,86.0,20.25,8.86,5.05,Low,12.36,13.23
Cargo,Small,38.93,77.0,19.61,7.41,3.01,Low,364.94,8.02
Tanker,Small,47.7,76.0,14.47,28.7,5.98,Medium,203.53,3.54
Cargo,Small,45.97,87.0,39.77,18.33,5.12,Medium,3.12,0.56
Cargo,Large,147.05,63.0,4.45,27.9,2.63,Low,144.97,15.21
Passenger,Large,182.18,84.0,23.61,24.92,5.29,Medium,173.06,9.92
Passenger,Medium,77.45,91.0,27.27,30.11,8.25,Medium,482.35,9.63
Cargo,Large,190.54,93.0,37.37,1.61,13.91,High,330.54,6.01
Passenger,Small,34.7,67.0,31.21,1.64,7.58,Medium,271.79,3.77
Passenger,Medium,71.37,96.0,25.75,36.08,7.89,Medium,63.53,5.44
Passenger,Large,176.05,86.0,4.67,9.66,2.8,Low,195.55,16.05
Container,Small,42.58,95.0,14.95,32.61,7.42,Medium,17.88,1.44
Tanker,Large,102.82,79.0,5.55,27.33,3.06,Low,380.84,17.48
Container,Large,161.27,82.0,35.25,49.09,14.15,High,81.39,2.65
Cargo,Large,111.86,97.0,29.98,41.77,12.52,High,297.22,5.39
Cargo,Medium,92.64,96.0,30.3,20.66,4.36,Medium,349.7,8.73
Tanker,Small,44.47,78.0,26.09,30.82,4.99,Medium,183.25,2.81
Container,Large,155.55,71.0,20.28,5.86,7.59,Medium,316.3,11.67
Passenger,Medium,60.29,76.0,6.0,19.32,2.44,Low,382.12,14.09
Passenger,Medium,80.71,76.0,13.19,36.69,3.45,Low,92.06,10.38
Passenger,Small,42.17,71.0,5.48,31.13,2.76,Low,300.43,7.63
Cargo,Medium,56.45,71.0,29.0,24.22,5.62,Medium,366.94,8.77
Tanker,Small,22.16,94.0,6.41,8.83,3.43,Low,178.52,6.75
Tanker,Small,23.47,63.0,28.08,40.16,7.1,Medium,81.25,1.3
Passenger,Large,172.46,87.0,27.69,13.66,5.04,Medium,143.06,9.67
Tanker,Large,104.13,67.0,18.37,41.02,8.49,Medium,466.54,12.48
Cargo,Medium,95.86,74.0,5.41,30.58,3.2,Low,178.72,11.79
Passenger,Medium,59.67,62.0,12.59,18.64,5.09,Low,53.85,10.23
Tanker,Large,147.6,71.0,12.8,2.03,3.61,Low,41.36,14.17
Container,Medium,76.06,91.0,28.02,11.62,8.62,Medium,90.25,6.01
Container,Small,34.52,95.0,4.55,44.45,4.09,Low,63.76,4.91
Tanker,Small,40.49,69.0,33.16,40.9,8.28,Medium,247.52,2.57
Cargo,Small,48.96,79.0,30.44,28.74,9.31,Medium,173.78,2.11
Container,Medium,81.62,79.0,7.45,23.32,4.77,Low,420.7,14.09
Passenger,Medium,65.55,95.0,28.77,32.36,6.68,Medium,440.54,9.25
Cargo,Large,133.29,91.0,26.74,23.31,6.98,Medium,236.64,10.27
Container,Large,123.68,81.0,29.92,32.22,6.9,Medium,444.26,12.01
Cargo,Small,37.51,87.0,7.56,15.37,1.59,Low,225.23,7.21
Container,Large,166.86,94.0,6.3,41.92,3.41,Low,320.98,16.52
Passenger,Large,175.89,60.0,9.46,35.1,2.88,Low,81.27,14.15
Cargo,Large,116.8,76.0,14.63,16.5,3.19,Low,26.29,13.68
Tanker,Medium,85.08,96.0,31.75,41.53,9.86,High,80.04,1.4
Container,Small,28.01,90.0,29.52,24.37,4.42,Medium,125.92,2.25
Container,Small,46.79,82.0,37.02,8.73,15.29,High,375.49,1.2
Container,Large,197.01,81.0,2.35,3.89,1.18,Low,86.75,15.35
Container,Large,198.18,74.0,0.46,34.98,1.87,Low,65.33,14.54
Tanker,Small,37.01,81.0,27.97,43.26,15.98,High,463.8,1.78
Container,Small,21.49,86.0,11.17,40.37,6.17,Medium,344.4,4.86
Cargo,Large,154.5,77.0,13.36,32.78,6.95,Medium,236.65,10.75
Cargo,Medium,66.81,89.0,21.87,7.07,4.22,Low,47.48,10.02
Cargo,Medium,85.67,94.0,4.1,4.7,2.02,Low,425.9,14.96
Cargo,Large,109.93,66.0,25.71,17.25,13.15,High,54.13,3.6
Cargo,Large,163.75,78.0,13.01,42.75,4.67,Medium,305.52,11.48
Container,Medium,67.31,76.0,25.31,48.09,11.89,High,333.84,3.92
Container,Large,198.45,87.0,33.36,12.07,13.91,High,200.07,4.7
Passenger,Large,131.53,70.0,6.84,38.1,3.42,Low,455.61,17.91
Container,Small,39.79,86.0,37.23,28.69,12.23,High,25.35,0.0
Container,Small,48.2,95.0,21.23,1.59,3.03,Low,409.06,8.49
Passenger,Large,122.52,77.0,36.92,27.15,7.61,Medium,276.9,10.02
Tanker,Medium,67.9,96.0,8.31,40.3,3.05,Low,305.6,12.73
Tanker,Small,22.61,100.0,24.18,13.81,8.53,Medium,493.41,6.0
Container,Large,199.32,64.0,16.16,44.87,7.9,Medium,291.32,10.82
Tanker,Large,194.03,69.0,30.97,11.81,15.04,High,398.51,6.7
Passenger,Large,179.35,98.0,24.24,3.82,7.87,Medium,76.77,9.09
Tanker,Medium,58.74,98.0,19.78,8.0,4.44,Low,404.64,13.65
Container,Small,31.52,64.0,36.52,41.85,6.61,Medium,380.54,3.88
Container,Small,21.37,61.0,15.08,20.87,7.89,Medium,484.06,6.28
Passenger,Medium,89.11,66.0,8.8,39.85,4.56,Medium,467.86,10.59
Tanker,Medium,78.2,100.0,24.32,26.56,10.93,Medium,106.99,5.83
Passenger,Large,171.48,67.0,24.96,24.03,3.84,Medium,232.47,10.61
Passenger,Large,188.23,80.0,17.56,40.35,7.2,Medium,455.74,12.55
Tanker,Small,41.92,94.0,19.46,21.17,5.54,Medium,320.38,4.65
Passenger,Medium,67.16,61.0,38.38,40.1,6.31,Medium,231.85,6.57
Tanker,Medium,70.84,84.0,29.31,5.03,12.28,Medium,54.47,5.35
Container,Small,33.55,71.0,4.42,31.82,2.94,Low,175.88,6.41
Tanker,Medium,65.09,94.0,8.49,35.13,3.74,Low,332.62,13.03
Passenger,Small,34.31,71.0,39.02,44.95,18.73,High,388.46,0.16
Passenger,Medium,54.34,87.0,29.06,11.22,8.66,Medium,223.58,7.29
Tanker,Small,42.41,87.0,36.6,30.21,5.22,Medium,27.92,0.72
Passenger,Large,181.37,69.0,12.15,21.66,6.89,Medium,316.59,11.84
Passenger,Small,38.08,61.0,29.67,19.14,6.96,Medium,460.79,5.45
Tanker,Medium,59.96,76.0,28.56,5.34,12.61,Medium,248.21,7.29
Passenger,Medium,80.14,72.0,11.79,6.71,5.36,Low,464.21,14.58
Container,Large,118.4,92.0,22.03,41.85,5.73,Medium,177.05,9.66
Container,Small,48.69,92.0,25.1,37.49,9.14,Medium,443.18,4.91
Cargo,Small,45.87,78.0,19.25,19.12,3.19,Low,393.17,8.07
Passenger,Medium,76.29,84.0,33.09,41.42,10.07,High,480.87,5.32
Passenger,Small,46.51,84.0,33.31,4.04,13.27,High,395.51,1.88
Tanker,Large,129.66,93.0,34.02,31.24,8.19,Medium,160.74,8.86
Tanker,Large,132.32,77.0,32.14,43.41,6.89,Medium,450.28,11.74
Cargo,Medium,90.42,71.0,19.52,41.94,8.01,Medium,334.87,8.33
Tanker,Small,39.92,71.0,15.26,18.64,5.74,Medium,81.03,2.5
Cargo,Large,190.11,81.0,33.26,37.26,14.18,High,22.98,2.4
Passenger,Large,151.85,78.0,19.61,21.37,8.98,Medium,182.92,9.92
Cargo,Large,131.25,78.0,9.85,42.01,5.83,Medium,393.43,12.42
Cargo,Small,32.58,64.0,20.29,26.54,10.22,Medium,309.11,3.92
Cargo,Small,35.94,89.0,5.67,38.24,2.98,Low,263.56,7.09
Container,Large,118.77,69.0,27.67,3.93,9.27,Medium,1.86,8.03
Tanker,Small,30.41,68.0,13.44,29.5,4.75,Medium,217.75,3.84
Container,Medium,75.82,77.0,10.43,27.51,6.43,Medium,78.86,6.67
Container,Medium,52.72,69.0,38.26,30.5,12.09,High,227.28,2.54
Container,Medium,83.38,83.0,31.08,34.78,16.78,High,495.89,5.03
Cargo,Large,198.36,75.0,31.48,45.91,15.13,High,439.77,6.39
Tanker,Medium,99.66,78.0,24.95,39.28,11.63,High,155.32,2.36
Container,Medium,91.11,81.0,33.57,10.98,10.51,Medium,296.75,7.62
Tanker,Medium,87.46,68.0,30.37,41.29,10.49,High,251.05,3.12
Passenger,Small,24.65,66.0,23.95,6.1,7.74,Medium,65.02,1.96
Cargo,Small,23.13,95.0,38.44,31.11,9.91,High,494.9,2.41
Passenger,Small,40.0,77.0,7.66,44.14,5.74,Medium,212.59,3.69
Tanker,Large,177.39,76.0,37.74,5.06,16.02,High,252.83,4.94
Cargo,Large,194.95,61.0,16.06,42.48,8.88,Medium,323.8,11.1
Container,Large,144.17,80.0,21.14,39.93,7.77,Medium,95.77,8.73
Passenger,Large,146.13,82.0,4.91,25.19,1.89,Low,111.11,14.97
Passenger,Medium,97.12,82.0,21.6,15.44,8.83,Medium,96.28,6.29
Tanker,Small,36.56,88.0,24.45,20.27,7.12,Medium,192.23,2.98
Tanker,Small,47.46,67.0,39.91,48.43,20.31,High,99.84,0.0
Passenger,Medium,66.05,70.0,39.01,10.08,16.58,High,463.2,4.82
Tanker,Medium,74.91,92.0,38.66,28.98,7.56,Medium,357.16,7.9
Passenger,Small,31.92,98.0,13.94,4.16,4.96,Low,448.92,9.01
Passenger,Large,140.79,65.0,39.65,10.89,15.49,High,424.24,6.49
Passenger,Large,118.05,80.0,18.22,38.17,7.87,Medium,351.58,11.45
Tanker,Large,197.65,69.0,34.07,15.13,11.17,Medium,121.37,8.49
Tanker,Small,46.35,62.0,8.65,49.29,4.12,Medium,307.66,4.65
Passenger,Small,33.0,73.0,20.23,25.04,5.18,Medium,93.15,2.3
Cargo,Medium,71.83,66.0,38.64,25.83,17.03,High,66.24,0.51
Tanker,Small,23.85,88.0,37.88,1.82,4.16,Medium,316.29,4.22
Container,Small,43.16,81.0,27.35,47.83,13.65,High,312.31,0.43
Container,Large,157.0,66.0,31.91,8.71,10.35,Medium,78.31,8.38
Tanker,Small,48.82,60.0,7.06,26.92,4.7,Low,176.21,6.2
Passenger,Small,30.49,92.0,28.87,19.78,15.39,High,33.14,0.0
Passenger,Large,130.18,67.0,24.72,20.78,10.07,Medium,357.87,11.32
Container,Large,189.74,84.0,3.66,32.17,2.58,Low,493.75,18.65
Container,Small,28.25,73.0,4.53,33.1,2.97,Low,369.95,8.31
Cargo,Large,140.32,83.0,4.34,7.71,1.17,Low,422.08,18.53
Cargo,Large,148.24,73.0,28.97,24.98,5.3,Medium,238.17,10.3
Cargo,Large,123.18,63.0,5.67,39.52,3.86,Low,47.79,13.82
Passenger,Medium,93.92,69.0,18.71,22.16,9.01,Medium,363.3,8.95
Tanker,Medium,90.42,68.0,14.28,8.29,3.34,Low,128.26,11.27
Tanker,Small,38.46,77.0,22.02,15.66,6.68,Medium,194.15,3.26
Container,Medium,53.68,86.0,28.26,10.62,9.63,Medium,351.55,8.53
Cargo,Small,29.13,71.0,27.39,6.29,13.0,Medium,452.39,5.13
Container,Medium,91.34,60.0,20.62,18.88,4.15,Medium,243.12,8.21
Container,Medium,87.05,81.0,18.57,27.05,4.97,Medium,480.8,10.44
Tanker,Large,115.26,84.0,15.91,3.64,7.62,Medium,259.95,11.37
Container,Medium,94.31,99.0,34.48,30.19,5.5,Medium,61.26,5.33
Container,Small,33.54,84.0,13.23,49.65,7.28,Medium,259.22,3.61
Cargo,Medium,51.37,79.0,10.37,48.21,6.1,Medium,430.31,9.81
Cargo,Medium,89.87,83.0,29.73,41.46,9.6,Medium,269.02,7.01
Tanker,Large,133.0,97.0,14.39,13.32,4.8,Low,373.88,17.07
Container,Small,44.94,93.0,33.88,1.12,15.03,High,273.98,0.52
Passenger,Large,173.1,73.0,13.12,41.68,4.26,Medium,273.03,11.21
Tanker,Small,49.61,69.0,28.08,2.79,5.55,Medium,142.38,2.81
Passenger,Small,24.44,71.0,1.8,10.28,1.06,Low,100.63,6.4
Cargo,Medium,91.62,80.0,15.42,27.22,5.43,Medium,139.46,7.14
Tanker,Large,106.54,90.0,13.73,8.92,4.97,Low,220.42,15.64
Cargo,Large,135.61,80.0,32.67,41.69,17.39,High,404.8,5.84
Passenger,Small,22.54,63.0,38.68,38.86,20.0,High,414.5,0.43
Container,Large,127.12,89.0,18.44,37.79,5.43,Medium,81.69,9.0
Cargo,Large,169.17,92.0,32.99,40.81,9.33,High,276.43,5.37
Cargo,Medium,93.19,72.0,27.99,10.99,5.16,Medium,208.01,7.54
Passenger,Medium,69.24,87.0,38.7,36.44,20.05,High,285.47,2.19
Tanker,Large,173.61,77.0,32.44,17.76,9.29,Medium,323.81,10.73
Passenger,Large,101.34,96.0,3.1,33.34,2.53,Low,139.81,15.12
Cargo,Small,24.52,94.0,28.53,6.1,12.32,Medium,459.62,5.22
Tanker,Large,183.13,81.0,21.42,35.28,8.3,Medium,467.72,12.47
Tanker,Large,196.72,88.0,0.66,48.61,2.53,Low,52.68,14.07
Cargo,Small,36.41,95.0,10.05,2.18,2.87,Low,351.51,8.48
Passenger,Large,166.99,80.0,36.87,4.69,13.22,High,16.62,2.91
Passenger,Medium,76.89,73.0,37.04,6.18,14.67,High,23.28,0.79
Container,Large,110.45,90.0,31.95,21.53,12.52,High,478.9,7.51
Cargo,Medium,71.94,69.0,39.27,14.54,6.53,Medium,347.43,8.17
Cargo,Medium,57.42,76.0,32.26,40.35,9.17,Medium,162.27,5.89
Cargo,Medium,92.97,95.0,0.41,23.69,1.35,Low,334.94,13.92
Passenger,Medium,74.52,89.0,11.51,24.23,6.41,Medium,422.92,10.13
Passenger,Medium,60.73,76.0,1.22,35.85,1.94,Low,435.45,14.58
Container,Medium,87.26,69.0,3.76,18.1,1.34,Low,10.26,10.62
Passenger,Small,28.16,74.0,8.75,17.66,4.01,Low,409.11,8.7
Tanker,Large,132.28,71.0,20.14,37.85,8.32,Medium,426.6,12.07
Container,Medium,89.05,67.0,33.9,39.0,7.45,Medium,297.79,7.36
Tanker,Small,41.16,90.0,34.48,0.72,11.05,Medium,239.95,2.96
Container,Medium,56.21,70.0,24.65,7.19,12.43,Medium,55.5,5.54
Cargo,Small,48.29,78.0,37.13,10.65,13.62,High,119.81,0.0
Cargo,Medium,51.05,75.0,20.0,17.58,6.47,Medium,245.24,8.05
Cargo,Small,28.47,99.0,35.56,14.57,16.06,High,432.54,1.65
Container,Medium,61.35,76.0,18.16,33.43,5.03,Medium,401.57,9.54
Cargo,Small,43.23,63.0,11.09,41.41,5.02,Medium,247.96,3.99
Cargo,Large,145.33,64.0,36.66,9.6,11.89,High,392.81,6.71
Container,Small,47.78,84.0,15.52,28.15,6.09,Medium,382.87,5.28
Container,Large,194.75,84.0,20.14,18.39,10.35,Medium,289.51,10.89
Container,Medium,82.98,77.0,13.15,25.29,4.12,Low,110.16,10.73
Cargo,Medium,54.02,77.0,26.51,31.04,4.8,Medium,174.0,6.91
Tanker,Large,122.75,62.0,39.8,44.68,20.8,High,82.03,1.86
Tanker,Medium,66.9,81.0,1.02,9.61,0.67,Low,3.58,10.93
Tanker,Large,140.14,80.0,35.99,4.35,9.27,Medium,40.26,7.99
Tanker,Medium,51.84,66.0,0.16,31.36,1.62,Low,379.81,14.2
Cargo,Large,157.28,64.0,14.57,19.71,8.13,Medium,16.74,8.63
Cargo,Large,151.29,65.0,6.74,8.15,2.52,Low,199.93,16.05
Cargo,Medium,82.24,64.0,30.29,5.85,8.75,Medium,492.89,10.02
Cargo,Medium,83.91,84.0,2.02,27.95,2.07,Low,397.62,14.31
Tanker,Large,166.96,68.0,22.14,15.02,11.56,Medium,375.31,11.59
Cargo,Medium,78.84,70.0,11.8,49.87,7.53,Medium,137.35,6.63
Tanker,Large,175.18,67.0,5.35,20.3,1.91,Low,320.87,17.14
Cargo,Small,24.29,98.0,30.87,10.61,13.54,High,249.36,0.38
Tanker,Large,114.66,94.0,8.7,31.44,5.37,Medium,311.91,11.92
Tanker,Large,181.83,69.0,8.95,12.21,3.98,Low,217.91,15.89
Tanker,Medium,60.95,73.0,11.0,24.7,5.23,Low,265.48,12.29
Passenger,Medium,74.16,68.0,23.47,24.13,7.69,Medium,494.2,10.12
Container,Large,121.64,80.0,26.39,22.68,10.55,Medium,164.66,9.22
Container,Small,41.36,61.0,0.7,39.8,2.27,Low,108.23,5.82
Cargo,Medium,79.07,87.0,9.67,10.83,1.98,Low,224.25,12.54
Passenger,Large,162.48,81.0,17.24,45.22,5.76,Medium,262.16,10.68
Passenger,Small,29.56,96.0,13.28,39.57,4.34,Medium,42.81,1.94
Passenger,Large,174.0,67.0,35.37,16.66,16.27,High,402.99,6.3
Cargo,Small,30.64,92.0,31.51,9.03,12.17,Medium,211.03,2.54
Container,Medium,66.59,92.0,25.04,13.98,7.72,Medium,206.59,7.36
Container,Small,46.19,65.0,13.52,16.63,6.65,Medium,329.42,5.02
Passenger,Large,196.91,76.0,28.03,27.85,12.23,High,386.62,6.68
Passenger,Medium,80.17,67.0,33.75,2.32,15.82,High,492.97,5.61
Container,Large,132.44,70.0,23.79,45.72,5.4,Medium,86.76,8.62
Cargo,Large,145.21,71.0,31.38,4.93,9.78,Medium,172.78,9.48
Tanker,Large,194.09,82.0,29.96,13.96,12.16,Medium,84.13,8.25
Cargo,Large,105.27,76.0,22.87,5.46,4.46,Low,440.43,17.51
Container,Small,21.89,98.0,12.49,12.83,3.52,Low,274.25,7.31
Container,Medium,69.75,65.0,29.83,41.88,10.08,High,426.22,4.93
Container,Medium,82.5,99.0,8.27,30.76,4.99,Low,492.61,14.6
Passenger,Small,47.99,69.0,31.18,11.37,9.84,Medium,275.1,3.38
Cargo,Small,28.11,91.0,32.18,43.59,11.74,High,59.08,0.0
Container,Medium,74.34,74.0,32.89,40.04,10.96,High,180.63,2.26
Container,Small,40.4,66.0,18.92,37.68,5.51,Medium,18.09,1.33
Cargo,Small,36.2,94.0,7.7,42.38,5.73,Medium,424.65,5.84
Tanker,Small,45.22,72.0,3.99,30.98,2.46,Low,8.94,4.82
Container,Medium,82.61,86.0,29.73,25.07,10.97,Medium,296.09,7.48
Passenger,Small,44.49,83.0,35.45,18.7,6.59,Medium,53.07,1.13
Tanker,Large,192.17,79.0,26.03,11.19,7.68,Medium,3.78,8.14
Tanker,Small,24.35,80.0,5.77,27.87,4.06,Low,128.08,5.83
Passenger,Small,36.7,89.0,37.4,44.47,20.86,High,275.93,0.0
Tanker,Large,181.97,64.0,39.56,29.7,11.17,High,37.54,2.69
Cargo,Large,102.86,87.0,17.34,45.98,5.1,Medium,307.44,11.18
Passenger,Small,34.0,96.0,23.79,17.85,6.26,Medium,336.0,4.59
Cargo,Small,23.44,62.0,31.09,34.76,8.92,Medium,484.85,5.11
Container,Large,153.34,66.0,29.46,32.43,12.16,High,449.77,7.16
Tanker,Small,48.62,89.0,38.71,33.52,13.23,High,283.4,0.0
Passenger,Small,27.2,77.0,4.6,32.25,3.49,Low,396.68,8.54
Tanker,Large,121.04,76.0,23.23,11.08,9.39,Medium,181.82,9.9
Passenger,Large,126.46,65.0,27.68,7.18,5.91,Medium,292.86,11.21
Cargo,Medium,54.11,80.0,35.6,48.93,17.17,High,201.68,1.54
Container,Small,20.24,65.0,34.96,2.26,15.46,High,168.52,0.0
Container,Medium,67.79,79.0,39.12,23.39,14.45,High,363.82,3.77
Tanker,Medium,58.97,91.0,20.48,21.25,10.71,Medium,148.34,6.56
Passenger,Medium,75.02,70.0,33.23,18.0,14.63,High,190.28,2.42
Passenger,Small,44.35,79.0,17.09,39.1,7.73,Medium,183.59,2.83
Cargo,Small,29.02,100.0,16.89,37.27,9.67,Medium,435.2,5.2
Passenger,Medium,56.81,87.0,10.13,45.26,5.71,Medium,85.2,6.47
Container,Large,127.87,94.0,32.73,19.77,11.08,Medium,190.74,9.17
Cargo,Medium,86.57,77.0,39.43,28.21,10.97,High,443.93,4.81
Cargo,Large,101.2,91.0,10.25,44.62,6.88,Medium,7.65,8.38
Container,Large,185.86,62.0,2.25,49.69,2.82,Low,473.93,18.15
Container,Medium,93.07,65.0,32.62,48.46,11.86,High,449.45,4.71
Tanker,Large,147.44,68.0,24.81,35.89,9.61,Medium,208.92,9.57
Container,Medium,57.49,76.0,38.39,7.16,12.72,High,326.51,3.93
Cargo,Large,101.86,94.0,10.09,1.16,3.7,Low,495.53,18.86
Cargo,Small,48.8,74.0,2.84,41.26,2.92,Low,277.47,7.32
Tanker,Medium,79.03,86.0,19.7,42.05,6.1,Medium,48.45,5.65
Tanker,Large,159.08,88.0,3.42,37.32,3.38,Low,426.82,17.81
Container,Large,141.01,83.0,10.47,14.0,4.5,Low,67.08,14.22
Cargo,Medium,69.14,74.0,5.04,31.99,3.83,Low,128.64,11.21
Container,Medium,55.04,83.0,8.97,15.81,2.68,Low,436.76,14.53
Cargo,Medium,68.25,74.0,4.25,22.53,2.63,Low,128.01,11.55
Cargo,Medium,67.7,63.0,38.16,19.12,15.67,High,372.54,3.87
Passenger,Small,29.85,100.0,11.14,45.68,5.11,Medium,223.84,3.66
Passenger,Small,42.71,65.0,17.76,11.71,8.13,Medium,379.87,5.26
Passenger,Medium,99.8,63.0,35.94,28.88,5.07,Medium,116.18,5.88
Cargo,Large,132.6,95.0,27.09,18.05,10.06,Medium,209.78,9.78
Cargo,Small,42.67,72.0,24.72,33.15,10.2,Medium,159.08,2.07
Tanker,Large,152.13,86.0,28.22,28.23,10.26,Medium,124.52,8.64
Container,Medium,90.93,73.0,33.15,46.2,13.98,High,157.21,1.59
Cargo,Medium,75.5,76.0,35.11,5.08,6.11,Medium,161.5,6.75
Cargo,Large,151.7,70.0,25.71,11.03,10.16,Medium,477.69,12.65
Container,Medium,67.59,74.0,35.6,38.32,10.26,High,266.62,3.09
Cargo,Medium,67.64,76.0,21.42,18.44,6.94,Medium,231.03,7.78
Cargo,Small,23.7,89.0,11.09,8.29,3.0,Low,251.66,7.3
Passenger,Medium,96.19,80.0,35.2,25.17,11.45,High,498.07,5.57
Container,Large,123.06,98.0,21.66,32.61,9.18,Medium,326.79,11.01
Passenger,Medium,53.49,62.0,36.25,2.24,15.89,High,351.74,4.07
Passenger,Small,42.27,80.0,1.61,14.58,1.2,Low,156.81,6.88
Passenger,Large,196.74,83.0,15.9,40.47,5.67,Medium,235.77,10.59
Container,Small,26.52,97.0,37.91,26.01,12.49,High,92.03,0.0
Passenger,Medium,92.6,62.0,9.99,1.77,3.84,Low,342.59,13.71
Container,Large,177.33,83.0,37.66,14.1,9.69,Medium,172.25,8.99
Passenger,Small,36.29,94.0,38.16,31.96,11.74,High,374.14,1.02
Cargo,Small,48.52,70.0,35.29,9.97,11.97,High,106.58,0.0
Cargo,Medium,75.23,95.0,22.55,41.37,6.98,Medium,201.75,6.96
Cargo,Medium,96.22,61.0,25.88,33.83,6.44,Medium,235.59,7.34
Container,Medium,60.58,89.0,34.78,23.57,6.61,Medium,83.26,5.56
Tanker,Medium,75.03,97.0,31.04,45.78,9.77,High,34.8,0.9
Passenger,Large,108.23,86.0,25.2,19.59,3.99,Medium,158.53,9.93
Tanker,Large,103.97,78.0,39.29,11.75,13.69,High,272.45,5.16
Container,Small,27.14,62.0,27.43,33.07,6.33,Medium,326.34,4.0
Passenger,Large,178.43,97.0,39.02,28.66,11.23,High,212.64,4.48
Passenger,Small,39.74,79.0,2.3,16.76,1.32,Low,250.14,7.72
Tanker,Large,156.38,61.0,5.56,17.18,2.82,Low,271.6,16.61
Container,Medium,68.59,88.0,18.06,19.91,8.94,Medium,255.96,7.96
Passenger,Medium,76.39,79.0,15.4,14.56,6.17,Medium,45.16,6.37
Passenger,Small,45.2,65.0,31.31,35.51,11.7,High,202.5,0.0
Passenger,Large,182.43,69.0,6.42,32.57,3.99,Low,102.17,14.45
Cargo,Small,31.95,63.0,39.04,22.04,5.47,Medium,266.87,3.13
Passenger,Small,21.73,83.0,12.6,19.89,2.87,Low,379.04,8.28
Passenger,Medium,78.17,85.0,17.16,18.25,3.28,Low,289.74,12.55
Tanker,Small,47.77,80.0,10.99,14.17,2.24,Low,110.91,5.85
Tanker,Small,39.58,93.0,23.17,4.28,4.95,Medium,103.88,2.7
Container,Large,170.36,94.0,2.35,13.41,1.41,Low,18.5,14.46
Container,Large,143.53,85.0,5.99,16.06,1.68,Low,213.19,16.14
Passenger,Large,127.85,61.0,29.83,27.38,15.51,High,216.43,4.57
Tanker,Small,36.36,88.0,7.46,38.69,5.23,Medium,118.22,2.91
Cargo,Medium,71.23,77.0,9.42,19.79,5.59,Low,382.13,13.6
Passenger,Large,197.05,83.0,31.72,47.24,6.07,Medium,193.24,9.19
Passenger,Small,36.8,86.0,3.73,41.37,3.71,Low,334.7,7.76
Passenger,Large,131.93,74.0,17.5,49.24,9.84,Medium,320.04,10.76
Passenger,Small,26.64,97.0,0.92,43.81,2.61,Low,302.37,7.64
Container,Small,49.52,65.0,13.87,30.84,5.86,Medium,454.03,6.04
Passenger,Medium,79.74,87.0,27.96,29.92,13.1,High,7.95,0.77
Tanker,Small,26.25,60.0,3.6,6.48,0.76,Low,34.02,5.75
Tanker,Medium,53.13,97.0,35.53,36.12,6.44,Medium,361.07,8.07
Passenger,Small,28.29,65.0,36.38,30.01,6.86,Medium,176.76,2.06
Passenger,Small,24.83,64.0,4.2,25.35,3.22,Low,493.26,9.69
Tanker,Large,149.5,73.0,39.63,34.66,6.67,Medium,108.21,8.14
Tanker,Large,199.09,75.0,11.9,22.2,2.78,Low,91.71,14.4
Cargo,Small,26.57,69.0,3.36,26.19,2.9,Low,294.11,7.76
Tanker,Small,44.25,83.0,0.2,19.92,1.02,Low,139.71,6.69
Container,Small,26.98,78.0,16.34,35.87,9.11,Medium,170.25,2.66
Container,Medium,82.45,61.0,25.19,43.83,12.66,High,460.51,5.2
Tanker,Large,198.79,73.0,13.29,42.04,3.65,Medium,13.12,8.66
Passenger,Small,35.62,92.0,33.47,39.3,5.6,Medium,265.63,3.04
Tanker,Large,198.38,88.0,28.66,0.69,9.03,Medium,167.45,9.72
Tanker,Large,184.99,89.0,14.01,45.59,9.27,Medium,173.0,9.59
Cargo,Medium,73.55,88.0,29.37,13.74,13.95,High,123.9,2.1
Container,Small,32.98,72.0,37.62,44.4,10.65,High,67.43,0.0
Container,Medium,85.03,64.0,3.72,9.85,1.44,Low,17.24,10.85
Tanker,Large,197.47,71.0,12.24,21.98,4.22,Low,493.85,18.26
Tanker,Medium,66.95,93.0,18.53,37.47,9.17,Medium,330.18,8.31
Cargo,Medium,57.72,99.0,19.92,32.01,6.31,Medium,388.6,9.22
Tanker,Small,37.43,80.0,21.69,20.8,4.49,Medium,32.5,1.78
Container,Large,186.4,60.0,12.03,33.93,6.49,Medium,7.42,8.55
Container,Large,103.4,66.0,26.69,27.45,8.93,Medium,300.14,10.62
Tanker,Medium,92.3,73.0,25.8,13.79,4.06,Medium,361.92,9.25
Passenger,Large,120.79,83.0,23.11,32.32,11.23,Medium,197.43,9.45
Tanker,Medium,55.12,63.0,4.55,10.21,2.03,Low,193.88,12.5
Passenger,Small,38.84,98.0,19.08,34.7,7.38,Medium,192.24,2.94
Container,Large,169.01,75.0,14.25,0.16,5.27,Low,76.38,14.32
Cargo,Medium,73.82,97.0,19.64,27.44,7.31,Medium,376.96,9.11
Container,Medium,95.84,91.0,36.87,20.05,14.25,High,107.6,1.41
Tanker,Small,37.81,90.0,19.22,15.16,9.35,Medium,162.21,2.82
Passenger,Large,124.46,84.0,0.56,25.79,1.48,Low,335.63,17.46
Cargo,Large,169.7,85.0,17.55,32.27,8.0,Medium,0.05,8.08
Passenger,Small,32.98,86.0,32.83,48.27,13.76,High,383.13,0.85
Tanker,Small,40.94,85.0,31.2,41.65,11.83,High,449.55,1.92
Container,Large,151.28,82.0,20.54,35.86,5.26,Medium,25.81,8.39
Container,Large,103.09,99.0,9.99,23.95,3.54,Low,295.81,16.43
Tanker,Medium,73.9,89.0,18.6,19.61,8.0,Medium,204.23,7.52
Tanker,Medium,92.68,91.0,22.55,1.63,6.17,Medium,39.23,6.22
Passenger,Large,154.01,95.0,39.99,17.95,11.39,High,341.12,5.91
Container,Small,36.13,69.0,25.77,42.42,12.52,High,306.16,0.67
Tanker,Small,31.52,63.0,27.77,19.2,3.8,Medium,321.33,4.46
Container,Large,104.57,79.0,19.66,23.08,8.46,Medium,406.75,12.18
Passenger,Small,36.82,81.0,14.18,13.59,4.87,Low,143.46,5.77
Tanker,Large,153.0,93.0,32.52,13.71,8.84,Medium,338.53,11.0
Cargo,Medium,89.19,78.0,19.8,3.09,4.83,Low,371.66,13.38
Passenger,Medium,50.75,83.0,39.79,30.69,8.26,Medium,84.41,5.01
Cargo,Large,131.45,81.0,18.28,22.4,5.39,Medium,478.53,13.28
Container,Small,36.39,62.0,2.72,30.3,2.21,Low,169.99,6.54
Container,Medium,58.47,85.0,27.3,27.34,8.87,Medium,356.85,8.37
Cargo,Small,43.36,93.0,1.87,39.94,2.69,Low,377.01,8.41
Tanker,Large,119.56,66.0,10.02,37.55,4.7,Medium,252.02,11.2
Passenger,Small,48.47,84.0,14.15,38.57,7.85,Medium,64.36,1.78
Cargo,Medium,57.38,84.0,29.58,24.96,11.78,High,137.83,2.22
Passenger,Large,167.21,67.0,19.77,17.69,4.36,Medium,117.12,9.79
Passenger,Large,102.28,65.0,1.15,46.67,2.58,Low,259.32,16.14
Cargo,Medium,81.4,99.0,24.67,2.71,3.38,Low,130.63,10.88
Tanker,Small,35.2,76.0,16.46,7.63,8.25,Medium,273.39,4.33
Tanker,Medium,57.05,69.0,36.87,20.98,17.81,High,144.1,1.4
Tanker,Large,169.36,67.0,19.98,30.7,4.21,Medium,0.49,8.37
Passenger,Small,28.25,87.0,28.36,0.41,9.37,Medium,181.63,2.85
Tanker,Large,155.42,84.0,8.75,35.97,6.03,Medium,303.43,11.67
Cargo,Small,29.68,86.0,30.44,27.94,13.54,High,386.85,1.43
Passenger,Small,46.65,64.0,28.84,24.24,9.77,Medium,14.18,0.64
Tanker,Small,26.16,96.0,36.16,21.17,8.16,Medium,129.16,1.64
Cargo,Medium,54.72,76.0,1.35,25.97,1.58,Low,492.73,15.38
Tanker,Small,47.19,73.0,17.9,8.09,7.47,Medium,130.91,2.91
Tanker,Large,125.23,78.0,27.17,5.44,11.47,Medium,388.6,11.67
Container,Large,188.56,76.0,3.81,14.48,1.91,Low,254.69,16.68
Passenger,Medium,67.51,95.0,16.42,35.48,4.21,Medium,61.09,6.26
Container,Medium,87.43,97.0,37.69,29.41,19.32,High,321.7,2.81
Passenger,Large,165.92,72.0,17.44,24.01,8.84,Medium,483.17,13.0
Container,Medium,75.71,95.0,39.42,28.58,7.59,Medium,443.41,8.73
Passenger,Large,159.56,91.0,2.27,27.96,1.68,Low,345.15,17.41
Container,Medium,67.78,97.0,28.71,15.35,9.79,Medium,256.07,7.44
Cargo,Large,163.66,70.0,23.24,4.87,5.21,Medium,159.67,10.22
Cargo,Small,31.47,83.0,20.02,44.84,6.51,Medium,178.48,2.64
Cargo,Large,184.58,71.0,38.83,30.0,6.74,Medium,173.1,8.92
Passenger,Large,162.3,93.0,5.19,34.89,4.24,Low,461.04,18.03
Passenger,Medium,50.85,60.0,35.84,23.2,16.65,High,105.66,1.14
Passenger,Small,33.66,83.0,27.65,37.82,5.92,Medium,189.01,2.56
Container,Large,197.25,74.0,10.36,29.22,6.13,Medium,215.98,10.84
Passenger,Large,115.87,73.0,36.07,2.69,13.6,High,204.45,4.83
Cargo,Medium,84.88,86.0,17.17,44.5,6.18,Medium,2.1,5.25
Tanker,Medium,98.99,94.0,32.57,15.28,15.37,High,135.49,1.88
Container,Medium,75.38,84.0,15.55,6.89,5.62,Low,249.28,12.22
Passenger,Small,20.95,94.0,34.04,4.4,15.18,High,380.25,1.49
Cargo,Small,21.35,71.0,25.47,36.02,9.13,Medium,284.74,3.34
Cargo,Small,22.01,81.0,5.64,35.2,3.45,Low,192.43,6.39
Container,Large,179.13,78.0,25.99,35.01,7.37,Medium,332.57,10.99
Passenger,Small,25.03,60.0,7.65,45.79,4.24,Medium,332.95,5.01
Cargo,Small,22.82,82.0,16.48,17.45,6.26,Medium,123.96,2.84
Container,Large,137.07,86.0,6.81,28.06,4.66,Low,51.89,13.95
Cargo,Small,24.12,84.0,0.88,30.97,1.85,Low,401.59,8.97
Container,Large,179.16,89.0,8.48,48.97,3.8,Medium,264.89,11.27
Container,Medium,98.2,83.0,21.45,15.62,2.99,Low,88.26,10.4
Cargo,Medium,70.73,63.0,19.26,47.82,10.87,Medium,131.04,5.9
Passenger,Small,46.12,65.0,20.06,7.44,5.3,Medium,383.21,5.55
Cargo,Large,150.48,84.0,9.91,38.2,4.15,Low,326.64,16.39
Passenger,Small,36.84,71.0,27.41,31.64,13.1,High,472.58,2.41
Cargo,Medium,73.27,63.0,28.17,40.84,15.51,High,232.47,2.55
Passenger,Medium,97.63,77.0,14.32,1.43,5.79,Low,26.09,10.14
Tanker,Small,44.07,82.0,35.25,3.91,6.17,Medium,350.21,4.44
Container,Medium,54.41,73.0,25.76,3.48,6.78,Medium,127.46,6.84
Passenger,Small,33.7,89.0,28.52,29.65,13.0,High,161.93,0.0
Tanker,Small,40.54,86.0,11.09,30.15,6.64,Medium,98.32,2.56
Tanker,Medium,94.49,73.0,0.02,45.31,2.28,Low,154.47,11.61
Container,Small,47.01,90.0,34.62,23.38,11.72,High,414.74,1.78
Passenger,Medium,64.46,86.0,32.9,3.4,14.28,High,288.36,3.74
Container,Large,131.98,85.0,4.93,10.48,1.11,Low,54.58,14.78
Passenger,Medium,86.72,82.0,14.96,0.4,3.23,Low,293.3,13.05
Tanker,Medium,84.93,60.0,26.45,38.84,8.52,Medium,316.78,7.82
Tanker,Large,156.1,88.0,26.08,40.78,14.82,High,442.41,6.82
Passenger,Medium,55.09,75.0,34.41,49.9,5.98,Medium,429.82,8.58
Tanker,Small,48.12,98.0,5.61,20.61,2.28,Low,31.44,5.19
Cargo,Large,166.3,93.0,17.2,0.96,8.17,Medium,433.35,13.04
Tanker,Large,122.63,84.0,3.89,11.74,1.45,Low,25.44,14.48
Cargo,Medium,57.68,70.0,15.58,29.39,4.43,Medium,77.06,6.56
Tanker,Small,41.97,68.0,0.6,48.1,2.64,Low,55.78,5.1
Cargo,Small,20.33,74.0,35.93,5.18,14.56,High,90.85,0.0
Container,Medium,90.66,79.0,21.08,6.08,6.39,Medium,401.63,9.8
Cargo,Large,147.04,72.0,33.99,35.09,18.03,High,343.06,5.23
Tanker,Medium,58.74,81.0,2.4,33.36,2.1,Low,343.48,13.64
Passenger,Small,23.82,67.0,9.1,12.53,4.86,Low,461.06,9.22
Passenger,Large,113.23,99.0,10.38,40.66,6.21,Medium,195.93,10.41
Cargo,Small,41.22,64.0,15.47,6.44,4.15,Low,1.64,4.5
Passenger,Medium,78.3,97.0,32.11,46.29,15.89,High,319.88,3.08
Container,Small,37.84,97.0,15.46,10.05,2.87,Low,434.04,8.88
Tanker,Small,44.62,81.0,8.19,4.07,1.45,Low,488.13,10.05
Cargo,Large,112.63,89.0,2.6,16.98,2.08,Low,181.95,15.94
Passenger,Small,41.06,77.0,3.18,9.39,0.91,Low,411.08,9.47
Tanker,Small,30.35,85.0,30.4,26.35,4.41,Medium,424.61,5.16
Tanker,Small,40.47,74.0,17.79,34.34,6.26,Medium,72.22,1.92
Passenger,Small,22.69,72.0,29.05,24.55,5.34,Medium,315.75,4.08
Tanker,Medium,74.3,83.0,27.29,33.03,13.8,High,86.57,1.46
Container,Medium,79.88,80.0,5.41,18.25,3.45,Low,223.32,12.45
Container,Medium,74.62,83.0,5.72,1.4,1.75,Low,439.63,15.11
Container,Small,35.48,71.0,30.21,48.7,10.6,High,394.73,1.4
Cargo,Small,26.23,75.0,28.85,40.97,11.15,High,285.17,0.47
Cargo,Medium,58.18,63.0,15.12,3.67,3.06,Low,404.35,14.11
Container,Large,104.58,62.0,3.1,22.46,1.8,Low,76.41,14.78
Tanker,Small,39.35,70.0,0.48,31.75,1.65,Low,97.46,5.95
Container,Medium,66.19,63.0,11.53,9.53,3.69,Low,104.43,11.11
Container,Small,29.82,64.0,0.37,28.9,1.57,Low,388.01,8.93
Tanker,Medium,61.62,93.0,9.2,26.68,5.68,Medium,445.48,10.49
Passenger,Medium,99.18,62.0,16.78,10.41,7.16,Medium,281.42,8.65
Cargo,Large,153.06,86.0,4.86,7.06,2.24,Low,478.99,18.98
Passenger,Medium,78.48,71.0,4.17,37.95,2.83,Low,364.02,13.59
Passenger,Small,24.28,95.0,35.86,16.13,17.13,High,281.84,0.0
Tanker,Small,49.53,79.0,23.42,12.2,11.82,Medium,305.8,3.86
Cargo,Medium,78.22,72.0,37.38,36.89,19.52,High,424.77,3.69
Tanker,Small,33.12,81.0,13.83,36.8,3.44,Low,45.09,4.48
Tanker,Small,40.26,75.0,27.09,13.82,9.95,Medium,84.01,1.61
Passenger,Medium,70.89,83.0,8.19,43.63,5.11,Medium,133.15,7.14
Container,Large,136.69,65.0,24.73,34.41,7.11,Medium,447.39,12.24
Cargo,Large,180.12,100.0,5.18,17.29,3.44,Low,472.47,18.58
Passenger,Large,112.5,77.0,0.08,21.37,1.09,Low,178.09,16.04
Passenger,Medium,75.43,74.0,37.26,36.34,8.77,Medium,461.93,8.75
Tanker,Large,140.53,88.0,22.2,10.58,7.05,Medium,273.42,11.11
Cargo,Large,170.99,75.0,37.08,23.44,9.67,Medium,236.64,9.48
Cargo,Small,45.63,93.0,13.35,32.68,7.9,Medium,416.38,5.45
Tanker,Small,38.48,78.0,13.11,26.97,4.97,Medium,273.04,4.44
Container,Medium,88.24,89.0,16.03,30.42,5.75,Medium,227.24,7.89
Container,Small,44.96,64.0,28.24,27.31,11.26,Medium,7.98,0.4
Container,Large,174.89,94.0,22.63,9.96,3.5,Low,6.45,13.18
Tanker,Small,45.14,89.0,37.01,20.51,15.93,High,313.8,0.28
Container,Medium,89.09,68.0,1.02,26.6,1.75,Low,36.71,10.81
Passenger,Medium,61.65,66.0,28.33,39.0,10.15,Medium,368.47,8.07
Tanker,Large,107.24,73.0,13.21,32.7,8.01,Medium,311.17,11.4
Container,Large,124.27,99.0,7.21,21.33,3.46,Low,228.86,15.96
Container,Small,21.78,70.0,20.42,48.72,10.16,Medium,354.9,3.94
Container,Medium,91.47,78.0,20.2,5.39,9.76,Medium,496.54,10.47
Passenger,Small,49.58,61.0,5.48,10.34,2.53,Low,123.18,6.3
Tanker,Large,146.04,76.0,8.08,17.07,3.06,Low,278.53,16.53
Passenger,Medium,97.14,83.0,16.33,11.43,2.37,Low,421.43,14.13
Passenger,Small,45.08,98.0,16.35,31.27,7.96,Medium,8.44,1.25
Passenger,Large,155.44,81.0,12.7,1.98,6.27,Low,101.75,14.52
Passenger,Large,133.38,93.0,5.94,8.87,2.15,Low,260.48,16.72
Tanker,Medium,58.41,82.0,0.17,14.67,0.77,Low,276.12,13.58
Passenger,Small,25.7,62.0,38.81,34.17,13.65,High,43.17,0.0
Tanker,Medium,79.52,73.0,37.74,43.79,16.96,High,203.71,1.58
Passenger,Medium,97.31,83.0,19.35,39.92,3.94,Medium,259.89,8.04
Cargo,Medium,87.89,98.0,39.8,9.1,18.56,High,211.49,2.09
Container,Medium,55.51,94.0,26.95,28.27,13.66,High,350.3,4.22
Container,Small,49.73,69.0,2.75,1.5,0.95,Low,385.68,9.39
Tanker,Large,166.41,69.0,4.71,15.53,1.48,Low,230.13,16.41
Tanker,Large,133.72,68.0,36.64,40.3,15.52,High,212.83,3.94
Container,Large,154.71,97.0,25.2,22.83,5.05,Medium,352.68,11.71
Tanker,Medium,61.62,94.0,33.73,7.5,10.6,Medium,277.65,7.48
Passenger,Small,49.89,91.0,35.93,21.93,6.04,Medium,435.22,4.91
Container,Small,47.77,76.0,17.92,9.9,6.51,Medium,240.57,4.06
Passenger,Medium,60.26,80.0,1.94,19.66,1.42,Low,287.16,13.44
Container,Large,143.64,79.0,7.53,24.39,4.48,Low,64.4,14.13
Container,Small,34.11,70.0,2.66,17.48,1.99,Low,418.0,9.3
Tanker,Medium,75.66,80.0,7.55,46.85,6.11,Medium,211.15,7.79
Passenger,Large,143.1,61.0,16.42,28.13,4.74,Medium,359.53,12.14
Passenger,Large,157.24,65.0,4.73,42.14,2.7,Low,214.74,15.6
Container,Large,167.45,95.0,6.67,38.04,3.75,Low,0.51,13.34
Container,Medium,84.93,90.0,17.83,33.06,4.03,Medium,200.21,7.65
Tanker,Small,28.48,77.0,13.61,24.84,3.57,Low,73.75,5.0
Passenger,Small,33.68,81.0,18.71,0.11,6.35,Medium,199.31,3.82
Passenger,Medium,72.35,75.0,17.17,30.67,7.32,Medium,160.67,7.0
Cargo,Small,27.5,90.0,25.78,17.8,3.91,Medium,101.27,2.38
Container,Small,25.36,91.0,37.49,5.89,10.69,Medium,61.89,0.96
Cargo,Medium,73.04,91.0,4.31,22.23,2.46,Low,364.28,13.94
Tanker,Medium,56.29,89.0,3.97,36.78,2.66,Low,377.43,13.77
Passenger,Small,31.27,68.0,34.11,48.08,17.71,High,132.5,0.0
Passenger,Medium,93.04,74.0,20.26,18.71,4.27,Medium,247.6,8.26
Cargo,Large,185.68,79.0,30.66,27.14,7.54,Medium,232.04,9.89
Tanker,Large,159.64,73.0,8.62,42.56,3.53,Low,177.62,14.94
Container,Medium,53.12,90.0,33.15,16.7,5.7,Medium,138.82,6.43
Container,Small,36.61,73.0,36.95,7.11,17.04,High,93.02,0.0
Tanker,Large,129.47,66.0,25.42,14.09,6.07,Medium,436.45,12.6
Container,Small,36.01,76.0,4.24,44.96,3.9,Low,416.66,8.47
Passenger,Large,153.21,99.0,35.81,7.97,10.11,Medium,208.59,9.52
Cargo,Medium,81.81,69.0,31.7,16.46,12.06,High,360.6,4.49
Passenger,Small,24.19,84.0,30.04,23.23,15.32,High,249.17,0.0
Tanker,Large,115.1,77.0,1.47,42.36,2.76,Low,42.69,14.03
Cargo,Large,130.46,63.0,31.96,46.89,6.42,Medium,411.2,11.33
Container,Large,154.06,80.0,5.52,21.29,3.48,Low,109.64,14.85
Tanker,Small,24.25,88.0,8.9,46.6,4.83,Medium,353.41,5.07
Cargo,Small,23.91,81.0,23.09,8.07,5.95,Medium,263.7,4.13
Container,Small,20.6,95.0,10.6,7.84,4.3,Low,345.27,8.14
Cargo,Large,195.59,72.0,26.45,47.46,15.07,High,235.6,4.58
Passenger,Small,21.09,63.0,24.32,25.48,4.62,Medium,351.28,4.73
Container,Small,24.54,97.0,4.33,9.3,2.23,Low,16.41,5.34
Cargo,Small,29.95,75.0,26.24,24.4,5.98,Medium,20.43,1.21
Passenger,Medium,66.42,83.0,36.96,39.16,11.27,High,448.17,4.72
Passenger,Large,121.79,92.0,6.44,41.35,4.96,Medium,374.85,12.5
Passenger,Small,45.11,73.0,23.88,43.2,9.76,Medium,414.23,4.51
Cargo,Large,182.3,89.0,13.67,28.48,3.16,Low,228.29,15.51
Container,Medium,95.3,65.0,18.38,43.35,7.74,Medium,229.82,7.34
Tanker,Large,135.2,72.0,11.48,25.5,6.05,Medium,267.0,11.38
Cargo,Medium,64.23,66.0,14.17,30.35,5.93,Medium,121.83,6.91
Cargo,Small,47.33,92.0,1.16,37.94,2.09,Low,366.75,8.44
Container,Medium,58.8,69.0,39.26,21.27,11.98,High,414.73,4.56
Tanker,Large,198.43,89.0,24.99,3.68,11.92,Medium,453.61,12.42
Tanker,Medium,89.19,98.0,20.03,17.51,8.15,Medium,258.52,8.02
Container,Small,22.19,81.0,15.35,31.2,7.58,Medium,207.29,3.32
Tanker,Large,175.25,82.0,21.57,9.62,9.42,Medium,415.47,12.34
Container,Small,31.49,78.0,15.2,7.42,2.44,Low,376.33,8.41
Cargo,Large,107.55,73.0,14.4,14.65,5.52,Low,433.64,17.57
Tanker,Small,49.39,79.0,18.56,1.61,4.73,Low,327.87,7.65
Tanker,Large,168.25,84.0,11.04,37.17,3.58,Low,441.66,17.56
Tanker,Medium,84.99,99.0,7.2,12.94,1.95,Low,44.52,10.83
Container,Large,170.18,98.0,22.26,6.21,9.49,Medium,339.78,11.61
Container,Large,142.44,94.0,33.71,34.96,7.3,Medium,44.4,7.73
Container,Large,184.13,96.0,6.11,42.15,3.48,Low,374.45,17.05
Container,Small,24.17,79.0,1.31,0.99,0.33,Low,314.22,8.82
Tanker,Medium,85.67,86.0,9.87,11.68,1.76,Low,8.0,10.38
Container,Small,28.95,96.0,39.19,47.26,13.53,High,299.63,0.0
Tanker,Small,41.18,76.0,33.15,19.26,14.43,High,73.14,0.0
Container,Medium,69.31,98.0,23.83,46.93,4.94,Medium,71.21,5.69
Passenger,Medium,50.35,77.0,37.17,13.71,6.08,Medium,75.23,5.61
Passenger,Medium,76.08,84.0,17.81,10.9,7.46,Medium,241.91,8.16
Passenger,Large,109.25,88.0,39.33,10.71,13.81,High,57.76,3.02
Passenger,Small,41.68,98.0,11.85,4.26,4.79,Low,62.83,5.27
Cargo,Small,46.07,70.0,9.61,44.82,4.09,Medium,128.08,2.89
Passenger,Medium,67.68,90.0,25.52,48.99,13.21,High,0.43,0.43
Tanker,Large,138.79,81.0,15.13,47.73,6.8,Medium,137.89,9.39
Container,Small,20.95,71.0,25.05,42.6,10.75,High,309.2,0.91
Cargo,Small,27.62,91.0,12.2,42.34,3.79,Medium,300.79,4.57
Container,Small,32.42,82.0,24.72,33.05,6.15,Medium,484.77,5.74
Tanker,Medium,67.89,86.0,11.03,41.31,6.58,Medium,59.82,6.16
Container,Large,132.59,73.0,2.04,10.42,0.91,Low,432.79,18.73
Cargo,Large,196.42,79.0,36.49,19.4,5.97,Medium,195.59,9.55
Container,Large,177.34,85.0,35.33,32.04,13.57,High,193.52,4.17
Cargo,Large,190.19,76.0,38.83,43.74,14.58,High,174.41,3.47
Cargo,Large,149.86,68.0,28.66,33.02,11.49,High,62.37,3.38
Passenger,Medium,54.43,98.0,27.31,41.95,11.58,High,239.25,3.03
Passenger,Medium,73.12,80.0,22.36,23.7,7.89,Medium,393.69,9.16
Container,Small,26.41,89.0,5.04,35.87,3.29,Low,437.72,8.88
Container,Large,119.68,76.0,7.57,49.0,6.01,Medium,481.43,13.25
Container,Large,169.96,74.0,11.58,7.67,4.01,Low,392.65,17.59
Container,Small,34.53,76.0,35.61,46.35,14.67,High,311.55,0.0
Passenger,Medium,66.97,76.0,6.92,26.12,2.74,Low,248.77,12.55
Container,Large,158.72,82.0,36.91,32.16,18.16,High,437.45,6.07
Passenger,Small,48.91,82.0,20.91,43.89,4.49,Medium,369.76,4.73
Cargo,Small,39.66,80.0,28.62,20.48,10.27,Medium,80.63,1.34
Cargo,Small,49.31,65.0,4.41,20.93,2.16,Low,341.28,8.36
Container,Large,194.37,80.0,10.76,26.36,4.99,Low,215.52,15.39
Cargo,Large,104.01,67.0,38.34,0.96,9.41,Medium,297.9,10.5
Container,Small,46.78,65.0,10.65,24.83,5.36,Low,449.18,8.73
Cargo,Small,46.0,97.0,11.86,14.55,2.01,Low,326.29,7.98
Container,Large,104.45,84.0,7.9,46.4,4.39,Medium,469.36,13.33
Container,Medium,51.51,86.0,5.16,4.39,2.45,Low,433.18,14.94
Tanker,Large,120.51,76.0,9.33,22.97,3.02,Low,64.45,14.22
Tanker,Large,111.92,96.0,25.69,47.37,5.48,Medium,5.83,7.68
Cargo,Medium,74.31,86.0,18.21,45.05,7.69,Medium,192.21,6.94
Container,Large,111.26,91.0,22.15,35.07,12.62,High,432.66,7.26
Passenger,Medium,71.98,75.0,4.89,29.47,2.09,Low,115.06,11.31
Passenger,Large,172.26,98.0,32.08,14.04,4.81,Medium,345.7,11.49
Tanker,Small,43.44,93.0,31.36,18.35,11.52,Medium,238.0,2.69
Tanker,Medium,94.21,94.0,0.86,4.51,0.4,Low,373.04,14.76
Passenger,Large,150.81,67.0,15.34,39.31,6.02,Medium,82.49,9.07
Container,Medium,91.72,71.0,2.75,16.19,2.0,Low,119.55,11.73
Passenger,Medium,78.97,71.0,31.68,33.39,7.36,Medium,121.26,5.82
Cargo,Medium,60.69,71.0,29.49,17.88,12.33,High,274.23,3.68
Container,Large,182.97,94.0,36.08,23.22,12.05,High,144.81,3.97
Tanker,Small,49.49,61.0,9.46,27.75,5.76,Medium,405.86,5.85
Passenger,Medium,97.13,63.0,18.25,40.09,10.93,Medium,173.4,6.53
Container,Small,21.56,71.0,7.38,10.56,2.7,Low,330.43,8.25
Passenger,Large,152.38,68.0,14.85,19.94,5.95,Medium,474.25,13.41
Cargo,Large,172.85,69.0,20.89,6.5,8.65,Medium,303.46,11.4
Cargo,Small,40.15,92.0,2.13,3.79,0.67,Low,121.08,6.76
Cargo,Large,184.11,83.0,28.59,30.23,6.96,Medium,415.23,11.82
Passenger,Medium,78.57,60.0,21.73,9.45,11.03,Medium,6.27,5.28
Passenger,Large,121.9,77.0,33.16,2.99,9.2,Medium,128.27,9.04
Tanker,Medium,70.34,76.0,10.87,44.85,3.34,Low,193.75,11.36
Container,Small,43.87,65.0,36.13,26.72,17.06,High,97.99,0.0
Container,Small,31.83,87.0,39.95,6.73,13.91,High,302.01,0.5
Cargo,Medium,68.0,88.0,36.77,2.67,6.29,Medium,279.0,7.87
Container,Small,32.18,89.0,31.12,5.99,3.79,Medium,203.25,3.38
Container,Large,171.92,89.0,32.49,23.57,8.22,Medium,147.19,8.95
Passenger,Medium,78.02,60.0,22.95,33.42,12.48,High,216.95,3.11
Passenger,Medium,53.91,98.0,7.61,32.06,5.21,Low,145.6,11.11
Container,Medium,79.5,93.0,27.08,7.22,6.44,Medium,110.63,6.56
Cargo,Small,32.32,96.0,28.51,31.67,13.97,High,175.64,0.0
Passenger,Medium,57.56,61.0,39.42,20.24,11.92,High,301.17,3.44
Cargo,Medium,77.43,97.0,21.65,23.24,8.99,Medium,324.2,8.4
Passenger,Medium,81.46,92.0,10.85,40.07,4.54,Medium,148.67,7.29
Tanker,Large,173.42,93.0,27.35,16.62,9.21,Medium,473.7,12.52
Tanker,Small,25.29,64.0,39.18,7.35,8.89,Medium,130.98,1.71
Cargo,Small,29.74,90.0,7.09,43.67,3.07,Low,356.07,7.83
Cargo,Large,165.91,98.0,13.04,10.61,2.56,Low,40.74,14.09
Container,Medium,62.0,87.0,21.68,14.7,5.42,Medium,332.42,9.0
Tanker,Large,123.37,83.0,6.81,35.33,5.11,Medium,229.97,11.14
Tanker,Medium,82.38,98.0,0.89,34.18,2.14,Low,284.55,13.1
Container,Small,35.94,78.0,13.48,40.02,7.81,Medium,92.04,2.06
Container,Small,27.29,84.0,34.61,9.19,7.14,Medium,216.78,2.94
Cargo,Small,27.52,79.0,1.74,17.61,1.36,Low,383.14,9.06
Container,Medium,95.55,97.0,17.16,6.29,5.05,Low,383.54,13.55
Tanker,Medium,88.35,63.0,30.49,27.05,9.12,Medium,118.78,5.81
Tanker,Medium,66.31,80.0,38.13,14.63,5.23,Medium,176.3,6.64
Tanker,Medium,82.77,87.0,39.42,34.45,14.09,High,1.91,0.0
Tanker,Large,108.24,92.0,16.88,0.02,2.18,Low,44.98,14.19
Container,Large,183.41,83.0,38.02,2.98,16.15,High,63.37,3.06
Passenger,Large,133.05,96.0,1.42,21.63,1.62,Low,146.83,15.6
Tanker,Large,105.79,98.0,29.84,47.91,9.59,High,379.51,6.39
Container,Small,43.96,63.0,25.71,44.54,11.45,High,255.13,0.23
Container,Small,43.43,76.0,9.98,49.7,4.41,Medium,396.3,5.43
Passenger,Small,32.36,61.0,20.29,20.84,5.22,Medium,377.45,5.22
Container,Medium,68.0,73.0,5.18,2.33,1.29,Low,293.57,13.7
Passenger,Medium,79.1,81.0,34.86,15.3,15.36,High,249.93,2.91
Passenger,Medium,74.01,96.0,14.32,33.79,4.33,Medium,465.66,10.43
Passenger,Large,135.58,94.0,25.04,6.76,8.48,Medium,284.64,11.01
Tanker,Small,44.53,65.0,6.35,15.0,1.89,Low,241.41,7.41
Cargo,Small,29.73,64.0,8.25,2.81,1.91,Low,434.56,9.49
Passenger,Small,38.12,84.0,39.68,23.75,8.89,Medium,35.72,0.41
Tanker,Large,166.18,81.0,30.12,10.45,11.31,Medium,328.01,10.83
Tanker,Large,152.73,71.0,38.48,4.56,12.18,High,56.51,3.33
Container,Large,180.06,96.0,11.83,20.56,5.62,Medium,409.91,12.93
Cargo,Large,168.16,97.0,6.58,17.56,2.11,Low,396.33,17.87
Container,Medium,73.19,76.0,20.12,26.88,3.43,Medium,251.8,8.23
Passenger,Large,194.0,96.0,19.79,37.45,9.24,Medium,330.52,11.04
Tanker,Small,45.0,75.0,7.0,5.63,1.3,Low,386.31,9.07
Cargo,Small,48.37,89.0,29.33,39.56,7.8,Medium,241.65,2.78
Tanker,Large,172.97,79.0,14.47,1.31,3.28,Low,452.98,18.25
Passenger,Small,31.42,65.0,7.45,22.16,4.08,Low,218.52,6.76
Passenger,Medium,94.74,97.0,13.28,29.37,6.12,Medium,446.01,10.2
Cargo,Large,191.49,78.0,22.55,47.85,6.31,Medium,291.37,10.6
Cargo,Medium,72.73,89.0,29.06,28.7,11.29,Medium,213.12,6.58
Tanker,Medium,65.17,75.0,19.28,7.94,7.79,Medium,2.05,5.72
Tanker,Medium,84.62,61.0,21.02,25.88,6.67,Medium,147.78,6.84
Cargo,Small,42.14,64.0,5.56,19.79,2.09,Low,433.96,9.26
Tanker,Large,193.14,80.0,36.59,23.97,14.8,High,214.36,4.35
Passenger,Medium,59.31,88.0,37.15,9.85,13.29,High,210.73,2.72
Passenger,Large,112.95,73.0,27.34,25.04,4.84,Medium,244.71,10.5
Container,Small,39.99,88.0,0.71,7.5,0.64,Low,143.15,6.98
Tanker,Small,48.51,88.0,21.48,37.2,8.21,Medium,245.78,3.22
Cargo,Medium,55.14,88.0,25.17,29.7,11.59,Medium,187.88,6.47
Container,Medium,54.06,80.0,39.79,3.93,7.21,Medium,454.72,9.36
Tanker,Medium,63.85,97.0,39.84,44.48,10.32,High,281.98,2.91
Container,Small,42.23,80.0,34.3,30.82,12.43,High,417.08,1.6
Passenger,Small,31.44,78.0,2.55,15.81,1.54,Low,343.44,8.64
Cargo,Large,170.59,68.0,38.13,2.28,9.82,Medium,106.3,8.53
Cargo,Large,146.3,72.0,24.51,31.61,11.35,Medium,433.83,11.75
Container,Large,160.45,62.0,32.04,18.67,11.38,Medium,43.64,7.72
Passenger,Medium,79.72,85.0,16.29,45.38,8.53,Medium,224.32,7.27
Container,Medium,96.05,70.0,12.79,1.74,2.15,Low,119.58,11.51
Cargo,Large,109.92,72.0,18.53,1.96,7.35,Medium,268.78,11.39
Tanker,Large,182.85,91.0,5.87,47.46,4.04,Low,150.02,14.65
Tanker,Small,48.14,73.0,14.28,48.24,4.03,Medium,361.41,4.93
Passenger,Small,43.97,70.0,34.3,1.39,6.72,Medium,468.46,5.67
Tanker,Medium,75.19,67.0,1.52,35.8,1.96,Low,354.54,13.76
Passenger,Small,44.85,91.0,6.04,11.07,2.26,Low,177.66,6.83
Passenger,Medium,67.01,65.0,5.0,35.07,2.91,Low,300.03,12.96
Tanker,Medium,57.57,78.0,16.12,43.44,10.15,Medium,444.26,9.35
Tanker,Small,40.72,80.0,39.88,5.04,18.09,High,135.01,0.0
Container,Medium,58.18,87.0,6.93,11.94,3.58,Low,59.1,10.85
Passenger,Medium,64.17,85.0,5.82,1.2,1.81,Low,65.38,11.36
Container,Large,136.09,92.0,36.6,2.19,15.59,High,247.43,5.04
Tanker,Small,21.59,62.0,35.28,1.48,7.37,Medium,366.07,4.53
Passenger,Small,45.79,72.0,1.29,40.03,2.42,Low,328.63,7.98
Cargo,Small,32.39,71.0,30.07,14.91,8.48,Medium,226.94,3.02
Container,Large,199.59,66.0,26.22,24.66,5.65,Medium,364.65,11.68
Passenger,Large,163.6,72.0,30.71,39.39,5.93,Medium,316.98,10.65
Cargo,Large,183.73,72.0,19.78,24.75,7.63,Medium,314.12,11.29
Cargo,Small,48.52,81.0,39.66,21.46,6.59,Medium,101.19,1.34
Passenger,Small,30.78,87.0,1.75,0.58,0.71,Low,156.29,7.19
Cargo,Medium,88.54,75.0,9.37,28.4,5.81,Medium,172.21,7.7
Container,Small,21.09,89.0,15.86,6.24,2.93,Low,404.1,8.63
Passenger,Small,48.96,73.0,17.99,38.23,7.1,Medium,387.56,4.9
Passenger,Small,35.1,72.0,36.85,12.89,15.22,High,126.34,0.0
Tanker,Medium,73.35,82.0,22.4,33.71,6.5,Medium,27.58,5.43
Cargo,Large,126.05,61.0,1.8,32.31,2.46,Low,383.89,17.66
Tanker,Medium,87.76,63.0,16.31,30.83,8.97,Medium,204.93,7.32
Container,Small,41.87,77.0,16.66,13.35,3.02,Low,109.9,5.5
Cargo,Small,28.73,98.0,38.62,13.35,4.95,Medium,58.51,1.29
Tanker,Small,37.7,89.0,23.97,43.15,13.92,High,6.41,0.0
Container,Medium,98.6,64.0,25.43,0.64,12.3,Medium,213.86,7.22
Container,Large,153.5,94.0,28.53,9.08,8.13,Medium,169.88,9.68
Passenger,Medium,86.66,89.0,30.8,30.51,5.23,Medium,348.24,8.41
Passenger,Medium,66.8,84.0,25.4,40.85,10.87,High,488.33,5.71
Tanker,Medium,94.22,93.0,9.49,17.92,2.96,Low,103.39,11.1
Tanker,Small,44.46,76.0,34.96,32.67,18.23,High,121.52,0.0
Passenger,Small,34.31,69.0,29.28,27.86,13.63,High,168.65,0.0
Passenger,Large,168.26,80.0,29.67,3.23,10.84,Medium,232.97,10.1
Cargo,Small,38.44,82.0,39.86,31.09,10.08,High,348.85,0.87
Container,Medium,80.18,82.0,32.1,40.7,14.25,High,176.02,1.92
Cargo,Medium,75.23,83.0,33.17,49.62,9.63,High,52.1,0.91
Container,Large,115.93,98.0,38.06,1.48,4.45,Medium,365.17,11.67
Container,Small,24.04,96.0,6.05,33.0,3.49,Low,397.32,8.46
Container,Medium,75.44,95.0,19.91,20.73,6.92,Medium,123.82,6.74
Cargo,Large,196.2,92.0,23.22,0.49,9.43,Medium,68.38,8.97
Passenger,Medium,92.77,98.0,13.17,30.72,7.41,Medium,263.9,8.23
Cargo,Large,172.23,64.0,33.58,6.12,8.43,Medium,104.16,8.8
Cargo,Large,109.74,71.0,30.5,18.93,9.48,Medium,187.08,9.42
Tanker,Small,36.67,80.0,28.84,13.07,8.96,Medium,388.68,4.69
Cargo,Medium,67.79,94.0,39.89,18.06,10.07,Medium,109.8,5.34
Cargo,Small,21.08,80.0,10.38,24.63,5.36,Low,403.13,8.28
Cargo,Medium,56.43,90.0,29.42,17.96,9.98,Medium,337.01,8.14
Passenger,Large,133.26,66.0,22.06,27.64,11.65,Medium,109.86,8.68
Container,Medium,58.43,70.0,12.52,11.93,5.11,Low,263.2,12.46
Cargo,Medium,93.79,89.0,6.42,31.77,2.77,Low,307.04,13.04
Cargo,Large,160.66,67.0,35.84,42.69,8.08,Medium,100.14,7.95
Container,Large,136.58,74.0,23.82,11.2,6.49,Medium,72.47,9.06
Passenger,Small,24.96,71.0,33.0,25.39,9.15,Medium,265.58,2.98
Cargo,Medium,76.75,74.0,21.81,32.43,7.35,Medium,346.92,8.6
Container,Medium,87.26,88.0,8.8,28.23,2.94,Low,232.53,12.23
Passenger,Medium,55.79,75.0,13.5,18.28,7.55,Medium,35.02,6.15
Container,Small,49.67,82.0,15.26,32.11,4.02,Medium,462.61,6.22
Passenger,Small,27.75,64.0,38.92,1.41,14.12,High,347.48,1.09
Tanker,Large,118.18,92.0,0.23,18.5,0.95,Low,310.6,17.43
Passenger,Large,140.74,75.0,39.43,26.63,11.69,High,321.81,5.54
Cargo,Medium,71.68,86.0,39.22,1.03,8.82,Medium,199.3,6.73
Container,Large,116.59,89.0,39.85,25.38,11.34,High,492.2,7.29
Container,Medium,79.75,68.0,19.06,32.71,7.34,Medium,66.34,5.92
Cargo,Small,47.42,95.0,38.55,37.96,15.01,High,369.57,0.51
Tanker,Large,139.35,85.0,15.82,5.67,5.56,Low,210.44,15.44
Container,Medium,93.33,77.0,1.05,49.53,2.85,Low,440.55,14.28
Passenger,Large,183.0,67.0,8.97,30.31,5.44,Medium,358.63,12.39
Passenger,Large,185.5,98.0,37.81,18.16,18.1,High,281.13,4.75
Container,Large,124.14,90.0,0.55,12.45,0.84,Low,468.85,19.13
Tanker,Medium,56.87,68.0,21.84,28.64,4.31,Medium,456.22,10.07
Passenger,Medium,99.39,74.0,3.02,44.09,3.67,Low,26.17,10.06
Tanker,Large,173.89,92.0,11.46,26.03,6.79,Medium,96.29,9.59
Tanker,Large,102.77,88.0,3.52,33.07,3.01,Low,338.02,17.04
Passenger,Large,174.17,91.0,34.38,17.88,11.45,High,460.92,7.39
Passenger,Medium,92.19,78.0,23.64,19.41,5.7,Medium,215.17,7.61
Container,Medium,61.93,89.0,36.08,14.31,15.24,High,19.15,0.58
Passenger,Large,124.78,75.0,27.53,35.28,14.18,High,321.65,5.72
Passenger,Small,43.95,68.0,38.84,17.96,15.12,High,97.34,0.0
Tanker,Large,148.38,85.0,20.4,9.54,7.65,Medium,276.16,11.19
Passenger,Small,45.23,99.0,25.55,18.47,5.45,Medium,192.34,3.13
Container,Small,25.03,72.0,23.05,42.69,7.74,Medium,279.01,3.41
Container,Small,26.36,78.0,19.37,36.91,9.39,Medium,466.22,5.42
Passenger,Large,170.99,87.0,33.84,16.73,4.45,Medium,242.9,10.36
Tanker,Large,185.54,82.0,25.78,45.34,11.46,High,17.26,2.83
Container,Large,144.04,94.0,32.05,3.74,13.22,High,290.46,5.91
Cargo,Large,141.0,90.0,31.45,2.49,7.48,Medium,162.87,9.66
Tanker,Medium,53.72,62.0,7.64,6.37,1.32,Low,389.07,14.45
Cargo,Small,28.7,100.0,26.01,5.82,11.41,Medium,234.96,3.19
Tanker,Large,168.51,90.0,7.99,4.39,1.47,Low,370.69,17.87
Passenger,Large,198.32,95.0,23.33,33.07,7.45,Medium,454.41,12.37
Cargo,Medium,66.64,86.0,27.1,30.04,11.88,High,181.14,2.67
Tanker,Small,30.96,94.0,39.89,32.38,18.64,High,494.69,1.44
Passenger,Small,30.07,64.0,1.22,34.42,2.26,Low,74.91,5.57
Container,Medium,86.69,74.0,3.65,37.84,3.03,Low,321.97,13.18
Tanker,Large,133.89,95.0,3.08,10.36,1.41,Low,17.38,14.47
Container,Medium,66.1,68.0,15.93,31.12,8.55,Medium,106.53,6.39
Container,Large,140.45,63.0,32.86,29.0,12.14,High,316.89,5.73
Tanker,Medium,77.78,92.0,33.76,47.18,13.55,High,23.1,0.24
Container,Small,48.2,93.0,29.48,11.62,8.65,Medium,50.89,1.34
Passenger,Small,35.41,67.0,35.88,2.94,9.09,Medium,145.51,2.09
Passenger,Small,33.37,94.0,12.91,32.67,5.41,Medium,287.82,4.44
Tanker,Large,184.13,87.0,3.53,37.01,2.72,Low,7.99,13.69
Tanker,Small,20.07,81.0,2.33,14.16,1.26,Low,241.18,7.69
Container,Large,167.08,93.0,34.09,28.54,18.39,High,312.87,5.01
Passenger,Medium,69.06,77.0,29.22,2.98,7.0,Medium,201.26,7.39
Tanker,Large,120.53,68.0,27.94,48.0,8.06,Medium,33.82,7.58
Tanker,Medium,98.13,71.0,13.59,5.5,3.56,Low,305.44,13.11
Cargo,Large,142.45,80.0,15.2,3.38,5.28,Low,302.92,16.47
Tanker,Large,155.67,81.0,38.32,2.21,17.91,High,253.02,4.78
Passenger,Small,25.57,92.0,2.55,21.36,2.13,Low,346.57,8.5
Cargo,Large,150.97,92.0,30.95,4.86,13.76,High,103.9,4.02
Passenger,Medium,84.29,83.0,12.39,37.23,7.36,Medium,339.27,8.89
Tanker,Large,120.16,91.0,1.56,44.94,2.98,Low,80.73,14.33
Cargo,Small,25.33,68.0,29.7,13.01,6.41,Medium,196.35,2.98
Passenger,Medium,55.59,62.0,13.24,31.44,5.32,Medium,33.78,6.11
Passenger,Small,24.9,95.0,28.89,2.12,7.45,Medium,409.56,5.26
Cargo,Medium,87.18,63.0,28.31,19.33,8.12,Medium,269.12,7.68
Cargo,Small,49.35,70.0,21.39,14.65,8.45,Medium,485.52,6.05
Container,Small,20.58,88.0,31.09,11.43,8.68,Medium,471.16,5.46
Cargo,Small,24.13,76.0,23.24,32.24,9.67,Medium,499.28,5.62
Cargo,Medium,92.48,95.0,11.47,6.51,3.23,Low,50.63,10.68
Tanker,Large,134.67,72.0,29.36,43.04,8.74,Medium,303.29,10.23
Passenger,Small,37.98,60.0,23.57,33.24,7.35,Medium,203.79,2.86
Cargo,Medium,50.87,72.0,0.51,35.54,1.99,Low,266.33,12.93
Cargo,Small,40.91,83.0,36.07,46.77,14.62,High,154.38,0.0
Container,Medium,50.48,75.0,21.83,47.12,13.04,High,24.03,0.9
Passenger,Small,23.45,81.0,34.75,27.58,16.43,High,353.88,0.61
Container,Large,169.61,95.0,35.31,24.77,11.63,High,482.91,7.41
Cargo,Large,188.99,96.0,17.8,16.77,4.34,Low,266.19,15.8
Container,Small,31.36,71.0,20.31,35.78,9.29,Medium,164.79,2.39
Container,Medium,68.23,78.0,16.63,26.91,7.84,Medium,469.14,10.14
Tanker,Large,152.97,82.0,17.98,46.64,7.47,Medium,182.33,9.64
Container,Medium,70.78,98.0,35.81,11.93,7.47,Medium,457.26,9.4
Container,Small,20.16,100.0,31.53,15.51,10.96,Medium,427.85,4.7
Tanker,Medium,52.02,69.0,5.06,15.8,1.81,Low,264.36,13.09
Tanker,Small,23.79,89.0,24.41,40.3,13.63,High,338.44,0.99
Passenger,Medium,92.4,75.0,39.84,4.95,14.25,High,350.16,3.99
Tanker,Small,46.78,60.0,23.82,22.78,6.3,Medium,320.55,4.33
Passenger,Medium,78.39,60.0,31.43,21.38,6.92,Medium,80.37,5.71
Tanker,Large,164.47,78.0,30.76,3.66,12.08,Medium,346.39,11.04
Passenger,Large,159.43,80.0,14.01,20.54,6.39,Medium,1.61,8.67
Passenger,Small,47.48,61.0,14.87,25.67,6.32,Medium,355.02,5.06
Container,Small,35.83,87.0,28.96,3.26,10.18,Medium,277.42,3.64
Container,Large,153.89,72.0,20.0,25.49,8.11,Medium,129.88,9.38
Cargo,Small,34.04,82.0,22.82,47.96,7.97,Medium,401.88,4.52
Container,Small,24.75,72.0,28.52,48.95,15.99,High,202.64,0.0
Container,Small,31.45,67.0,31.1,26.58,10.4,Medium,242.89,2.7
Tanker,Medium,96.63,76.0,10.86,25.75,2.46,Low,13.84,10.03
Passenger,Small,21.83,69.0,5.87,14.28,2.12,Low,200.66,7.02
Container,Medium,50.85,81.0,11.67,49.86,4.27,Medium,83.68,6.43
Passenger,Small,32.52,68.0,20.3,13.71,5.67,Medium,138.07,2.92
Cargo,Small,25.3,80.0,13.69,22.65,5.83,Medium,126.07,2.94
Tanker,Large,178.67,66.0,22.73,0.15,2.49,Low,23.01,13.64
Passenger,Small,43.86,87.0,2.14,17.46,1.83,Low,230.25,7.46
Cargo,Small,49.29,90.0,20.39,3.57,7.2,Medium,261.3,4.2
Container,Large,101.61,64.0,14.72,37.19,5.07,Medium,285.53,11.27
Container,Large,122.56,79.0,21.39,28.05,6.2,Medium,231.11,10.46
Cargo,Small,32.38,63.0,16.9,28.61,6.27,Medium,434.76,5.7
Container,Medium,77.52,84.0,11.37,14.33,2.98,Low,18.84,10.24
Tanker,Large,101.66,71.0,36.16,40.74,5.72,Medium,306.9,10.27
Cargo,Medium,83.26,81.0,7.39,0.16,0.83,Low,433.07,15.08
Container,Small,32.73,81.0,27.25,16.68,7.46,Medium,20.52,1.16
Passenger,Medium,99.19,97.0,36.99,32.97,7.19,Medium,248.15,6.85
Passenger,Large,140.95,82.0,21.55,45.4,4.62,Medium,294.51,10.9
Tanker,Medium,51.64,83.0,35.06,11.73,16.14,High,95.45,1.35
Passenger,Medium,75.45,76.0,4.99,27.06,2.4,Low,126.25,11.43
Container,Medium,76.6,98.0,19.75,26.9,7.29,Medium,392.8,9.27
Container,Large,126.07,91.0,18.28,43.71,5.33,Medium,283.7,10.92
Container,Medium,62.29,71.0,0.32,2.53,0.16,Low,157.89,12.7
Passenger,Large,153.34,94.0,17.73,21.22,8.12,Medium,382.38,12.1
Passenger,Medium,71.03,77.0,14.76,9.12,2.67,Low,373.36,13.75
Tanker,Medium,50.74,93.0,26.79,1.08,3.01,Low,172.7,11.26
Passenger,Medium,87.53,93.0,37.53,7.35,12.94,High,244.32,3.13
Cargo,Large,160.07,68.0,3.43,48.82,2.8,Low,332.26,16.69
Passenger,Small,35.67,88.0,13.1,10.74,4.13,Low,171.62,6.23
Cargo,Large,153.62,72.0,17.76,46.75,6.17,Medium,314.5,11.1
Cargo,Small,22.63,72.0,18.21,10.26,4.66,Low,125.54,5.47
Cargo,Medium,80.57,72.0,30.99,46.56,5.48,Medium,146.01,6.03
Cargo,Medium,94.26,89.0,17.74,32.73,10.25,Medium,155.34,6.59
Passenger,Medium,64.48,69.0,1.09,5.66,0.62,Low,468.03,15.65
Passenger,Large,171.15,60.0,28.4,29.1,10.8,Medium,416.84,11.49
Container,Large,171.65,89.0,35.39,15.93,13.77,High,282.58,5.36
Container,Medium,90.36,67.0,20.56,19.16,9.57,Medium,281.94,8.05
Passenger,Small,43.73,64.0,23.24,22.01,9.08,Medium,28.07,1.17
Tanker,Small,21.96,70.0,6.52,21.14,3.7,Low,324.75,7.93
Tanker,Medium,92.0,75.0,8.83,33.21,4.13,Low,164.06,11.32
Cargo,Large,125.33,79.0,9.41,38.42,4.26,Low,306.15,16.2
Tanker,Large,150.69,62.0,17.23,16.46,8.22,Medium,420.12,12.59
Cargo,Medium,95.31,99.0,37.13,46.22,18.88,High,22.75,0.0
Passenger,Small,47.94,89.0,20.87,46.92,5.58,Medium,303.53,3.9
Container,Large,177.66,73.0,7.68,2.03,2.54,Low,282.1,16.94
Passenger,Large,164.51,73.0,10.64,0.75,4.01,Low,103.38,14.89
Passenger,Large,135.86,78.0,15.36,21.25,3.11,Low,323.22,16.53
Container,Medium,83.02,85.0,24.93,29.53,13.24,High,277.42,3.61
Cargo,Medium,90.96,66.0,17.6,13.9,6.12,Medium,383.66,9.67
Cargo,Medium,66.37,68.0,15.7,12.97,6.27,Medium,55.31,6.48
Passenger,Small,28.58,94.0,22.59,33.92,5.57,Medium,221.8,3.25
Container,Small,34.12,70.0,9.67,30.09,3.49,Low,498.97,9.36
Passenger,Large,180.05,75.0,3.16,8.36,0.89,Low,344.64,17.83
Tanker,Small,20.33,95.0,0.98,44.23,2.41,Low,342.15,8.05
Passenger,Small,48.7,87.0,10.05,34.0,4.68,Medium,158.94,3.34
Container,Medium,78.49,74.0,3.66,18.13,2.49,Low,46.94,10.87
Tanker,Large,111.49,87.0,13.45,34.18,5.93,Medium,474.75,13.2
Container,Medium,64.89,61.0,30.92,5.63,6.4,Medium,52.74,5.83
Passenger,Small,28.53,89.0,28.65,23.41,4.55,Medium,496.35,6.01
Passenger,Medium,54.73,79.0,24.44,8.45,8.95,Medium,62.89,5.94
Cargo,Small,39.61,93.0,34.1,2.07,9.24,Medium,85.45,1.58
Passenger,Medium,60.54,98.0,11.28,16.92,6.42,Medium,154.18,7.6
Tanker,Small,38.72,97.0,35.4,7.54,14.96,High,256.19,0.15
Cargo,Small,30.62,96.0,15.97,31.68,8.34,Medium,395.2,5.09
Container,Medium,77.39,80.0,16.04,33.7,3.37,Low,485.5,14.24
Tanker,Large,159.88,74.0,16.21,7.43,7.04,Medium,179.41,10.53
Tanker,Large,168.17,79.0,3.92,1.23,0.76,Low,10.21,14.61
Container,Medium,53.63,88.0,39.02,39.64,15.03,High,308.34,2.84
Passenger,Medium,93.15,95.0,5.54,0.1,1.55,Low,355.39,14.32
Container,Small,39.86,68.0,13.64,17.2,5.34,Low,198.72,6.23
Container,Small,46.2,97.0,12.77,24.73,3.2,Low,91.74,5.26
Container,Medium,95.93,93.0,2.99,40.93,2.89,Low,153.01,11.47
Passenger,Large,164.51,99.0,6.09,41.93,2.8,Low,327.9,16.66
Tanker,Medium,99.27,95.0,1.79,36.25,2.02,Low,247.09,12.65
Container,Large,108.89,71.0,11.7,12.36,4.87,Low,371.71,17.2
Cargo,Small,43.42,64.0,34.67,36.01,18.47,High,109.09,0.0
Tanker,Small,44.81,64.0,13.58,12.33,6.2,Medium,420.99,6.06
Container,Large,197.91,72.0,4.95,10.73,1.96,Low,77.94,14.92
Cargo,Small,48.57,85.0,25.83,27.36,4.53,Medium,164.96,2.76
Passenger,Large,139.43,92.0,39.86,33.94,6.4,Medium,295.6,10.04
Tanker,Medium,80.58,96.0,9.29,2.65,1.65,Low,368.43,14.2
Cargo,Small,49.05,85.0,11.18,3.0,5.63,Low,133.09,5.95
Tanker,Large,169.97,60.0,38.87,39.21,12.05,High,474.06,6.81
Container,Medium,67.81,67.0,7.15,42.97,5.28,Medium,353.06,9.39
Passenger,Small,27.41,64.0,20.45,30.22,9.32,Medium,108.84,1.93
Cargo,Large,144.79,75.0,9.59,21.44,4.35,Low,362.88,17.09
Passenger,Small,46.55,80.0,37.29,42.27,19.98,High,348.17,0.0
Cargo,Small,48.72,62.0,39.26,36.44,9.37,High,376.34,1.13
Passenger,Large,138.11,74.0,32.59,28.98,10.64,High,457.94,7.31
Passenger,Large,112.22,67.0,12.59,15.99,6.41,Medium,355.86,12.37
Passenger,Large,111.22,86.0,16.14,9.9,5.67,Low,175.96,14.99
Cargo,Small,28.47,79.0,9.69,20.93,2.97,Low,395.26,8.55
Passenger,Small,44.52,80.0,35.63,14.34,7.26,Medium,347.93,4.08
Tanker,Large,194.72,77.0,36.58,16.96,15.52,High,287.13,5.15
Tanker,Small,29.91,98.0,16.75,25.78,3.05,Low,176.92,5.91
Passenger,Large,164.39,69.0,26.26,8.45,12.65,Medium,460.52,12.26
Container,Medium,72.61,81.0,6.62,40.31,2.73,Low,256.38,12.35
Container,Medium,64.38,89.0,17.4,7.28,6.5,Medium,314.05,9.07
Passenger,Large,103.9,82.0,25.26,24.05,9.84,Medium,207.68,9.75
Container,Medium,93.79,97.0,15.42,37.3,6.97,Medium,390.41,9.29
Container,Medium,65.17,75.0,14.3,24.25,5.36,Medium,170.52,7.57
Container,Small,48.87,79.0,0.04,18.05,0.92,Low,405.32,9.4
Passenger,Large,190.88,64.0,32.17,23.74,12.89,High,53.97,3.17
Tanker,Large,112.1,84.0,35.57,42.43,16.8,High,354.48,5.24
Container,Large,162.5,72.0,38.78,49.52,8.15,High,238.44,4.64
Tanker,Large,138.58,66.0,28.77,31.56,5.03,Medium,349.38,11.32
Container,Medium,97.66,82.0,21.95,39.67,4.43,Medium,265.7,7.92
Tanker,Small,26.58,81.0,10.77,0.72,1.75,Low,67.15,5.74
Passenger,Large,175.55,63.0,39.97,44.02,16.86,High,238.5,3.82
Passenger,Small,41.55,88.0,23.59,47.7,9.41,Medium,482.28,5.15
Passenger,Small,48.56,85.0,27.25,28.76,12.36,High,377.42,1.6
Container,Large,154.1,68.0,27.3,37.69,6.71,Medium,150.09,9.11
Passenger,Medium,82.94,79.0,33.81,25.64,9.63,Medium,472.06,9.15
Container,Large,117.87,89.0,0.39,14.31,0.89,Low,389.47,18.3
Container,Large,180.5,81.0,8.81,42.61,6.31,Medium,182.22,10.3
Cargo,Medium,58.21,76.0,26.62,29.84,13.97,High,301.79,3.69
Cargo,Small,33.32,73.0,35.81,28.97,16.75,High,213.34,0.0
Container,Medium,64.56,84.0,27.41,32.96,11.93,High,48.35,1.26
Tanker,Large,150.99,98.0,16.54,42.8,9.84,Medium,403.01,11.76
Passenger,Medium,64.17,87.0,14.46,36.6,7.41,Medium,95.54,6.36
Container,Medium,50.16,63.0,29.52,10.56,14.74,High,229.02,3.13
Cargo,Medium,89.2,78.0,29.65,23.34,4.43,Medium,351.32,8.72
Tanker,Small,38.08,96.0,24.28,49.01,13.83,High,466.11,2.08
Tanker,Medium,82.9,64.0,11.66,27.73,5.14,Medium,31.36,6.26
Cargo,Medium,63.17,100.0,37.01,46.91,7.7,Medium,196.62,6.01
Cargo,Large,185.95,98.0,22.08,40.67,6.14,Medium,307.32,10.94
Passenger,Small,33.53,63.0,31.62,33.3,15.61,High,389.65,1.09
Cargo,Large,190.62,97.0,8.57,17.47,3.47,Low,460.47,18.28
Container,Large,164.96,75.0,13.76,15.22,7.55,Medium,0.25,8.66
Tanker,Small,40.22,94.0,34.98,32.17,6.75,Medium,313.88,3.47
Container,Large,184.61,77.0,2.0,21.63,1.61,Low,3.47,14.14
Cargo,Large,167.92,78.0,20.49,39.94,6.77,Medium,393.63,11.84
Passenger,Large,187.03,85.0,19.27,38.02,7.81,Medium,74.83,8.64
Passenger,Large,155.76,91.0,30.05,15.61,11.4,Medium,447.31,11.92
Container,Small,38.02,61.0,11.28,35.14,5.87,Medium,77.56,2.32
Cargo,Large,171.3,84.0,8.76,24.73,2.12,Low,382.16,17.48
Tanker,Medium,68.55,67.0,37.05,16.16,5.83,Medium,144.65,6.29
Cargo,Medium,80.48,74.0,22.87,20.65,3.64,Medium,278.63,8.47
Passenger,Small,47.64,74.0,4.19,44.77,4.11,Low,304.22,7.33
Cargo,Small,42.98,79.0,7.72,17.98,2.64,Low,103.38,5.82
Tanker,Small,26.87,73.0,39.95,14.37,10.58,High,149.35,0.0
Cargo,Small,42.44,64.0,7.82,17.59,3.07,Low,53.75,5.29
Tanker,Small,28.69,66.0,24.42,10.73,11.27,Medium,2.64,0.86
Cargo,Large,139.69,61.0,16.81,27.23,3.14,Low,119.73,14.3
Passenger,Small,40.3,79.0,35.42,7.37,5.59,Medium,258.0,3.5
Passenger,Small,45.92,98.0,30.21,40.87,13.34,High,356.8,0.91
Container,Small,33.55,65.0,23.88,11.28,12.16,Medium,396.78,4.73
Container,Small,48.24,98.0,0.43,29.9,1.65,Low,34.88,5.36
Cargo,Medium,95.38,89.0,35.19,6.25,7.51,Medium,136.21,6.33
Cargo,Medium,55.74,85.0,17.79,48.92,7.92,Medium,385.11,8.79
Cargo,Small,32.21,86.0,37.26,22.73,19.39,High,240.43,0.0
Container,Small,23.54,93.0,19.82,41.11,8.22,Medium,91.09,1.68
Container,Large,121.03,64.0,27.77,38.43,8.85,Medium,196.11,9.32
Passenger,Large,110.51,80.0,2.77,35.68,2.49,Low,135.02,15.05
Container,Medium,79.28,88.0,29.81,41.37,16.58,High,25.33,0.28
Container,Medium,63.49,83.0,13.52,5.02,5.49,Low,381.81,13.69
Tanker,Medium,92.03,93.0,14.05,33.92,6.96,Medium,145.85,6.98
Cargo,Small,40.75,63.0,4.75,13.29,1.58,Low,472.57,9.86
Container,Small,48.29,88.0,5.87,39.29,3.87,Low,444.06,8.77
Cargo,Small,21.2,81.0,7.43,47.84,4.2,Medium,358.14,5.23
Passenger,Small,41.89,75.0,13.13,45.07,4.83,Medium,163.32,2.99
Container,Large,105.76,74.0,35.68,5.75,16.64,High,139.96,3.84
Cargo,Large,162.28,85.0,14.73,18.48,4.65,Low,237.64,15.61
Tanker,Medium,82.62,96.0,28.97,18.22,7.08,Medium,177.3,6.85
Passenger,Large,189.29,80.0,3.31,6.11,1.87,Low,450.58,18.83
Passenger,Large,147.12,93.0,23.64,4.91,4.48,Low,61.75,13.69
Container,Medium,91.12,76.0,19.28,19.24,8.64,Medium,362.23,9.01
Container,Medium,56.86,64.0,39.12,49.6,16.61,High,305.45,2.45
Tanker,Small,22.43,62.0,33.85,28.45,17.27,High,403.15,1.04
Cargo,Medium,96.66,62.0,18.19,31.09,9.43,Medium,271.24,7.84
Cargo,Medium,98.0,75.0,31.01,23.55,13.03,High,314.77,3.82
Cargo,Large,189.22,73.0,7.72,33.12,3.4,Low,481.37,18.23
Cargo,Large,105.63,89.0,22.49,47.83,9.1,Medium,45.98,7.87
Tanker,Large,133.62,90.0,2.98,29.43,2.9,Low,52.43,14.3
Cargo,Small,33.92,62.0,13.92,3.25,1.68,Low,196.8,6.84
Passenger,Large,181.38,69.0,9.03,24.64,5.0,Low,236.37,15.72
Tanker,Medium,74.65,71.0,28.76,49.64,8.25,Medium,99.94,5.34
Container,Small,41.06,82.0,19.6,19.37,4.38,Medium,41.33,2.01
Tanker,Small,32.6,66.0,30.04,29.69,7.28,Medium,11.09,0.69
Cargo,Small,42.24,65.0,20.61,5.33,2.82,Low,382.3,8.2
Container,Medium,75.25,98.0,3.46,7.06,2.07,Low,242.53,13.1
Container,Small,36.05,92.0,29.41,43.73,15.36,High,421.7,1.34
Container,Small,27.18,67.0,33.33,15.02,11.03,Medium,180.42,2.13
Tanker,Small,42.57,76.0,36.14,15.27,14.72,High,351.72,0.93
Cargo,Large,138.94,74.0,22.88,19.36,8.35,Medium,244.26,10.48
Container,Small,48.11,92.0,30.14,48.32,15.21,High,306.03,0.07
Passenger,Large,117.71,80.0,30.08,4.22,13.38,Medium,185.1,9.32
Tanker,Large,158.13,65.0,6.23,40.94,3.25,Low,40.58,13.75
Tanker,Small,26.42,90.0,6.57,17.08,2.72,Low,473.69,9.59
Cargo,Large,100.16,76.0,2.84,42.47,3.13,Low,418.04,17.68
Container,Medium,96.47,71.0,12.8,49.59,8.77,Medium,155.95,6.65
Container,Medium,70.06,75.0,18.94,17.43,7.94,Medium,479.35,10.3
Container,Medium,95.04,80.0,39.92,6.47,18.65,High,150.24,1.51
Cargo,Large,112.79,74.0,17.24,7.22,7.92,Medium,221.5,10.82
Tanker,Small,26.02,70.0,29.05,37.94,11.57,High,377.57,1.41
Passenger,Large,176.54,76.0,27.74,7.25,13.05,Medium,154.5,9.11
Passenger,Large,189.49,61.0,8.18,13.02,2.7,Low,162.25,15.48
Cargo,Small,43.58,91.0,2.34,10.22,1.1,Low,205.04,7.42
Cargo,Small,45.95,67.0,21.84,17.78,9.9,Medium,234.19,3.3
Cargo,Small,21.15,62.0,28.01,3.72,4.49,Medium,61.81,2.09
Passenger,Small,25.36,86.0,39.93,42.84,11.02,High,8.75,0.0
Container,Medium,73.62,91.0,14.34,43.01,7.08,Medium,459.58,9.91
Cargo,Large,191.61,93.0,35.85,20.65,10.64,Medium,176.59,8.9
Passenger,Medium,64.14,80.0,15.28,30.6,8.81,Medium,50.84,5.85
Passenger,Medium,69.68,68.0,27.58,32.1,14.94,High,379.59,4.28
Container,Large,158.24,89.0,23.93,37.46,9.08,Medium,147.53,9.02
Cargo,Large,162.72,88.0,2.12,26.03,1.97,Low,90.83,14.88
Cargo,Large,126.2,70.0,3.14,25.52,2.5,Low,481.31,18.7
Passenger,Small,27.35,96.0,0.83,31.57,1.81,Low,460.27,9.55
Passenger,Medium,85.77,64.0,14.83,35.15,4.37,Medium,52.87,6.25
Tanker,Small,21.22,99.0,29.83,17.33,12.76,High,449.64,2.38
Container,Large,103.41,94.0,6.91,16.52,3.56,Low,445.43,18.22
Container,Large,137.07,88.0,24.23,13.49,5.47,Medium,317.19,11.54
Cargo,Medium,57.3,98.0,11.55,27.44,6.38,Medium,264.87,8.48
Container,Large,124.95,89.0,31.88,18.01,11.91,High,108.72,3.94
Cargo,Medium,59.96,68.0,31.94,27.02,7.56,Medium,60.69,5.31
Tanker,Medium,63.84,78.0,31.02,20.3,12.21,High,303.18,3.85
Cargo,Medium,99.11,63.0,20.99,41.84,6.15,Medium,410.98,9.21
Tanker,Small,31.79,76.0,11.38,3.66,2.53,Low,344.32,8.35
Container,Small,34.86,90.0,32.38,28.61,15.65,High,90.4,0.0
Tanker,Medium,65.23,75.0,7.44,28.78,4.95,Low,145.01,11.21
Container,Large,152.77,73.0,11.59,19.19,3.31,Low,273.21,16.24
Container,Small,21.81,84.0,7.36,21.05,4.52,Low,312.5,7.68
Tanker,Medium,77.75,95.0,26.97,40.01,7.27,Medium,36.13,5.09
Cargo,Medium,92.78,62.0,27.45,14.03,4.73,Medium,307.03,8.54
Container,Medium,71.41,75.0,26.1,43.57,5.4,Medium,368.16,8.57
Container,Large,192.35,66.0,16.62,44.82,5.51,Medium,90.68,9.03
Cargo,Small,43.57,88.0,4.01,32.53,2.65,Low,123.11,5.91
Cargo,Small,35.79,64.0,36.45,38.64,19.1,High,129.45,0.0
Cargo,Large,151.75,87.0,20.31,30.65,5.53,Medium,469.91,12.92
Cargo,Medium,76.34,71.0,16.28,26.26,5.32,Medium,203.51,7.76
Tanker,Large,144.64,68.0,23.55,48.33,11.69,High,265.29,5.34
Container,Small,28.5,97.0,7.71,14.13,2.41,Low,362.16,8.51
Passenger,Medium,71.57,61.0,5.3,7.71,2.37,Low,185.73,12.4
Tanker,Small,27.67,78.0,16.22,14.37,5.14,Low,52.78,4.72
Tanker,Small,42.73,61.0,9.09,30.73,3.16,Low,327.16,7.69
Tanker,Large,179.47,79.0,9.77,9.26,4.31,Low,333.64,17.03
Tanker,Medium,95.41,80.0,35.7,45.44,6.23,Medium,130.27,5.59
Passenger,Large,191.41,73.0,21.23,20.55,5.63,Medium,17.61,8.54
Container,Small,47.08,65.0,19.34,42.5,6.81,Medium,332.68,4.23
Container,Small,38.81,75.0,27.58,12.46,8.44,Medium,351.71,4.44
Cargo,Medium,52.71,87.0,38.06,15.66,14.94,High,13.03,0.42
Cargo,Large,114.55,91.0,4.49,2.96,1.42,Low,346.59,17.84
Passenger,Medium,86.48,81.0,33.34,12.89,11.9,Medium,469.46,9.18
Container,Medium,60.6,84.0,23.36,24.52,9.13,Medium,89.39,5.92
Cargo,Medium,54.05,68.0,5.85,47.31,3.82,Low,260.66,12.19
Passenger,Small,41.89,71.0,11.89,19.45,6.6,Medium,348.39,5.24
Cargo,Medium,54.21,66.0,19.29,31.99,10.9,Medium,115.04,6.06
Passenger,Medium,54.92,70.0,27.65,21.39,10.27,Medium,375.77,8.52
Cargo,Medium,83.35,69.0,9.7,2.34,1.37,Low,434.04,14.87
Tanker,Small,31.46,81.0,21.4,25.18,7.6,Medium,407.28,5.14
Tanker,Small,33.84,83.0,27.39,3.3,4.92,Medium,129.45,2.77
Container,Large,172.67,98.0,17.95,44.18,7.47,Medium,402.11,11.89
Tanker,Medium,96.76,68.0,34.52,37.65,7.94,Medium,206.67,6.39
Passenger,Large,128.88,86.0,34.78,18.93,14.22,High,133.23,3.79
Cargo,Small,21.45,93.0,18.83,32.01,4.09,Medium,83.99,2.25
Tanker,Medium,91.09,82.0,38.92,5.6,19.01,High,454.49,4.59
Passenger,Medium,79.93,70.0,3.02,35.13,2.29,Low,213.45,12.25
Cargo,Medium,57.38,71.0,0.13,41.14,2.1,Low,432.87,14.49
Container,Large,182.6,62.0,15.23,41.09,9.16,Medium,79.77,8.7
Passenger,Small,45.62,72.0,24.04,14.21,5.5,Medium,383.5,5.2
Cargo,Medium,64.46,90.0,25.17,13.19,12.58,Medium,55.01,5.37
Container,Large,181.73,62.0,19.06,26.07,6.17,Medium,8.78,8.4
Cargo,Large,114.64,69.0,5.0,48.39,4.84,Medium,497.52,13.67
Container,Large,198.46,88.0,6.82,46.03,5.63,Medium,36.77,8.94
Container,Small,20.51,91.0,34.09,17.98,6.87,Medium,230.77,2.96
Cargo,Medium,76.11,78.0,34.72,38.99,16.96,High,439.19,4.18
Container,Small,34.51,88.0,26.96,46.07,7.09,Medium,409.69,4.52
Cargo,Medium,54.05,76.0,26.57,13.05,5.72,Medium,235.59,7.79
Cargo,Medium,63.24,66.0,23.91,41.51,5.27,Medium,305.42,8.1
Passenger,Small,29.23,76.0,8.12,13.39,1.99,Low,314.85,8.08
Container,Medium,92.85,83.0,17.13,17.16,6.9,Medium,54.91,6.26
Passenger,Large,141.45,98.0,27.84,9.94,8.28,Medium,142.45,9.41
Tanker,Large,103.32,63.0,21.49,25.35,10.22,Medium,150.49,9.3
Cargo,Small,26.61,80.0,0.74,42.17,2.28,Low,189.06,6.58
Container,Small,36.4,73.0,38.14,26.4,19.91,High,136.96,0.0
Container,Large,172.86,80.0,33.79,6.17,4.36,Medium,125.75,9.41
Cargo,Large,146.19,61.0,10.42,12.59,1.93,Low,177.39,15.61
Tanker,Large,125.19,73.0,24.66,28.14,10.79,Medium,189.61,9.42
Container,Small,34.09,93.0,36.93,29.16,18.26,High,243.61,0.0
Passenger,Medium,57.64,82.0,3.84,28.85,3.05,Low,86.77,10.99
Container,Small,44.61,78.0,20.12,3.85,6.15,Medium,394.17,5.64
Tanker,Small,21.53,71.0,18.25,37.68,5.68,Medium,430.33,5.47
Container,Medium,79.2,72.0,16.41,45.47,4.0,Medium,124.08,6.71
Passenger,Medium,68.95,75.0,33.42,25.53,11.43,High,61.65,1.29
Container,Small,26.21,93.0,15.23,35.94,6.22,Medium,361.16,4.91
Container,Large,102.26,99.0,2.55,45.7,2.89,Low,462.12,18.09
Passenger,Large,115.78,78.0,2.63,32.13,2.48,Low,17.57,13.95
Passenger,Medium,55.7,76.0,1.71,33.72,2.36,Low,7.22,10.28
Container,Medium,97.76,94.0,16.37,36.07,8.03,Medium,91.71,6.17
Container,Small,23.7,77.0,28.74,13.03,6.55,Medium,342.4,4.47
Tanker,Large,165.14,82.0,8.15,29.13,4.18,Low,482.39,18.22
Container,Small,32.29,69.0,25.86,42.11,6.23,Medium,375.19,4.39
Cargo,Large,116.32,90.0,27.48,14.81,4.83,Medium,286.52,11.11
Tanker,Medium,81.66,81.0,10.21,44.86,6.47,Medium,350.27,9.05
Container,Medium,68.54,92.0,24.02,31.02,10.62,Medium,115.35,5.87
Tanker,Medium,87.5,91.0,27.39,21.16,12.21,Medium,344.28,8.03
Cargo,Large,117.9,69.0,18.66,31.16,4.56,Medium,160.72,9.99
Tanker,Medium,93.16,89.0,13.47,20.09,7.28,Medium,111.21,6.91
Container,Small,28.44,92.0,24.77,41.9,5.89,Medium,118.28,1.92
Passenger,Large,174.52,74.0,39.11,24.12,18.73,High,333.89,5.03
Container,Medium,67.39,67.0,17.07,45.06,6.37,Medium,383.61,9.04
Tanker,Large,153.44,60.0,15.67,25.49,3.5,Low,290.9,16.07
Tanker,Medium,71.01,78.0,18.57,33.02,5.64,Medium,31.93,5.77
Cargo,Small,41.23,74.0,3.05,49.89,3.02,Low,19.0,4.54
Cargo,Medium,99.6,82.0,22.13,7.35,6.92,Medium,108.58,6.74
Container,Medium,55.69,68.0,13.15,36.84,8.15,Medium,143.23,6.82
Cargo,Small,48.66,94.0,4.86,6.94,1.47,Low,202.41,7.3
Passenger,Large,131.2,70.0,18.65,41.94,8.53,Medium,38.01,8.16
Cargo,Medium,94.91,69.0,0.14,29.82,1.55,Low,362.58,14.07
Cargo,Large,157.64,79.0,16.07,46.91,8.0,Medium,355.75,11.42
Cargo,Medium,62.1,80.0,4.23,43.3,3.2,Low,173.34,11.54
Cargo,Small,31.75,69.0,0.97,3.74,0.67,Low,281.5,8.42
Cargo,Small,26.95,71.0,32.98,6.87,6.11,Medium,50.46,1.51
Cargo,Large,110.09,67.0,36.65,30.06,12.84,High,207.61,4.36
Cargo,Large,198.97,89.0,8.31,25.92,4.78,Low,428.78,17.68
Cargo,Medium,73.78,91.0,21.57,8.43,2.58,Low,330.31,13.0
Container,Large,128.85,78.0,11.12,6.47,4.56,Low,51.97,14.18
Passenger,Large,150.18,89.0,19.74,28.2,5.49,Medium,423.79,12.54
Cargo,Small,32.73,89.0,17.47,2.45,3.06,Low,340.35,7.98
Passenger,Small,29.62,66.0,10.76,43.69,4.44,Medium,226.53,3.81
Container,Large,143.2,99.0,28.02,40.35,15.66,High,346.05,5.69
Cargo,Small,49.48,93.0,5.06,39.27,4.27,Low,86.41,5.2
Container,Large,153.39,68.0,2.12,0.8,0.43,Low,275.24,17.39
Container,Large,146.54,67.0,30.71,2.38,4.63,Medium,308.96,11.44
Passenger,Small,36.18,65.0,26.64,27.49,7.92,Medium,463.87,5.36
Cargo,Medium,81.71,66.0,19.94,49.72,9.2,Medium,33.45,5.02
Passenger,Medium,64.0,90.0,18.71,17.12,9.22,Medium,187.39,7.27
Cargo,Large,177.04,79.0,19.9,17.22,10.54,Medium,468.41,12.69
Tanker,Small,29.47,91.0,17.48,6.71,7.34,Medium,108.61,2.74
Tanker,Medium,59.01,90.0,15.72,33.72,7.02,Medium,406.6,9.5
Cargo,Medium,96.06,84.0,19.99,32.33,4.75,Medium,0.8,5.49
Passenger,Large,144.08,87.0,21.14,5.07,2.99,Low,12.94,13.47
Container,Medium,55.81,61.0,27.68,23.37,10.54,Medium,163.81,6.33
Tanker,Medium,56.51,72.0,28.45,33.35,10.65,Medium,384.25,8.29
Tanker,Small,34.32,86.0,15.11,24.68,7.86,Medium,52.07,1.89
Passenger,Large,100.97,60.0,16.54,33.72,5.47,Medium,191.43,10.27
Container,Small,22.11,61.0,14.95,40.81,3.77,Medium,65.73,2.12
Container,Small,21.59,94.0,21.46,34.29,7.5,Medium,111.8,2.01
Container,Medium,67.73,87.0,18.13,30.81,10.38,Medium,251.5,7.55
Tanker,Large,102.37,71.0,35.58,42.68,17.01,High,159.57,3.26
Cargo,Small,48.17,88.0,27.85,45.03,5.41,Medium,105.96,1.63
Container,Small,45.62,92.0,35.95,19.44,17.14,High,196.75,0.0
Tanker,Large,100.76,72.0,28.37,8.66,8.62,Medium,350.53,11.45
Container,Large,138.45,61.0,38.84,40.89,11.6,High,59.71,2.68
Cargo,Large,123.82,97.0,25.43,10.69,6.6,Medium,239.8,10.65
Cargo,Small,44.85,74.0,38.54,46.45,15.35,High,137.36,0.0
Cargo,Large,149.84,64.0,6.33,1.14,2.03,Low,189.31,16.15
Container,Large,127.54,80.0,2.1,46.06,3.06,Low,410.78,17.58
Passenger,Medium,92.35,91.0,23.17,29.46,9.11,Medium,464.86,9.59
Container,Medium,68.75,69.0,39.34,38.74,8.14,Medium,121.49,5.26
Cargo,Small,21.59,71.0,16.7,19.92,4.38,Low,314.99,7.28
Cargo,Small,31.57,70.0,8.48,49.59,6.18,Medium,338.34,4.75
Tanker,Medium,92.43,100.0,20.86,11.38,8.19,Medium,421.24,9.72
Cargo,Small,41.2,68.0,25.95,13.22,7.91,Medium,449.52,5.54
Passenger,Large,113.51,83.0,12.61,2.57,2.31,Low,234.0,16.23
Cargo,Medium,66.81,97.0,28.59,47.02,5.3,Medium,491.29,9.61
Tanker,Small,40.37,66.0,39.0,22.8,9.91,Medium,485.41,4.86
Cargo,Medium,80.69,99.0,35.88,33.74,6.06,Medium,253.23,7.06
Container,Small,39.6,98.0,11.66,34.37,5.13,Medium,271.02,4.33
Cargo,Medium,82.62,95.0,13.07,43.73,7.79,Medium,333.87,8.63
Container,Small,32.01,69.0,14.86,33.25,4.84,Medium,186.91,3.38
Cargo,Large,185.53,85.0,15.78,28.1,8.33,Medium,331.02,11.53
Cargo,Medium,76.35,90.0,4.01,35.52,3.31,Low,257.14,12.53
Container,Large,150.59,99.0,30.48,37.55,6.45,Medium,17.72,7.66
Passenger,Large,172.06,67.0,14.61,9.3,5.69,Low,426.36,17.58
Cargo,Large,194.42,91.0,35.19,5.48,5.93,Medium,470.22,12.64
Cargo,Large,192.43,74.0,37.08,3.74,13.61,High,13.11,2.84
Passenger,Medium,89.8,67.0,0.98,18.7,1.09,Low,394.63,14.61
Passenger,Large,127.82,77.0,39.54,24.9,11.41,High,192.91,4.31
Passenger,Small,25.58,92.0,28.4,30.78,10.82,Medium,292.82,3.21
Container,Small,44.57,79.0,20.82,47.9,4.9,Medium,250.0,3.41
Tanker,Small,45.52,82.0,15.58,16.54,3.34,Low,275.66,7.11
Cargo,Large,187.84,100.0,20.74,38.04,6.63,Medium,247.59,10.42
Passenger,Medium,95.99,76.0,12.98,26.57,5.03,Medium,426.69,10.18
Tanker,Small,38.85,85.0,24.91,11.0,11.59,Medium,341.75,4.19
Tanker,Medium,57.46,75.0,3.72,30.77,2.19,Low,206.32,12.24
Tanker,Large,181.79,76.0,24.84,48.36,8.35,Medium,344.28,10.8
Container,Small,21.53,88.0,11.01,6.22,3.51,Low,482.52,9.6
Passenger,Medium,55.1,98.0,0.71,25.36,1.42,Low,40.15,10.92
Passenger,Large,156.48,82.0,22.11,2.58,7.87,Medium,194.04,10.4
Container,Small,28.28,91.0,23.14,16.06,5.49,Medium,435.23,5.73
Passenger,Small,29.86,64.0,17.06,31.03,8.53,Medium,369.53,4.77
Passenger,Large,131.67,68.0,2.89,42.05,2.98,Low,467.46,18.19
Tanker,Small,31.77,80.0,35.73,36.52,6.63,Medium,19.9,0.42
Cargo,Small,45.55,61.0,24.46,23.14,9.74,Medium,431.39,5.05
Passenger,Large,171.94,70.0,4.63,45.46,3.79,Low,395.9,17.24
Passenger,Large,105.34,81.0,20.44,15.14,5.57,Medium,407.52,12.59
Container,Medium,81.91,61.0,19.89,37.7,3.96,Medium,298.63,8.44
Passenger,Medium,54.08,71.0,2.42,23.7,1.62,Low,25.96,10.7
Cargo,Large,137.43,81.0,24.27,44.93,8.61,Medium,269.56,10.12
Passenger,Large,122.47,83.0,32.33,39.87,7.81,Medium,203.88,9.24
Cargo,Large,124.43,97.0,29.96,45.07,12.17,High,263.52,5.02
Cargo,Small,42.91,86.0,8.12,10.71,3.66,Low,370.15,8.52
Container,Small,33.28,77.0,34.49,33.41,16.93,High,297.98,0.0
Tanker,Medium,73.02,97.0,13.7,36.92,6.76,Medium,146.28,6.96
Cargo,Medium,74.83,91.0,37.86,37.12,16.08,High,299.75,2.75
Cargo,Small,26.82,68.0,2.87,25.2,2.25,Low,41.57,5.34
Cargo,Medium,56.88,65.0,19.45,0.56,9.64,Medium,2.68,5.68
Cargo,Small,31.46,87.0,23.88,13.07,5.53,Medium,200.76,3.4
Cargo,Small,32.66,82.0,9.91,16.17,2.85,Low,378.59,8.48
Passenger,Medium,74.54,92.0,30.86,42.6,6.78,Medium,411.32,8.64
Cargo,Large,108.78,90.0,25.08,42.04,9.48,Medium,274.92,10.11
Passenger,Large,127.1,85.0,0.72,5.23,0.36,Low,434.0,18.96
Cargo,Small,28.91,99.0,24.33,47.49,7.44,Medium,62.96,1.12
Tanker,Small,21.02,81.0,19.66,9.12,6.22,Medium,482.05,6.43
Container,Large,123.25,65.0,7.84,20.72,4.82,Low,460.88,18.12
Container,Medium,98.59,93.0,39.83,10.76,19.88,High,299.62,2.8
Cargo,Small,29.57,70.0,35.89,43.02,16.42,High,29.36,0.0
Tanker,Medium,69.2,91.0,11.7,37.47,4.87,Medium,227.1,8.05
Passenger,Medium,90.94,98.0,21.64,17.68,10.54,Medium,89.64,6.01
Passenger,Large,171.79,88.0,12.66,34.09,7.4,Medium,314.21,11.49
Cargo,Small,30.69,84.0,31.02,9.22,14.86,High,94.98,0.0
Tanker,Small,32.75,78.0,37.21,19.11,14.2,High,240.9,0.0
Tanker,Large,131.37,75.0,14.35,18.86,3.54,Low,102.81,14.38
Tanker,Small,32.69,74.0,32.22,11.9,4.99,Medium,90.92,1.96
Tanker,Small,49.35,85.0,19.94,43.82,11.48,Medium,123.96,1.62
Container,Large,116.46,90.0,15.86,33.94,3.64,Medium,14.6,8.71
Cargo,Small,40.45,87.0,37.54,14.0,8.9,Medium,358.06,3.93
Tanker,Large,190.37,68.0,20.42,12.11,6.63,Medium,153.36,10.01
Cargo,Medium,65.8,80.0,18.7,0.9,2.08,Low,349.05,13.53
Container,Small,42.02,92.0,26.9,17.33,13.31,High,326.74,1.24
Tanker,Small,36.0,79.0,10.45,26.34,3.56,Low,33.06,4.73
Cargo,Medium,66.22,81.0,12.99,13.89,2.14,Low,156.02,11.62
Tanker,Small,49.25,91.0,37.28,35.02,20.3,High,283.43,0.0
Passenger,Large,192.85,86.0,27.14,20.59,7.12,Medium,459.2,12.51
Cargo,Medium,87.44,76.0,33.07,15.82,15.7,High,200.66,2.47
Cargo,Medium,62.06,96.0,10.84,46.95,5.4,Medium,252.4,8.1
Cargo,Medium,63.82,67.0,21.75,13.14,8.6,Medium,375.08,9.14
Passenger,Large,160.06,100.0,38.86,19.91,8.63,Medium,401.65,11.21
Cargo,Medium,86.14,65.0,12.75,19.11,4.8,Low,461.67,14.32
Container,Large,121.59,61.0,6.42,12.06,1.91,Low,248.59,16.53
Tanker,Medium,69.15,96.0,20.44,10.87,10.36,Medium,96.92,6.29
Cargo,Medium,74.86,70.0,15.51,15.12,2.69,Low,382.21,13.68
Container,Small,47.02,89.0,6.38,43.21,3.5,Low,62.79,4.89
Container,Small,34.84,92.0,35.54,38.35,18.17,High,209.17,0.0
Tanker,Small,24.57,94.0,39.63,34.05,13.28,High,314.11,0.15
Container,Large,167.13,100.0,22.74,22.86,8.88,Medium,345.93,11.38
Cargo,Medium,64.16,72.0,30.99,25.39,12.45,High,366.51,4.36
Cargo,Medium,95.62,88.0,34.36,13.36,5.08,Medium,96.77,6.07
Passenger,Small,32.99,65.0,28.04,3.72,3.19,Low,490.82,8.91
Container,Large,113.51,76.0,1.77,16.55,1.67,Low,89.21,15.11
Container,Large,156.84,94.0,6.31,24.78,2.56,Low,48.04,14.21
Tanker,Small,34.12,75.0,2.84,2.87,0.86,Low,332.03,8.83
Cargo,Medium,69.49,84.0,0.4,4.41,0.37,Low,455.0,15.6
Cargo,Small,27.02,80.0,12.24,13.15,3.04,Low,279.69,7.42
Passenger,Small,27.42,86.0,15.69,18.35,7.09,Medium,297.74,4.52
Tanker,Small,22.56,99.0,9.64,19.67,3.71,Low,269.24,7.25
Passenger,Small,38.38,62.0,2.58,5.89,1.44,Low,21.37,5.62
Cargo,Medium,70.32,83.0,21.19,11.29,5.04,Medium,340.66,9.22
Tanker,Large,127.54,95.0,10.93,13.08,2.64,Low,179.1,15.52
Cargo,Medium,74.15,79.0,31.84,3.38,13.95,High,467.84,5.62
Container,Small,23.52,63.0,0.32,16.3,0.89,Low,93.4,6.3
Container,Medium,84.85,82.0,33.7,3.61,9.1,Medium,151.06,6.44
Tanker,Small,29.5,73.0,38.19,35.17,17.7,High,252.43,0.0
Cargo,Large,113.24,66.0,28.65,19.3,11.11,Medium,238.68,9.86
Cargo,Small,39.33,94.0,29.35,16.34,8.94,Medium,200.15,2.71
Passenger,Small,45.55,81.0,37.34,6.33,7.78,Medium,157.2,2.2
Container,Small,27.8,97.0,8.36,11.33,3.96,Low,73.59,5.5
Container,Small,35.38,92.0,39.78,11.64,7.43,Medium,410.46,4.54
Tanker,Large,105.49,88.0,30.94,49.26,17.05,High,224.38,4.01
Passenger,Medium,78.17,60.0,29.06,41.77,6.74,Medium,286.48,7.5
Cargo,Small,21.59,77.0,14.44,0.76,6.13,Low,273.28,7.18
Tanker,Medium,80.04,68.0,21.83,30.84,7.43,Medium,287.74,8.03
Tanker,Large,139.94,96.0,26.16,12.8,5.2,Medium,352.42,11.84
Tanker,Large,175.86,67.0,24.81,5.22,6.74,Medium,314.69,11.53
Cargo,Medium,93.88,71.0,28.2,35.28,7.08,Medium,136.95,6.15
Container,Large,199.4,81.0,3.3,6.58,0.84,Low,276.85,17.19
Cargo,Medium,71.22,71.0,14.23,22.19,3.89,Low,122.26,10.88
Container,Small,42.6,68.0,17.36,31.61,9.34,Medium,294.42,3.91
Tanker,Small,20.99,84.0,10.43,27.72,2.87,Low,215.97,6.6
Tanker,Medium,82.12,64.0,6.91,48.88,5.82,Medium,19.71,5.89
Cargo,Large,184.05,62.0,5.56,39.29,2.53,Low,366.99,17.15
Cargo,Medium,78.68,75.0,14.66,38.71,7.26,Medium,137.33,6.74
Container,Small,20.88,89.0,19.74,17.78,9.63,Medium,460.1,5.7
Tanker,Large,105.72,82.0,2.52,0.42,1.21,Low,140.28,15.95
Cargo,Large,129.74,77.0,37.86,36.72,7.8,Medium,498.31,11.98
Tanker,Medium,56.77,83.0,30.61,49.99,14.11,High,231.48,2.37
Passenger,Small,29.91,75.0,29.23,20.29,5.19,Medium,13.2,1.15
Tanker,Large,125.42,97.0,6.91,49.28,4.13,Medium,38.13,9.04
Cargo,Large,179.96,62.0,24.15,7.09,9.84,Medium,41.04,8.48
Passenger,Small,29.2,87.0,21.19,14.83,5.79,Medium,28.11,1.75
Container,Small,25.24,96.0,39.3,8.54,9.28,Medium,133.89,1.68
Tanker,Large,161.09,92.0,29.91,23.76,5.57,Medium,162.29,9.5
Cargo,Small,27.49,67.0,23.03,39.85,4.91,Medium,55.64,1.52
Cargo,Large,162.01,72.0,34.03,17.03,5.82,Medium,219.07,9.97
Tanker,Small,30.82,89.0,6.2,45.31,5.06,Medium,182.68,3.5
Container,Medium,82.33,63.0,0.61,27.24,1.43,Low,318.16,13.66
Container,Small,28.98,92.0,27.61,23.27,11.58,Medium,97.93,1.38
Tanker,Small,25.48,89.0,3.93,39.35,3.57,Low,456.99,9.03
Container,Large,156.84,89.0,4.62,5.07,1.76,Low,258.0,16.87
Cargo,Medium,74.12,64.0,29.79,38.69,13.62,High,311.87,3.49
Passenger,Small,46.39,89.0,10.82,12.15,4.51,Low,19.76,4.76
Container,Medium,59.3,87.0,25.15,14.04,7.8,Medium,279.54,8.08
Tanker,Large,136.04,93.0,36.7,29.97,10.79,High,184.05,4.33
Passenger,Large,167.19,62.0,12.66,45.1,8.29,Medium,462.09,12.66
Container,Medium,56.56,61.0,8.69,28.92,5.69,Medium,442.82,10.45
Container,Large,114.12,75.0,4.26,32.45,3.16,Low,318.82,16.81
Tanker,Small,22.52,66.0,5.22,38.83,2.88,Low,383.93,8.31
Container,Large,104.26,82.0,2.49,12.97,1.34,Low,322.3,17.51
Passenger,Large,162.72,97.0,3.51,41.36,3.12,Low,8.48,13.57
Cargo,Large,140.55,76.0,17.28,20.9,8.01,Medium,351.56,11.83
Passenger,Large,118.56,94.0,12.83,8.78,5.15,Low,88.55,14.35
Container,Small,34.49,60.0,28.26,17.51,9.52,Medium,341.29,4.1
Tanker,Small,35.2,67.0,34.81,12.31,13.57,High,5.25,0.0
Passenger,Small,34.09,61.0,31.39,11.44,4.01,Medium,155.45,2.76
Tanker,Small,29.76,73.0,21.23,14.13,9.42,Medium,258.46,3.7
Tanker,Large,112.11,96.0,4.1,9.05,1.21,Low,166.59,15.96
Tanker,Large,120.0,64.0,28.39,33.39,11.96,High,346.99,6.19
Container,Small,28.26,84.0,14.51,29.0,3.56,Low,261.35,6.75
Passenger,Medium,90.49,78.0,3.43,32.42,2.12,Low,479.83,14.97
Container,Medium,81.04,98.0,33.7,17.19,4.71,Medium,178.91,6.89
Passenger,Large,146.82,65.0,13.53,38.49,8.2,Medium,360.93,11.74
Passenger,Medium,86.73,68.0,8.73,6.48,3.31,Low,417.92,14.48
Tanker,Large,121.98,61.0,34.86,28.56,9.96,Medium,126.81,8.36
Cargo,Large,194.43,77.0,36.09,13.77,15.67,High,377.07,6.12
Tanker,Large,172.8,71.0,13.56,26.38,6.07,Medium,196.66,10.55
Tanker,Medium,86.0,95.0,14.19,16.18,5.75,Medium,64.36,6.64
Cargo,Small,42.3,84.0,23.19,39.53,8.81,Medium,1.82,0.59
Container,Small,45.65,85.0,29.34,44.56,5.26,Medium,371.88,4.23
Passenger,Large,127.28,81.0,2.53,37.13,2.37,Low,93.12,14.63
Passenger,Medium,57.21,64.0,23.73,8.78,3.85,Low,25.6,9.71
Tanker,Medium,66.79,78.0,38.11,13.74,14.6,High,248.6,2.85
Cargo,Large,154.81,100.0,10.48,45.97,4.39,Medium,173.35,10.25
Tanker,Large,141.62,93.0,36.35,21.86,11.27,High,345.9,6.08
Cargo,Medium,86.43,96.0,38.01,47.06,11.53,High,53.68,0.54
Container,Medium,58.7,93.0,10.77,19.62,2.67,Low,66.33,10.67
Cargo,Medium,92.85,64.0,30.17,47.59,16.96,High,202.05,1.86
Container,Large,158.83,69.0,9.55,46.29,6.84,Medium,260.2,10.91
Cargo,Large,121.83,60.0,29.5,33.03,5.6,Medium,412.1,11.83
Cargo,Small,48.49,72.0,31.9,0.44,13.77,High,292.81,0.95
Container,Large,162.71,64.0,9.89,20.02,3.92,Low,451.3,18.03
Container,Large,137.03,79.0,28.63,45.56,14.0,High,108.88,3.35
Container,Medium,82.62,87.0,32.48,44.26,7.42,Medium,298.11,7.33
Passenger,Medium,52.64,95.0,14.34,9.37,2.66,Low,327.62,13.31
Cargo,Large,140.92,90.0,6.71,19.96,4.06,Low,362.9,17.29
Tanker,Medium,92.42,98.0,3.68,41.78,3.78,Low,494.33,14.75
Passenger,Small,45.27,62.0,23.02,28.89,8.04,Medium,234.02,3.21
Passenger,Large,129.03,60.0,39.12,42.36,19.65,High,184.66,3.08
Tanker,Small,41.17,86.0,32.92,41.33,14.15,High,426.1,1.37
Container,Medium,90.81,72.0,17.43,45.37,5.3,Medium,88.4,6.18
Cargo,Small,28.35,70.0,21.46,5.86,5.26,Medium,18.51,1.87
Cargo,Medium,78.37,73.0,11.18,7.26,2.09,Low,221.79,12.5
Tanker,Large,164.01,71.0,6.52,4.14,2.88,Low,123.6,15.34
Container,Medium,86.83,80.0,19.28,46.76,11.86,High,198.26,2.9
Passenger,Medium,87.62,78.0,18.54,23.76,7.09,Medium,493.04,10.42
Passenger,Large,161.6,80.0,20.88,3.22,7.73,Medium,174.24,10.26
Passenger,Medium,65.68,87.0,38.11,16.08,15.99,High,353.98,3.71
Tanker,Medium,67.92,75.0,24.16,17.57,5.46,Medium,125.2,6.75
Cargo,Medium,84.79,70.0,24.23,40.48,7.7,Medium,151.71,6.33
Passenger,Medium,64.69,67.0,5.12,36.77,3.19,Low,121.58,11.11
Cargo,Small,24.25,74.0,39.86,34.47,15.19,High,286.08,0.0
Passenger,Medium,82.08,90.0,30.91,1.09,13.66,Medium,113.05,5.8
Tanker,Medium,57.04,90.0,35.09,45.53,9.35,High,359.18,3.99
Passenger,Small,42.88,87.0,16.57,10.78,5.32,Low,340.14,7.63
Tanker,Medium,53.55,69.0,20.09,31.45,9.62,Medium,210.63,7.11
Container,Medium,82.88,84.0,20.88,3.09,2.97,Low,12.79,9.93
Container,Large,173.6,83.0,7.76,4.08,2.57,Low,11.33,14.19
Cargo,Medium,90.43,79.0,27.58,0.48,4.37,Low,266.4,12.04
Cargo,Large,135.94,82.0,36.12,28.3,12.82,High,419.6,6.54
Tanker,Medium,86.68,80.0,6.55,31.47,4.24,Low,299.44,12.81
Tanker,Small,43.49,83.0,3.45,2.52,0.8,Low,217.83,7.68
Tanker,Medium,82.52,89.0,29.53,14.52,13.71,High,441.06,5.27
Cargo,Small,45.0,64.0,10.93,42.57,4.69,Medium,98.5,2.52
Cargo,Medium,52.53,90.0,24.95,5.07,4.65,Medium,179.71,7.58
Passenger,Large,172.75,65.0,27.83,10.83,8.5,Medium,282.65,10.77
Passenger,Large,150.23,63.0,12.88,21.22,6.86,Medium,145.83,10.1
Passenger,Medium,83.29,99.0,32.61,42.11,6.27,Medium,498.86,9.49
Tanker,Small,34.99,98.0,22.0,12.74,5.72,Medium,226.16,3.73
Cargo,Small,26.55,62.0,34.76,49.86,15.05,High,25.86,0.0
Passenger,Medium,51.67,78.0,30.53,17.76,8.31,Medium,88.04,5.77
Container,Large,184.85,67.0,34.74,19.32,5.42,Medium,266.24,10.4
Passenger,Small,22.45,79.0,0.81,6.11,0.49,Low,275.03,8.34
Container,Large,173.69,93.0,9.74,34.01,5.87,Medium,492.07,13.57
Cargo,Large,134.88,98.0,3.6,12.17,2.36,Low,299.98,17.14
Container,Large,119.68,85.0,17.68,31.44,3.62,Medium,333.31,11.86
Tanker,Large,102.88,74.0,35.6,11.16,12.22,High,106.86,3.84
Passenger,Medium,57.71,84.0,18.7,19.39,3.63,Low,53.43,10.05
Tanker,Large,197.67,72.0,33.99,42.83,14.79,High,301.01,4.97
Container,Small,33.88,96.0,13.09,36.95,3.2,Low,432.44,8.41
Cargo,Large,114.45,95.0,13.58,7.73,1.82,Low,293.69,16.72
Tanker,Medium,55.74,82.0,35.82,30.39,16.23,High,221.39,2.19
Tanker,Medium,91.22,73.0,17.03,31.43,3.78,Medium,289.1,8.63
Cargo,Large,168.22,72.0,31.59,4.53,7.24,Medium,234.39,10.35
Tanker,Large,111.71,61.0,9.47,23.29,5.74,Low,70.94,14.0
Tanker,Small,37.84,93.0,37.95,13.03,19.4,High,370.59,0.61
Tanker,Small,41.57,78.0,22.98,23.36,4.95,Medium,266.52,3.95
Container,Small,43.17,73.0,30.37,38.85,11.79,High,199.66,0.0
Container,Small,24.05,79.0,3.58,7.91,1.55,Low,279.82,8.11
Passenger,Large,142.93,93.0,19.71,6.17,5.85,Medium,120.61,9.91
Passenger,Medium,66.13,65.0,36.04,13.47,17.61,High,213.98,2.31
Cargo,Medium,78.62,94.0,35.08,47.61,16.47,High,311.22,2.76
Cargo,Small,38.52,96.0,1.87,37.39,2.63,Low,113.1,5.83
Cargo,Medium,86.22,98.0,12.15,0.97,2.57,Low,374.5,14.06
Cargo,Small,27.59,76.0,17.73,20.05,5.86,Medium,260.51,4.13
Passenger,Large,196.11,69.0,6.89,12.87,2.68,Low,430.85,18.24
